year,stateabbr,statedesc,countyname,countyfips,locationname,datasource,category,measure,data_value_unit,data_value_type,data_value,low_confidence_limit,high_confidence_limit,totalpopulation,totalpop18plus,geolocation,locationid,categoryid,measureid,datavaluetypeid,short_question_text
2023,NC,North Carolina,Beaufort,37013,37013930502,BRFSS,Health Risk Behaviors,No leisure-time physical activity among adults,%,Crude prevalence,26.0,21.2,31.5,3422,2719,"{'type': 'Point', 'coordinates': [-76.967802, 35.5499701]}",37013930502,RISKBEH,LPA,CrdPrv,Physical Inactivity
2023,NC,North Carolina,Buncombe,37021,37021001602,BRFSS,Health Risk Behaviors,No leisure-time physical activity among adults,%,Crude prevalence,20.1,16.3,24.0,3480,3011,"{'type': 'Point', 'coordinates': [-82.5631461, 35.6595008]}",37021001602,RISKBEH,LPA,CrdPrv,Physical Inactivity
2023,NC,North Carolina,Carteret,37031,37031970101,BRFSS,Health Risk Behaviors,No leisure-time physical activity among adults,%,Crude prevalence,27.0,22.4,32.2,863,752,"{'type': 'Point', 'coordinates': [-76.3524929, 34.8896386]}",37031970101,RISKBEH,LPA,CrdPrv,Physical Inactivity
2023,NC,North Carolina,Ashe,37009,37009970400,BRFSS,Health Risk Behaviors,No leisure-time physical activity among adults,%,Crude prevalence,28.4,23.3,33.9,4360,3573,"{'type': 'Point', 'coordinates': [-81.5603804, 36.4436205]}",37009970400,RISKBEH,LPA,CrdPrv,Physical Inactivity
2023,NC,North Carolina,Bertie,37015,37015960200,BRFSS,Health Risk Behaviors,No leisure-time physical activity among adults,%,Crude prevalence,32.4,27.2,37.7,3232,2580,"{'type': 'Point', 'coordinates': [-77.0430465, 36.1462992]}",37015960200,RISKBEH,LPA,CrdPrv,Physical Inactivity
2023,NC,North Carolina,Burke,37023,37023020204,BRFSS,Health Risk Behaviors,No leisure-time physical activity among adults,%,Crude prevalence,26.6,22.0,31.7,2792,2264,"{'type': 'Point', 'coordinates': [-81.8008585, 35.8039948]}",37023020204,RISKBEH,LPA,CrdPrv,Physical Inactivity
2023,NC,North Carolina,Alamance,37001,37001021400,BRFSS,Health Risk Behaviors,No leisure-time physical activity among adults,%,Crude prevalence,24.2,19.6,29.1,2668,2173,"{'type': 'Point', 'coordinates': [-79.4059533, 36.200065]}",37001021400,RISKBEH,LPA,CrdPrv,Physical Inactivity
2023,NC,North Carolina,Brunswick,37019,37019020304,BRFSS,Health Risk Behaviors,No leisure-time physical activity among adults,%,Crude prevalence,19.6,14.8,24.8,8816,8392,"{'type': 'Point', 'coordinates': [-78.1053801, 33.9437461]}",37019020304,RISKBEH,LPA,CrdPrv,Physical Inactivity
2023,NC,North Carolina,Buncombe,37021,37021001801,BRFSS,Health Risk Behaviors,No leisure-time physical activity among adults,%,Crude prevalence,24.9,20.4,30.0,3512,2971,"{'type': 'Point', 'coordinates': [-82.5226018, 35.6121842]}",37021001801,RISKBEH,LPA,CrdPrv,Physical Inactivity
2023,NC,North Carolina,Beaufort,37013,37013931001,BRFSS,Health Risk Behaviors,No leisure-time physical activity among adults,%,Crude prevalence,29.2,24.5,34.0,2599,1974,"{'type': 'Point', 'coordinates': [-77.1378598, 35.4529722]}",37013931001,RISKBEH,LPA,CrdPrv,Physical Inactivity
2023,NC,North Carolina,Buncombe,37021,37021002102,BRFSS,Health Risk Behaviors,No leisure-time physical activity among adults,%,Crude prevalence,23.0,19.0,27.9,5650,4474,"{'type': 'Point', 'coordinates': [-82.5161929, 35.5419974]}",37021002102,RISKBEH,LPA,CrdPrv,Physical Inactivity
2023,NC,North Carolina,Anson,37007,37007920600,BRFSS,Health Risk Behaviors,No leisure-time physical activity among adults,%,Crude prevalence,35.0,29.7,40.4,3481,2837,"{'type': 'Point', 'coordinates': [-80.1191723, 34.8573699]}",37007920600,RISKBEH,LPA,CrdPrv,Physical Inactivity
2023,NC,North Carolina,Bladen,37017,37017950501,BRFSS,Health Risk Behaviors,No leisure-time physical activity among adults,%,Crude prevalence,23.9,19.5,29.0,2278,1813,"{'type': 'Point', 'coordinates': [-78.7460135, 34.567994]}",37017950501,RISKBEH,LPA,CrdPrv,Physical Inactivity
2023,NC,North Carolina,Cabarrus,37025,37025042000,BRFSS,Health Risk Behaviors,No leisure-time physical activity among adults,%,Crude prevalence,26.3,21.6,31.4,5698,4191,"{'type': 'Point', 'coordinates': [-80.6155081, 35.3758415]}",37025042000,RISKBEH,LPA,CrdPrv,Physical Inactivity
2023,NC,North Carolina,Buncombe,37021,37021002305,BRFSS,Health Risk Behaviors,No leisure-time physical activity among adults,%,Crude prevalence,17.7,14.5,21.1,5967,4850,"{'type': 'Point', 'coordinates': [-82.6558325, 35.5074363]}",37021002305,RISKBEH,LPA,CrdPrv,Physical Inactivity
2023,NC,North Carolina,Brunswick,37019,37019020203,BRFSS,Health Risk Behaviors,No leisure-time physical activity among adults,%,Crude prevalence,22.4,18.6,26.6,2396,1896,"{'type': 'Point', 'coordinates': [-78.0798768, 34.1352149]}",37019020203,RISKBEH,LPA,CrdPrv,Physical Inactivity
2023,NC,North Carolina,Brunswick,37019,37019020407,BRFSS,Health Risk Behaviors,No leisure-time physical activity among adults,%,Crude prevalence,22.0,17.3,27.1,1918,1708,"{'type': 'Point', 'coordinates': [-78.2771826, 33.9247774]}",37019020407,RISKBEH,LPA,CrdPrv,Physical Inactivity
2023,NC,North Carolina,Catawba,37035,37035010404,BRFSS,Health Risk Behaviors,No leisure-time physical activity among adults,%,Crude prevalence,23.9,19.3,29.0,2541,2078,"{'type': 'Point', 'coordinates': [-81.3124947, 35.753099]}",37035010404,RISKBEH,LPA,CrdPrv,Physical Inactivity
2023,NC,North Carolina,Alamance,37001,37001020502,BRFSS,Health Risk Behaviors,No leisure-time physical activity among adults,%,Crude prevalence,31.9,26.8,36.7,4299,3101,"{'type': 'Point', 'coordinates': [-79.4515972, 36.1143709]}",37001020502,RISKBEH,LPA,CrdPrv,Physical Inactivity
2023,NC,North Carolina,Buncombe,37021,37021000900,BRFSS,Health Risk Behaviors,No leisure-time physical activity among adults,%,Crude prevalence,30.4,25.4,35.9,3552,2967,"{'type': 'Point', 'coordinates': [-82.5582858, 35.5787019]}",37021000900,RISKBEH,LPA,CrdPrv,Physical Inactivity
2023,NC,North Carolina,Cabarrus,37025,37025042201,BRFSS,Health Risk Behaviors,No leisure-time physical activity among adults,%,Crude prevalence,24.7,20.5,29.3,3033,2303,"{'type': 'Point', 'coordinates': [-80.5671878, 35.3804571]}",37025042201,RISKBEH,LPA,CrdPrv,Physical Inactivity
2023,NC,North Carolina,Carteret,37031,37031970301,BRFSS,Health Risk Behaviors,No leisure-time physical activity among adults,%,Crude prevalence,25.2,20.6,30.3,4689,3805,"{'type': 'Point', 'coordinates': [-76.655385, 34.8294281]}",37031970301,RISKBEH,LPA,CrdPrv,Physical Inactivity
2023,NC,North Carolina,Ashe,37009,37009970501,BRFSS,Health Risk Behaviors,No leisure-time physical activity among adults,%,Crude prevalence,24.0,19.6,28.7,3511,2919,"{'type': 'Point', 'coordinates': [-81.4475225, 36.4017373]}",37009970501,RISKBEH,LPA,CrdPrv,Physical Inactivity
2023,NC,North Carolina,Burke,37023,37023020301,BRFSS,Health Risk Behaviors,No leisure-time physical activity among adults,%,Crude prevalence,30.6,25.6,35.7,4691,3769,"{'type': 'Point', 'coordinates': [-81.8190141, 35.7103261]}",37023020301,RISKBEH,LPA,CrdPrv,Physical Inactivity
2023,NC,North Carolina,Carteret,37031,37031970502,BRFSS,Health Risk Behaviors,No leisure-time physical activity among adults,%,Crude prevalence,18.9,15.1,23.2,2083,1724,"{'type': 'Point', 'coordinates': [-76.7387561, 34.7517653]}",37031970502,RISKBEH,LPA,CrdPrv,Physical Inactivity
2023,NC,North Carolina,Catawba,37035,37035010502,BRFSS,Health Risk Behaviors,No leisure-time physical activity among adults,%,Crude prevalence,16.7,13.2,20.8,3514,2800,"{'type': 'Point', 'coordinates': [-81.3338145, 35.7850527]}",37035010502,RISKBEH,LPA,CrdPrv,Physical Inactivity
2023,NC,North Carolina,Buncombe,37021,37021002503,BRFSS,Health Risk Behaviors,No leisure-time physical activity among adults,%,Crude prevalence,22.1,18.0,26.7,4354,3359,"{'type': 'Point', 'coordinates': [-82.7196783, 35.5435554]}",37021002503,RISKBEH,LPA,CrdPrv,Physical Inactivity
2023,NC,North Carolina,Buncombe,37021,37021003002,BRFSS,Health Risk Behaviors,No leisure-time physical activity among adults,%,Crude prevalence,23.5,19.6,28.0,7296,5920,"{'type': 'Point', 'coordinates': [-82.3976703, 35.6141955]}",37021003002,RISKBEH,LPA,CrdPrv,Physical Inactivity
2023,NC,North Carolina,Cabarrus,37025,37025042504,BRFSS,Health Risk Behaviors,No leisure-time physical activity among adults,%,Crude prevalence,15.7,12.3,19.6,1500,1153,"{'type': 'Point', 'coordinates': [-80.6466188, 35.391337]}",37025042504,RISKBEH,LPA,CrdPrv,Physical Inactivity
2023,NC,North Carolina,Brunswick,37019,37019020408,BRFSS,Health Risk Behaviors,No leisure-time physical activity among adults,%,Crude prevalence,33.2,28.0,38.7,2885,2285,"{'type': 'Point', 'coordinates': [-78.3530295, 33.9506849]}",37019020408,RISKBEH,LPA,CrdPrv,Physical Inactivity
2023,NC,North Carolina,Caldwell,37027,37027031403,BRFSS,Health Risk Behaviors,No leisure-time physical activity among adults,%,Crude prevalence,28.9,24.2,33.8,2337,1877,"{'type': 'Point', 'coordinates': [-81.4484348, 35.8162107]}",37027031403,RISKBEH,LPA,CrdPrv,Physical Inactivity
2023,NC,North Carolina,Catawba,37035,37035010304,BRFSS,Health Risk Behaviors,No leisure-time physical activity among adults,%,Crude prevalence,29.0,24.4,33.6,4424,3133,"{'type': 'Point', 'coordinates': [-81.2767062, 35.738694]}",37035010304,RISKBEH,LPA,CrdPrv,Physical Inactivity
2023,NC,North Carolina,Buncombe,37021,37021000200,BRFSS,Health Risk Behaviors,No leisure-time physical activity among adults,%,Crude prevalence,19.6,15.5,23.9,1902,1430,"{'type': 'Point', 'coordinates': [-82.5666758, 35.597076]}",37021000200,RISKBEH,LPA,CrdPrv,Physical Inactivity
2023,NC,North Carolina,Ashe,37009,37009970801,BRFSS,Health Risk Behaviors,No leisure-time physical activity among adults,%,Crude prevalence,28.6,23.6,33.8,2146,1811,"{'type': 'Point', 'coordinates': [-81.3489861, 36.3988389]}",37009970801,RISKBEH,LPA,CrdPrv,Physical Inactivity
2023,NC,North Carolina,Brunswick,37019,37019020206,BRFSS,Health Risk Behaviors,No leisure-time physical activity among adults,%,Crude prevalence,19.8,15.9,24.1,2061,1604,"{'type': 'Point', 'coordinates': [-77.981739, 34.0501547]}",37019020206,RISKBEH,LPA,CrdPrv,Physical Inactivity
2023,NC,North Carolina,Alamance,37001,37001020602,BRFSS,Health Risk Behaviors,No leisure-time physical activity among adults,%,Crude prevalence,23.4,18.5,28.4,2509,2086,"{'type': 'Point', 'coordinates': [-79.4621793, 36.095804]}",37001020602,RISKBEH,LPA,CrdPrv,Physical Inactivity
2023,NC,North Carolina,Buncombe,37021,37021001900,BRFSS,Health Risk Behaviors,No leisure-time physical activity among adults,%,Crude prevalence,20.0,16.0,24.3,3645,3079,"{'type': 'Point', 'coordinates': [-82.5017858, 35.5767566]}",37021001900,RISKBEH,LPA,CrdPrv,Physical Inactivity
2023,NC,North Carolina,Camden,37029,37029950101,BRFSS,Health Risk Behaviors,No leisure-time physical activity among adults,%,Crude prevalence,20.4,17.9,22.9,5754,4318,"{'type': 'Point', 'coordinates': [-76.3175111, 36.4585546]}",37029950101,RISKBEH,LPA,CrdPrv,Physical Inactivity
2023,NC,North Carolina,Cabarrus,37025,37025041301,BRFSS,Health Risk Behaviors,No leisure-time physical activity among adults,%,Crude prevalence,16.0,12.8,19.5,7633,5253,"{'type': 'Point', 'coordinates': [-80.7484576, 35.4686575]}",37025041301,RISKBEH,LPA,CrdPrv,Physical Inactivity
2023,NC,North Carolina,Carteret,37031,37031970806,BRFSS,Health Risk Behaviors,No leisure-time physical activity among adults,%,Crude prevalence,20.8,16.9,25.4,3752,3025,"{'type': 'Point', 'coordinates': [-77.0891914, 34.6851343]}",37031970806,RISKBEH,LPA,CrdPrv,Physical Inactivity
2023,NC,North Carolina,Anson,37007,37007920301,BRFSS,Health Risk Behaviors,No leisure-time physical activity among adults,%,Crude prevalence,30.7,25.9,36.2,4504,3561,"{'type': 'Point', 'coordinates': [-80.2378646, 35.0739512]}",37007920301,RISKBEH,LPA,CrdPrv,Physical Inactivity
2023,NC,North Carolina,Cabarrus,37025,37025040501,BRFSS,Health Risk Behaviors,No leisure-time physical activity among adults,%,Crude prevalence,22.8,18.7,27.4,9545,6498,"{'type': 'Point', 'coordinates': [-80.5546617, 35.3430747]}",37025040501,RISKBEH,LPA,CrdPrv,Physical Inactivity
2023,NC,North Carolina,Brunswick,37019,37019020308,BRFSS,Health Risk Behaviors,No leisure-time physical activity among adults,%,Crude prevalence,17.6,13.7,22.5,2024,1847,"{'type': 'Point', 'coordinates': [-78.2040968, 33.9165272]}",37019020308,RISKBEH,LPA,CrdPrv,Physical Inactivity
2023,NC,North Carolina,Burke,37023,37023020600,BRFSS,Health Risk Behaviors,No leisure-time physical activity among adults,%,Crude prevalence,36.3,30.5,42.1,6363,4884,"{'type': 'Point', 'coordinates': [-81.6728165, 35.7549587]}",37023020600,RISKBEH,LPA,CrdPrv,Physical Inactivity
2023,NC,North Carolina,Cabarrus,37025,37025042603,BRFSS,Health Risk Behaviors,No leisure-time physical activity among adults,%,Crude prevalence,18.2,14.4,22.1,9240,7026,"{'type': 'Point', 'coordinates': [-80.6537615, 35.3528666]}",37025042603,RISKBEH,LPA,CrdPrv,Physical Inactivity
2023,NC,North Carolina,Buncombe,37021,37021002206,BRFSS,Health Risk Behaviors,No leisure-time physical activity among adults,%,Crude prevalence,18.0,14.3,21.9,5053,4227,"{'type': 'Point', 'coordinates': [-82.5053243, 35.5020846]}",37021002206,RISKBEH,LPA,CrdPrv,Physical Inactivity
2023,NC,North Carolina,Brunswick,37019,37019020512,BRFSS,Health Risk Behaviors,No leisure-time physical activity among adults,%,Crude prevalence,16.6,13.2,20.8,1170,1079,"{'type': 'Point', 'coordinates': [-78.4827167, 33.8801764]}",37019020512,RISKBEH,LPA,CrdPrv,Physical Inactivity
2023,NC,North Carolina,Caldwell,37027,37027031302,BRFSS,Health Risk Behaviors,No leisure-time physical activity among adults,%,Crude prevalence,23.9,19.6,28.8,4084,3175,"{'type': 'Point', 'coordinates': [-81.3807762, 35.8334125]}",37027031302,RISKBEH,LPA,CrdPrv,Physical Inactivity
2023,NC,North Carolina,Brunswick,37019,37019020505,BRFSS,Health Risk Behaviors,No leisure-time physical activity among adults,%,Crude prevalence,27.6,23.2,32.3,3917,3055,"{'type': 'Point', 'coordinates': [-78.5495703, 33.9916026]}",37019020505,RISKBEH,LPA,CrdPrv,Physical Inactivity
2023,NC,North Carolina,Caldwell,37027,37027030600,BRFSS,Health Risk Behaviors,No leisure-time physical activity among adults,%,Crude prevalence,23.4,19.3,28.0,4438,3486,"{'type': 'Point', 'coordinates': [-81.4788172, 35.8552621]}",37027030600,RISKBEH,LPA,CrdPrv,Physical Inactivity
2023,NC,North Carolina,Carteret,37031,37031970701,BRFSS,Health Risk Behaviors,No leisure-time physical activity among adults,%,Crude prevalence,23.3,19.1,28.2,1127,922,"{'type': 'Point', 'coordinates': [-76.91659, 34.7480559]}",37031970701,RISKBEH,LPA,CrdPrv,Physical Inactivity
2023,NC,North Carolina,Avery,37011,37011930302,BRFSS,Health Risk Behaviors,No leisure-time physical activity among adults,%,Crude prevalence,27.5,22.8,32.9,3030,2412,"{'type': 'Point', 'coordinates': [-82.0116573, 36.0958079]}",37011930302,RISKBEH,LPA,CrdPrv,Physical Inactivity
2023,NC,North Carolina,Carteret,37031,37031970305,BRFSS,Health Risk Behaviors,No leisure-time physical activity among adults,%,Crude prevalence,24.3,20.0,29.7,1682,1506,"{'type': 'Point', 'coordinates': [-76.668795, 34.7206525]}",37031970305,RISKBEH,LPA,CrdPrv,Physical Inactivity
2023,NC,North Carolina,Catawba,37035,37035010101,BRFSS,Health Risk Behaviors,No leisure-time physical activity among adults,%,Crude prevalence,24.4,20.0,28.9,6170,4959,"{'type': 'Point', 'coordinates': [-81.1370266, 35.76899]}",37035010101,RISKBEH,LPA,CrdPrv,Physical Inactivity
2023,NC,North Carolina,Alamance,37001,37001020801,BRFSS,Health Risk Behaviors,No leisure-time physical activity among adults,%,Crude prevalence,28.5,23.7,33.4,1930,1438,"{'type': 'Point', 'coordinates': [-79.4493095, 36.0490131]}",37001020801,RISKBEH,LPA,CrdPrv,Physical Inactivity
2023,NC,North Carolina,Alamance,37001,37001020301,BRFSS,Health Risk Behaviors,No leisure-time physical activity among adults,%,Crude prevalence,39.1,33.7,44.5,4213,3109,"{'type': 'Point', 'coordinates': [-79.4055744, 36.1065434]}",37001020301,RISKBEH,LPA,CrdPrv,Physical Inactivity
2023,NC,North Carolina,Alamance,37001,37001021205,BRFSS,Health Risk Behaviors,No leisure-time physical activity among adults,%,Crude prevalence,19.0,15.4,22.7,7963,6109,"{'type': 'Point', 'coordinates': [-79.2842623, 36.0716991]}",37001021205,RISKBEH,LPA,CrdPrv,Physical Inactivity
2023,NC,North Carolina,Buncombe,37021,37021002205,BRFSS,Health Risk Behaviors,No leisure-time physical activity among adults,%,Crude prevalence,16.4,13.4,19.9,6815,5471,"{'type': 'Point', 'coordinates': [-82.4960745, 35.470337]}",37021002205,RISKBEH,LPA,CrdPrv,Physical Inactivity
2023,NC,North Carolina,Ashe,37009,37009970802,BRFSS,Health Risk Behaviors,No leisure-time physical activity among adults,%,Crude prevalence,28.7,23.7,34.0,2783,2313,"{'type': 'Point', 'coordinates': [-81.4012665, 36.5088535]}",37009970802,RISKBEH,LPA,CrdPrv,Physical Inactivity
2023,NC,North Carolina,Caldwell,37027,37027030500,BRFSS,Health Risk Behaviors,No leisure-time physical activity among adults,%,Crude prevalence,24.2,19.3,29.7,4792,3886,"{'type': 'Point', 'coordinates': [-81.5071323, 35.9197451]}",37027030500,RISKBEH,LPA,CrdPrv,Physical Inactivity
2023,NC,North Carolina,Buncombe,37021,37021003205,BRFSS,Health Risk Behaviors,No leisure-time physical activity among adults,%,Crude prevalence,25.0,20.2,29.9,1705,1391,"{'type': 'Point', 'coordinates': [-82.2635354, 35.5233277]}",37021003205,RISKBEH,LPA,CrdPrv,Physical Inactivity
2023,NC,North Carolina,Cabarrus,37025,37025041506,BRFSS,Health Risk Behaviors,No leisure-time physical activity among adults,%,Crude prevalence,17.6,14.2,21.4,5302,3866,"{'type': 'Point', 'coordinates': [-80.6423439, 35.2744575]}",37025041506,RISKBEH,LPA,CrdPrv,Physical Inactivity
2023,NC,North Carolina,Beaufort,37013,37013930200,BRFSS,Health Risk Behaviors,No leisure-time physical activity among adults,%,Crude prevalence,30.2,25.2,35.8,5898,4731,"{'type': 'Point', 'coordinates': [-77.0193014, 35.6298026]}",37013930200,RISKBEH,LPA,CrdPrv,Physical Inactivity
2023,NC,North Carolina,Bertie,37015,37015960100,BRFSS,Health Risk Behaviors,No leisure-time physical activity among adults,%,Crude prevalence,31.8,26.7,37.0,4749,3984,"{'type': 'Point', 'coordinates': [-76.8298463, 36.1259234]}",37015960100,RISKBEH,LPA,CrdPrv,Physical Inactivity
2023,NC,North Carolina,Buncombe,37021,37021002203,BRFSS,Health Risk Behaviors,No leisure-time physical activity among adults,%,Crude prevalence,31.6,26.9,36.7,6661,4941,"{'type': 'Point', 'coordinates': [-82.5376833, 35.4525755]}",37021002203,RISKBEH,LPA,CrdPrv,Physical Inactivity
2023,NC,North Carolina,Cabarrus,37025,37025041902,BRFSS,Health Risk Behaviors,No leisure-time physical activity among adults,%,Crude prevalence,25.4,20.6,30.6,4360,3216,"{'type': 'Point', 'coordinates': [-80.5926482, 35.413792]}",37025041902,RISKBEH,LPA,CrdPrv,Physical Inactivity
2023,NC,North Carolina,Brunswick,37019,37019020406,BRFSS,Health Risk Behaviors,No leisure-time physical activity among adults,%,Crude prevalence,16.2,12.4,20.6,921,842,"{'type': 'Point', 'coordinates': [-78.3207687, 33.911987]}",37019020406,RISKBEH,LPA,CrdPrv,Physical Inactivity
2023,NC,North Carolina,Alamance,37001,37001021703,BRFSS,Health Risk Behaviors,No leisure-time physical activity among adults,%,Crude prevalence,17.5,14.1,21.3,7974,6255,"{'type': 'Point', 'coordinates': [-79.5184486, 36.0544094]}",37001021703,RISKBEH,LPA,CrdPrv,Physical Inactivity
2023,NC,North Carolina,Brunswick,37019,37019020201,BRFSS,Health Risk Behaviors,No leisure-time physical activity among adults,%,Crude prevalence,22.3,18.3,26.7,5169,4115,"{'type': 'Point', 'coordinates': [-78.0015426, 34.214892]}",37019020201,RISKBEH,LPA,CrdPrv,Physical Inactivity
2023,NC,North Carolina,Carteret,37031,37031971103,BRFSS,Health Risk Behaviors,No leisure-time physical activity among adults,%,Crude prevalence,21.4,16.6,26.9,1398,1313,"{'type': 'Point', 'coordinates': [-76.7332127, 34.7037851]}",37031971103,RISKBEH,LPA,CrdPrv,Physical Inactivity
2023,NC,North Carolina,Cabarrus,37025,37025041901,BRFSS,Health Risk Behaviors,No leisure-time physical activity among adults,%,Crude prevalence,36.1,30.6,42.2,2076,1516,"{'type': 'Point', 'coordinates': [-80.6060323, 35.4112779]}",37025041901,RISKBEH,LPA,CrdPrv,Physical Inactivity
2023,NC,North Carolina,Carteret,37031,37031970601,BRFSS,Health Risk Behaviors,No leisure-time physical activity among adults,%,Crude prevalence,22.5,18.0,27.6,1139,917,"{'type': 'Point', 'coordinates': [-76.9183102, 34.7234135]}",37031970601,RISKBEH,LPA,CrdPrv,Physical Inactivity
2023,NC,North Carolina,Brunswick,37019,37019020316,BRFSS,Health Risk Behaviors,No leisure-time physical activity among adults,%,Crude prevalence,18.2,14.4,22.6,652,616,"{'type': 'Point', 'coordinates': [-78.0486559, 33.9058692]}",37019020316,RISKBEH,LPA,CrdPrv,Physical Inactivity
2023,NC,North Carolina,Alamance,37001,37001020802,BRFSS,Health Risk Behaviors,No leisure-time physical activity among adults,%,Crude prevalence,33.3,28.3,38.4,6175,4475,"{'type': 'Point', 'coordinates': [-79.4275785, 36.0791566]}",37001020802,RISKBEH,LPA,CrdPrv,Physical Inactivity
2023,NC,North Carolina,Buncombe,37021,37021002402,BRFSS,Health Risk Behaviors,No leisure-time physical activity among adults,%,Crude prevalence,21.8,17.9,26.2,5660,4434,"{'type': 'Point', 'coordinates': [-82.7050248, 35.4713253]}",37021002402,RISKBEH,LPA,CrdPrv,Physical Inactivity
2023,NC,North Carolina,Avery,37011,37011930400,BRFSS,Health Risk Behaviors,No leisure-time physical activity among adults,%,Crude prevalence,23.9,19.6,28.6,4937,4343,"{'type': 'Point', 'coordinates': [-81.980009, 35.9886921]}",37011930400,RISKBEH,LPA,CrdPrv,Physical Inactivity
2023,NC,North Carolina,Anson,37007,37007920302,BRFSS,Health Risk Behaviors,No leisure-time physical activity among adults,%,Crude prevalence,31.2,26.1,36.6,649,508,"{'type': 'Point', 'coordinates': [-80.2147609, 34.9495049]}",37007920302,RISKBEH,LPA,CrdPrv,Physical Inactivity
2023,NC,North Carolina,Cabarrus,37025,37025040900,BRFSS,Health Risk Behaviors,No leisure-time physical activity among adults,%,Crude prevalence,23.7,19.4,28.6,2157,1667,"{'type': 'Point', 'coordinates': [-80.6148394, 35.4640671]}",37025040900,RISKBEH,LPA,CrdPrv,Physical Inactivity
2023,NC,North Carolina,Carteret,37031,37031970503,BRFSS,Health Risk Behaviors,No leisure-time physical activity among adults,%,Crude prevalence,23.0,18.6,27.9,2074,1678,"{'type': 'Point', 'coordinates': [-76.7495272, 34.7349302]}",37031970503,RISKBEH,LPA,CrdPrv,Physical Inactivity
2023,NC,North Carolina,Burke,37023,37023020100,BRFSS,Health Risk Behaviors,No leisure-time physical activity among adults,%,Crude prevalence,34.8,28.9,40.4,4048,3270,"{'type': 'Point', 'coordinates': [-81.6671488, 35.8229658]}",37023020100,RISKBEH,LPA,CrdPrv,Physical Inactivity
2023,NC,North Carolina,Catawba,37035,37035010600,BRFSS,Health Risk Behaviors,No leisure-time physical activity among adults,%,Crude prevalence,24.4,20.1,29.0,6650,5198,"{'type': 'Point', 'coordinates': [-81.3655745, 35.74377]}",37035010600,RISKBEH,LPA,CrdPrv,Physical Inactivity
2023,NC,North Carolina,Bladen,37017,37017950301,BRFSS,Health Risk Behaviors,No leisure-time physical activity among adults,%,Crude prevalence,36.5,31.3,41.8,2524,1902,"{'type': 'Point', 'coordinates': [-78.6992839, 34.6553887]}",37017950301,RISKBEH,LPA,CrdPrv,Physical Inactivity
2023,NC,North Carolina,Alamance,37001,37001021101,BRFSS,Health Risk Behaviors,No leisure-time physical activity among adults,%,Crude prevalence,22.4,18.3,26.7,3984,3106,"{'type': 'Point', 'coordinates': [-79.3749221, 36.0697173]}",37001021101,RISKBEH,LPA,CrdPrv,Physical Inactivity
2023,NC,North Carolina,Catawba,37035,37035010403,BRFSS,Health Risk Behaviors,No leisure-time physical activity among adults,%,Crude prevalence,26.3,21.4,31.2,5555,4461,"{'type': 'Point', 'coordinates': [-81.3206069, 35.7661473]}",37035010403,RISKBEH,LPA,CrdPrv,Physical Inactivity
2023,NC,North Carolina,Buncombe,37021,37021002607,BRFSS,Health Risk Behaviors,No leisure-time physical activity among adults,%,Crude prevalence,19.3,15.8,23.3,4489,3541,"{'type': 'Point', 'coordinates': [-82.6148321, 35.6342979]}",37021002607,RISKBEH,LPA,CrdPrv,Physical Inactivity
2023,NC,North Carolina,Brunswick,37019,37019020311,BRFSS,Health Risk Behaviors,No leisure-time physical activity among adults,%,Crude prevalence,23.2,17.8,28.4,2473,2251,"{'type': 'Point', 'coordinates': [-78.2277592, 33.9625184]}",37019020311,RISKBEH,LPA,CrdPrv,Physical Inactivity
2023,NC,North Carolina,Buncombe,37021,37021003105,BRFSS,Health Risk Behaviors,No leisure-time physical activity among adults,%,Crude prevalence,17.9,14.5,21.5,4609,3883,"{'type': 'Point', 'coordinates': [-82.2904883, 35.6275198]}",37021003105,RISKBEH,LPA,CrdPrv,Physical Inactivity
2023,NC,North Carolina,Burke,37023,37023021100,BRFSS,Health Risk Behaviors,No leisure-time physical activity among adults,%,Crude prevalence,26.5,22.1,31.1,5946,4673,"{'type': 'Point', 'coordinates': [-81.4160037, 35.7400742]}",37023021100,RISKBEH,LPA,CrdPrv,Physical Inactivity
2023,NC,North Carolina,Cabarrus,37025,37025042202,BRFSS,Health Risk Behaviors,No leisure-time physical activity among adults,%,Crude prevalence,18.6,14.6,23.2,4601,3757,"{'type': 'Point', 'coordinates': [-80.5565361, 35.4011251]}",37025042202,RISKBEH,LPA,CrdPrv,Physical Inactivity
2023,NC,North Carolina,Alamance,37001,37001021802,BRFSS,Health Risk Behaviors,No leisure-time physical activity among adults,%,Crude prevalence,22.8,18.4,27.3,3618,2861,"{'type': 'Point', 'coordinates': [-79.4437298, 35.9388738]}",37001021802,RISKBEH,LPA,CrdPrv,Physical Inactivity
2023,NC,North Carolina,Carteret,37031,37031970401,BRFSS,Health Risk Behaviors,No leisure-time physical activity among adults,%,Crude prevalence,29.4,24.0,34.9,1834,1617,"{'type': 'Point', 'coordinates': [-76.7555858, 34.7292352]}",37031970401,RISKBEH,LPA,CrdPrv,Physical Inactivity
2023,NC,North Carolina,Cabarrus,37025,37025042501,BRFSS,Health Risk Behaviors,No leisure-time physical activity among adults,%,Crude prevalence,19.2,15.0,23.6,4740,3808,"{'type': 'Point', 'coordinates': [-80.6416573, 35.4202718]}",37025042501,RISKBEH,LPA,CrdPrv,Physical Inactivity
2023,NC,North Carolina,Catawba,37035,37035010302,BRFSS,Health Risk Behaviors,No leisure-time physical activity among adults,%,Crude prevalence,18.6,14.9,22.8,5913,4793,"{'type': 'Point', 'coordinates': [-81.2997355, 35.7816209]}",37035010302,RISKBEH,LPA,CrdPrv,Physical Inactivity
2023,NC,North Carolina,Cabarrus,37025,37025042601,BRFSS,Health Risk Behaviors,No leisure-time physical activity among adults,%,Crude prevalence,18.6,14.8,23.2,5626,4417,"{'type': 'Point', 'coordinates': [-80.6792491, 35.3927541]}",37025042601,RISKBEH,LPA,CrdPrv,Physical Inactivity
2023,NC,North Carolina,Buncombe,37021,37021002804,BRFSS,Health Risk Behaviors,No leisure-time physical activity among adults,%,Crude prevalence,18.6,14.6,23.0,5343,4194,"{'type': 'Point', 'coordinates': [-82.5373328, 35.7504108]}",37021002804,RISKBEH,LPA,CrdPrv,Physical Inactivity
2023,NC,North Carolina,Caldwell,37027,37027031000,BRFSS,Health Risk Behaviors,No leisure-time physical activity among adults,%,Crude prevalence,25.6,20.8,30.9,2804,2425,"{'type': 'Point', 'coordinates': [-81.6024925, 36.0575861]}",37027031000,RISKBEH,LPA,CrdPrv,Physical Inactivity
2023,NC,North Carolina,Brunswick,37019,37019020313,BRFSS,Health Risk Behaviors,No leisure-time physical activity among adults,%,Crude prevalence,19.5,14.7,24.7,2876,2622,"{'type': 'Point', 'coordinates': [-78.1487651, 33.9225828]}",37019020313,RISKBEH,LPA,CrdPrv,Physical Inactivity
2023,NC,North Carolina,Brunswick,37019,37019020513,BRFSS,Health Risk Behaviors,No leisure-time physical activity among adults,%,Crude prevalence,22.8,18.6,27.3,1541,1270,"{'type': 'Point', 'coordinates': [-78.4261239, 33.942302]}",37019020513,RISKBEH,LPA,CrdPrv,Physical Inactivity
2023,NC,North Carolina,Brunswick,37019,37019020404,BRFSS,Health Risk Behaviors,No leisure-time physical activity among adults,%,Crude prevalence,24.8,20.5,29.3,3006,2479,"{'type': 'Point', 'coordinates': [-78.3045336, 33.9659625]}",37019020404,RISKBEH,LPA,CrdPrv,Physical Inactivity
2023,NC,North Carolina,Buncombe,37021,37021002504,BRFSS,Health Risk Behaviors,No leisure-time physical activity among adults,%,Crude prevalence,21.7,17.4,26.4,5135,4055,"{'type': 'Point', 'coordinates': [-82.7256343, 35.5676668]}",37021002504,RISKBEH,LPA,CrdPrv,Physical Inactivity
2023,NC,North Carolina,Brunswick,37019,37019020101,BRFSS,Health Risk Behaviors,No leisure-time physical activity among adults,%,Crude prevalence,30.6,25.7,35.4,2698,2074,"{'type': 'Point', 'coordinates': [-78.071378, 34.323231]}",37019020101,RISKBEH,LPA,CrdPrv,Physical Inactivity
2023,NC,North Carolina,Cabarrus,37025,37025041002,BRFSS,Health Risk Behaviors,No leisure-time physical activity among adults,%,Crude prevalence,30.1,24.7,35.6,2887,2086,"{'type': 'Point', 'coordinates': [-80.6330379, 35.4978869]}",37025041002,RISKBEH,LPA,CrdPrv,Physical Inactivity
2023,NC,North Carolina,Cabarrus,37025,37025040502,BRFSS,Health Risk Behaviors,No leisure-time physical activity among adults,%,Crude prevalence,23.0,18.6,27.6,5641,4240,"{'type': 'Point', 'coordinates': [-80.5208637, 35.3789627]}",37025040502,RISKBEH,LPA,CrdPrv,Physical Inactivity
2023,NC,North Carolina,Anson,37007,37007920100,BRFSS,Health Risk Behaviors,No leisure-time physical activity among adults,%,Crude prevalence,31.2,26.0,36.3,2783,2228,"{'type': 'Point', 'coordinates': [-79.9330024, 34.9873922]}",37007920100,RISKBEH,LPA,CrdPrv,Physical Inactivity
2023,NC,North Carolina,Cabarrus,37025,37025040704,BRFSS,Health Risk Behaviors,No leisure-time physical activity among adults,%,Crude prevalence,27.3,22.7,32.4,3720,2737,"{'type': 'Point', 'coordinates': [-80.5976744, 35.4783068]}",37025040704,RISKBEH,LPA,CrdPrv,Physical Inactivity
2023,NC,North Carolina,Bladen,37017,37017950102,BRFSS,Health Risk Behaviors,No leisure-time physical activity among adults,%,Crude prevalence,27.8,23.3,32.5,2660,2135,"{'type': 'Point', 'coordinates': [-78.445604, 34.5990846]}",37017950102,RISKBEH,LPA,CrdPrv,Physical Inactivity
2023,NC,North Carolina,Brunswick,37019,37019020602,BRFSS,Health Risk Behaviors,No leisure-time physical activity among adults,%,Crude prevalence,22.4,18.6,26.8,5618,4374,"{'type': 'Point', 'coordinates': [-78.2037781, 34.164494]}",37019020602,RISKBEH,LPA,CrdPrv,Physical Inactivity
2023,NC,North Carolina,Caswell,37033,37033930400,BRFSS,Health Risk Behaviors,No leisure-time physical activity among adults,%,Crude prevalence,30.0,25.0,35.2,2563,2082,"{'type': 'Point', 'coordinates': [-79.454496, 36.425188]}",37033930400,RISKBEH,LPA,CrdPrv,Physical Inactivity
2023,NC,North Carolina,Caldwell,37027,37027030700,BRFSS,Health Risk Behaviors,No leisure-time physical activity among adults,%,Crude prevalence,29.2,24.8,34.5,6690,5374,"{'type': 'Point', 'coordinates': [-81.5107136, 35.8291934]}",37027030700,RISKBEH,LPA,CrdPrv,Physical Inactivity
2023,NC,North Carolina,Bladen,37017,37017950101,BRFSS,Health Risk Behaviors,No leisure-time physical activity among adults,%,Crude prevalence,26.5,22.1,31.2,2096,1638,"{'type': 'Point', 'coordinates': [-78.4207941, 34.6841923]}",37017950101,RISKBEH,LPA,CrdPrv,Physical Inactivity
2023,NC,North Carolina,Caldwell,37027,37027031301,BRFSS,Health Risk Behaviors,No leisure-time physical activity among adults,%,Crude prevalence,18.4,14.6,22.2,4394,3472,"{'type': 'Point', 'coordinates': [-81.3788142, 35.8004323]}",37027031301,RISKBEH,LPA,CrdPrv,Physical Inactivity
2023,NC,North Carolina,Anson,37007,37007920400,BRFSS,Health Risk Behaviors,No leisure-time physical activity among adults,%,Crude prevalence,37.0,31.4,42.6,2475,1880,"{'type': 'Point', 'coordinates': [-80.0839315, 35.0150268]}",37007920400,RISKBEH,LPA,CrdPrv,Physical Inactivity
2023,NC,North Carolina,Burke,37023,37023020304,BRFSS,Health Risk Behaviors,No leisure-time physical activity among adults,%,Crude prevalence,26.5,21.6,31.3,2741,2144,"{'type': 'Point', 'coordinates': [-81.8012763, 35.6458032]}",37023020304,RISKBEH,LPA,CrdPrv,Physical Inactivity
2023,NC,North Carolina,Brunswick,37019,37019020307,BRFSS,Health Risk Behaviors,No leisure-time physical activity among adults,%,Crude prevalence,18.1,13.6,22.9,268,248,"{'type': 'Point', 'coordinates': [-77.954369, 33.9225601]}",37019020307,RISKBEH,LPA,CrdPrv,Physical Inactivity
2023,NC,North Carolina,Cabarrus,37025,37025041001,BRFSS,Health Risk Behaviors,No leisure-time physical activity among adults,%,Crude prevalence,24.4,19.9,29.2,3495,2585,"{'type': 'Point', 'coordinates': [-80.6420394, 35.4839057]}",37025041001,RISKBEH,LPA,CrdPrv,Physical Inactivity
2023,NC,North Carolina,Brunswick,37019,37019020204,BRFSS,Health Risk Behaviors,No leisure-time physical activity among adults,%,Crude prevalence,23.4,19.3,27.9,6424,5231,"{'type': 'Point', 'coordinates': [-78.0892409, 34.0267982]}",37019020204,RISKBEH,LPA,CrdPrv,Physical Inactivity
2023,NC,North Carolina,Brunswick,37019,37019020409,BRFSS,Health Risk Behaviors,No leisure-time physical activity among adults,%,Crude prevalence,29.3,23.8,35.3,2288,1982,"{'type': 'Point', 'coordinates': [-78.338022, 33.928238]}",37019020409,RISKBEH,LPA,CrdPrv,Physical Inactivity
2023,NC,North Carolina,Alexander,37003,37003040600,BRFSS,Health Risk Behaviors,No leisure-time physical activity among adults,%,Crude prevalence,25.0,20.3,30.5,6320,5301,"{'type': 'Point', 'coordinates': [-81.1904395, 35.8589717]}",37003040600,RISKBEH,LPA,CrdPrv,Physical Inactivity
2023,NC,North Carolina,Bertie,37015,37015960300,BRFSS,Health Risk Behaviors,No leisure-time physical activity among adults,%,Crude prevalence,43.2,37.2,49.0,2788,2262,"{'type': 'Point', 'coordinates': [-77.1618779, 36.0718625]}",37015960300,RISKBEH,LPA,CrdPrv,Physical Inactivity
2023,NC,North Carolina,Buncombe,37021,37021002900,BRFSS,Health Risk Behaviors,No leisure-time physical activity among adults,%,Crude prevalence,20.8,17.0,24.9,3876,3086,"{'type': 'Point', 'coordinates': [-82.3792437, 35.7713993]}",37021002900,RISKBEH,LPA,CrdPrv,Physical Inactivity
2023,NC,North Carolina,Caldwell,37027,37027031202,BRFSS,Health Risk Behaviors,No leisure-time physical activity among adults,%,Crude prevalence,26.7,21.9,31.8,4327,3433,"{'type': 'Point', 'coordinates': [-81.4560294, 35.8670013]}",37027031202,RISKBEH,LPA,CrdPrv,Physical Inactivity
2023,NC,North Carolina,Buncombe,37021,37021002303,BRFSS,Health Risk Behaviors,No leisure-time physical activity among adults,%,Crude prevalence,15.8,12.9,19.3,6716,5458,"{'type': 'Point', 'coordinates': [-82.5727567, 35.4608866]}",37021002303,RISKBEH,LPA,CrdPrv,Physical Inactivity
2023,NC,North Carolina,Carteret,37031,37031970200,BRFSS,Health Risk Behaviors,No leisure-time physical activity among adults,%,Crude prevalence,25.0,19.2,30.7,1127,1003,"{'type': 'Point', 'coordinates': [-76.5344259, 34.7058365]}",37031970200,RISKBEH,LPA,CrdPrv,Physical Inactivity
2023,NC,North Carolina,Alamance,37001,37001020702,BRFSS,Health Risk Behaviors,No leisure-time physical activity among adults,%,Crude prevalence,23.7,19.8,28.5,5063,3903,"{'type': 'Point', 'coordinates': [-79.4583524, 36.0624647]}",37001020702,RISKBEH,LPA,CrdPrv,Physical Inactivity
2023,NC,North Carolina,Ashe,37009,37009970200,BRFSS,Health Risk Behaviors,No leisure-time physical activity among adults,%,Crude prevalence,27.4,22.7,32.8,2497,2062,"{'type': 'Point', 'coordinates': [-81.5408788, 36.5290589]}",37009970200,RISKBEH,LPA,CrdPrv,Physical Inactivity
2023,NC,North Carolina,Cabarrus,37025,37025041201,BRFSS,Health Risk Behaviors,No leisure-time physical activity among adults,%,Crude prevalence,25.2,20.9,30.1,3385,2716,"{'type': 'Point', 'coordinates': [-80.6960213, 35.4834448]}",37025041201,RISKBEH,LPA,CrdPrv,Physical Inactivity
2023,NC,North Carolina,Brunswick,37019,37019020108,BRFSS,Health Risk Behaviors,No leisure-time physical activity among adults,%,Crude prevalence,26.4,22.1,31.1,3374,2637,"{'type': 'Point', 'coordinates': [-78.0140005, 34.252579]}",37019020108,RISKBEH,LPA,CrdPrv,Physical Inactivity
2023,NC,North Carolina,Buncombe,37021,37021001401,BRFSS,Health Risk Behaviors,No leisure-time physical activity among adults,%,Crude prevalence,25.4,21.5,29.7,5028,4083,"{'type': 'Point', 'coordinates': [-82.6009376, 35.6062837]}",37021001401,RISKBEH,LPA,CrdPrv,Physical Inactivity
2023,NC,North Carolina,Catawba,37035,37035010102,BRFSS,Health Risk Behaviors,No leisure-time physical activity among adults,%,Crude prevalence,22.1,17.9,27.0,4318,3499,"{'type': 'Point', 'coordinates': [-81.1720024, 35.7172641]}",37035010102,RISKBEH,LPA,CrdPrv,Physical Inactivity
2023,NC,North Carolina,Alexander,37003,37003040100,BRFSS,Health Risk Behaviors,No leisure-time physical activity among adults,%,Crude prevalence,30.4,25.6,35.9,3248,2568,"{'type': 'Point', 'coordinates': [-81.0654227, 35.9786489]}",37003040100,RISKBEH,LPA,CrdPrv,Physical Inactivity
2023,NC,North Carolina,Alleghany,37005,37005950200,BRFSS,Health Risk Behaviors,No leisure-time physical activity among adults,%,Crude prevalence,30.2,25.7,35.3,3762,3027,"{'type': 'Point', 'coordinates': [-81.1372473, 36.5270151]}",37005950200,RISKBEH,LPA,CrdPrv,Physical Inactivity
2023,NC,North Carolina,Caldwell,37027,37027031402,BRFSS,Health Risk Behaviors,No leisure-time physical activity among adults,%,Crude prevalence,22.7,18.6,27.3,3519,2795,"{'type': 'Point', 'coordinates': [-81.4066631, 35.7730352]}",37027031402,RISKBEH,LPA,CrdPrv,Physical Inactivity
2023,NC,North Carolina,Buncombe,37021,37021001802,BRFSS,Health Risk Behaviors,No leisure-time physical activity among adults,%,Crude prevalence,14.6,11.6,18.6,4671,3918,"{'type': 'Point', 'coordinates': [-82.5004234, 35.608999]}",37021001802,RISKBEH,LPA,CrdPrv,Physical Inactivity
2023,NC,North Carolina,Buncombe,37021,37021002608,BRFSS,Health Risk Behaviors,No leisure-time physical activity among adults,%,Crude prevalence,21.8,18.1,26.1,5199,4129,"{'type': 'Point', 'coordinates': [-82.6858471, 35.6106682]}",37021002608,RISKBEH,LPA,CrdPrv,Physical Inactivity
2023,NC,North Carolina,Burke,37023,37023021000,BRFSS,Health Risk Behaviors,No leisure-time physical activity among adults,%,Crude prevalence,26.9,22.4,31.4,5165,4122,"{'type': 'Point', 'coordinates': [-81.4646362, 35.7498858]}",37023021000,RISKBEH,LPA,CrdPrv,Physical Inactivity
2023,NC,North Carolina,Alamance,37001,37001020400,BRFSS,Health Risk Behaviors,No leisure-time physical activity among adults,%,Crude prevalence,35.5,30.2,40.7,6556,4749,"{'type': 'Point', 'coordinates': [-79.4322349, 36.1207861]}",37001020400,RISKBEH,LPA,CrdPrv,Physical Inactivity
2023,NC,North Carolina,Catawba,37035,37035010501,BRFSS,Health Risk Behaviors,No leisure-time physical activity among adults,%,Crude prevalence,19.5,15.4,24.0,4092,3286,"{'type': 'Point', 'coordinates': [-81.3459404, 35.750487]}",37035010501,RISKBEH,LPA,CrdPrv,Physical Inactivity
2023,NC,North Carolina,Caldwell,37027,37027030900,BRFSS,Health Risk Behaviors,No leisure-time physical activity among adults,%,Crude prevalence,28.9,23.8,34.2,4686,3871,"{'type': 'Point', 'coordinates': [-81.696243, 35.9509252]}",37027030900,RISKBEH,LPA,CrdPrv,Physical Inactivity
2023,NC,North Carolina,Brunswick,37019,37019020205,BRFSS,Health Risk Behaviors,No leisure-time physical activity among adults,%,Crude prevalence,18.3,14.7,22.6,8409,7274,"{'type': 'Point', 'coordinates': [-78.0016326, 34.1653866]}",37019020205,RISKBEH,LPA,CrdPrv,Physical Inactivity
2023,NC,North Carolina,Cabarrus,37025,37025040703,BRFSS,Health Risk Behaviors,No leisure-time physical activity among adults,%,Crude prevalence,38.7,32.8,44.4,2976,2123,"{'type': 'Point', 'coordinates': [-80.6009999, 35.4615781]}",37025040703,RISKBEH,LPA,CrdPrv,Physical Inactivity
2023,NC,North Carolina,Cabarrus,37025,37025041307,BRFSS,Health Risk Behaviors,No leisure-time physical activity among adults,%,Crude prevalence,15.8,12.6,19.2,7343,4882,"{'type': 'Point', 'coordinates': [-80.7511964, 35.4003892]}",37025041307,RISKBEH,LPA,CrdPrv,Physical Inactivity
2023,NC,North Carolina,Buncombe,37021,37021001000,BRFSS,Health Risk Behaviors,No leisure-time physical activity among adults,%,Crude prevalence,17.5,13.6,22.2,4620,3721,"{'type': 'Point', 'coordinates': [-82.57526, 35.57542]}",37021001000,RISKBEH,LPA,CrdPrv,Physical Inactivity
2023,NC,North Carolina,Buncombe,37021,37021002101,BRFSS,Health Risk Behaviors,No leisure-time physical activity among adults,%,Crude prevalence,14.2,10.8,18.3,1469,1207,"{'type': 'Point', 'coordinates': [-82.5556527, 35.5350563]}",37021002101,RISKBEH,LPA,CrdPrv,Physical Inactivity
2023,NC,North Carolina,Burke,37023,37023021301,BRFSS,Health Risk Behaviors,No leisure-time physical activity among adults,%,Crude prevalence,32.4,27.3,38.0,5442,4600,"{'type': 'Point', 'coordinates': [-81.6823365, 35.6808305]}",37023021301,RISKBEH,LPA,CrdPrv,Physical Inactivity
2023,NC,North Carolina,Buncombe,37021,37021001601,BRFSS,Health Risk Behaviors,No leisure-time physical activity among adults,%,Crude prevalence,14.4,11.1,18.2,3432,2829,"{'type': 'Point', 'coordinates': [-82.5619283, 35.6274203]}",37021001601,RISKBEH,LPA,CrdPrv,Physical Inactivity
2023,NC,North Carolina,Cabarrus,37025,37025041604,BRFSS,Health Risk Behaviors,No leisure-time physical activity among adults,%,Crude prevalence,18.0,14.5,22.0,4288,3316,"{'type': 'Point', 'coordinates': [-80.5089544, 35.2854473]}",37025041604,RISKBEH,LPA,CrdPrv,Physical Inactivity
2023,NC,North Carolina,Catawba,37035,37035010303,BRFSS,Health Risk Behaviors,No leisure-time physical activity among adults,%,Crude prevalence,27.8,23.2,32.8,4248,3235,"{'type': 'Point', 'coordinates': [-81.2686032, 35.7534983]}",37035010303,RISKBEH,LPA,CrdPrv,Physical Inactivity
2023,NC,North Carolina,Burke,37023,37023021202,BRFSS,Health Risk Behaviors,No leisure-time physical activity among adults,%,Crude prevalence,32.0,27.0,37.1,3902,3128,"{'type': 'Point', 'coordinates': [-81.4770785, 35.6923105]}",37023021202,RISKBEH,LPA,CrdPrv,Physical Inactivity
2023,NC,North Carolina,Cabarrus,37025,37025042503,BRFSS,Health Risk Behaviors,No leisure-time physical activity among adults,%,Crude prevalence,19.6,15.6,23.9,5925,4510,"{'type': 'Point', 'coordinates': [-80.6530631, 35.4055542]}",37025042503,RISKBEH,LPA,CrdPrv,Physical Inactivity
2023,NC,North Carolina,Bladen,37017,37017950402,BRFSS,Health Risk Behaviors,No leisure-time physical activity among adults,%,Crude prevalence,28.2,23.7,33.4,2010,1557,"{'type': 'Point', 'coordinates': [-78.6243837, 34.5950373]}",37017950402,RISKBEH,LPA,CrdPrv,Physical Inactivity
2023,NC,North Carolina,Brunswick,37019,37019020305,BRFSS,Health Risk Behaviors,No leisure-time physical activity among adults,%,Crude prevalence,21.6,17.6,25.8,3348,2947,"{'type': 'Point', 'coordinates': [-78.0408608, 33.9292591]}",37019020305,RISKBEH,LPA,CrdPrv,Physical Inactivity
2023,NC,North Carolina,Buncombe,37021,37021002603,BRFSS,Health Risk Behaviors,No leisure-time physical activity among adults,%,Crude prevalence,21.9,17.5,26.6,3784,2981,"{'type': 'Point', 'coordinates': [-82.7893106, 35.6461407]}",37021002603,RISKBEH,LPA,CrdPrv,Physical Inactivity
2023,NC,North Carolina,Carteret,37031,37031970501,BRFSS,Health Risk Behaviors,No leisure-time physical activity among adults,%,Crude prevalence,28.5,24.1,33.7,2619,2160,"{'type': 'Point', 'coordinates': [-76.8065393, 34.7487586]}",37031970501,RISKBEH,LPA,CrdPrv,Physical Inactivity
2023,NC,North Carolina,Beaufort,37013,37013930400,BRFSS,Health Risk Behaviors,No leisure-time physical activity among adults,%,Crude prevalence,31.3,26.2,37.2,5128,3987,"{'type': 'Point', 'coordinates': [-77.0433855, 35.5657805]}",37013930400,RISKBEH,LPA,CrdPrv,Physical Inactivity
2023,NC,North Carolina,Carteret,37031,37031970103,BRFSS,Health Risk Behaviors,No leisure-time physical activity among adults,%,Crude prevalence,23.4,19.0,28.0,2689,2262,"{'type': 'Point', 'coordinates': [-76.5410438, 34.746682]}",37031970103,RISKBEH,LPA,CrdPrv,Physical Inactivity
2023,NC,North Carolina,Caldwell,37027,37027030300,BRFSS,Health Risk Behaviors,No leisure-time physical activity among adults,%,Crude prevalence,27.3,22.7,32.3,3798,3079,"{'type': 'Point', 'coordinates': [-81.5561571, 35.8783948]}",37027030300,RISKBEH,LPA,CrdPrv,Physical Inactivity
2023,NC,North Carolina,Burke,37023,37023021203,BRFSS,Health Risk Behaviors,No leisure-time physical activity among adults,%,Crude prevalence,28.1,23.5,33.1,4024,3209,"{'type': 'Point', 'coordinates': [-81.5375599, 35.6503914]}",37023021203,RISKBEH,LPA,CrdPrv,Physical Inactivity
2023,NC,North Carolina,Anson,37007,37007980000,BRFSS,Health Risk Behaviors,No leisure-time physical activity among adults,%,Crude prevalence,32.8,27.3,38.4,1366,1366,"{'type': 'Point', 'coordinates': [-80.1826933, 34.9899785]}",37007980000,RISKBEH,LPA,CrdPrv,Physical Inactivity
2023,NC,North Carolina,Catawba,37035,37035010203,BRFSS,Health Risk Behaviors,No leisure-time physical activity among adults,%,Crude prevalence,28.2,23.4,33.7,3209,2440,"{'type': 'Point', 'coordinates': [-81.2288099, 35.7529032]}",37035010203,RISKBEH,LPA,CrdPrv,Physical Inactivity
2023,NC,North Carolina,Burke,37023,37023020802,BRFSS,Health Risk Behaviors,No leisure-time physical activity among adults,%,Crude prevalence,24.5,20.0,29.0,3249,2665,"{'type': 'Point', 'coordinates': [-81.6304353, 35.7316409]}",37023020802,RISKBEH,LPA,CrdPrv,Physical Inactivity
2023,NC,North Carolina,Brunswick,37019,37019020508,BRFSS,Health Risk Behaviors,No leisure-time physical activity among adults,%,Crude prevalence,19.5,15.5,24.1,3039,2883,"{'type': 'Point', 'coordinates': [-78.5220125, 33.9328358]}",37019020508,RISKBEH,LPA,CrdPrv,Physical Inactivity
2023,NC,North Carolina,Buncombe,37021,37021003201,BRFSS,Health Risk Behaviors,No leisure-time physical activity among adults,%,Crude prevalence,15.9,12.4,20.2,1773,1484,"{'type': 'Point', 'coordinates': [-82.4843624, 35.5462131]}",37021003201,RISKBEH,LPA,CrdPrv,Physical Inactivity
2023,NC,North Carolina,Alexander,37003,37003040700,BRFSS,Health Risk Behaviors,No leisure-time physical activity among adults,%,Crude prevalence,23.7,19.4,28.2,6846,5526,"{'type': 'Point', 'coordinates': [-81.3009365, 35.8302549]}",37003040700,RISKBEH,LPA,CrdPrv,Physical Inactivity
2023,NC,North Carolina,Catawba,37035,37035010201,BRFSS,Health Risk Behaviors,No leisure-time physical activity among adults,%,Crude prevalence,23.7,19.2,28.4,4760,3646,"{'type': 'Point', 'coordinates': [-81.2003345, 35.78177]}",37035010201,RISKBEH,LPA,CrdPrv,Physical Inactivity
2023,NC,North Carolina,Buncombe,37021,37021002304,BRFSS,Health Risk Behaviors,No leisure-time physical activity among adults,%,Crude prevalence,17.1,13.4,21.9,1675,1349,"{'type': 'Point', 'coordinates': [-82.6199323, 35.452718]}",37021002304,RISKBEH,LPA,CrdPrv,Physical Inactivity
2023,NC,North Carolina,Caldwell,37027,37027030200,BRFSS,Health Risk Behaviors,No leisure-time physical activity among adults,%,Crude prevalence,30.5,25.6,35.9,5208,4095,"{'type': 'Point', 'coordinates': [-81.5827634, 35.9225523]}",37027030200,RISKBEH,LPA,CrdPrv,Physical Inactivity
2023,NC,North Carolina,Buncombe,37021,37021003202,BRFSS,Health Risk Behaviors,No leisure-time physical activity among adults,%,Crude prevalence,17.4,14.0,21.3,4846,3826,"{'type': 'Point', 'coordinates': [-82.4554357, 35.4998847]}",37021003202,RISKBEH,LPA,CrdPrv,Physical Inactivity
2023,NC,North Carolina,Alexander,37003,37003040500,BRFSS,Health Risk Behaviors,No leisure-time physical activity among adults,%,Crude prevalence,26.0,21.6,31.0,6560,5109,"{'type': 'Point', 'coordinates': [-81.0966473, 35.864873]}",37003040500,RISKBEH,LPA,CrdPrv,Physical Inactivity
2023,NC,North Carolina,Buncombe,37021,37021002204,BRFSS,Health Risk Behaviors,No leisure-time physical activity among adults,%,Crude prevalence,17.7,14.4,21.4,9841,8314,"{'type': 'Point', 'coordinates': [-82.5432633, 35.4980287]}",37021002204,RISKBEH,LPA,CrdPrv,Physical Inactivity
2023,NC,North Carolina,Caldwell,37027,37027030100,BRFSS,Health Risk Behaviors,No leisure-time physical activity among adults,%,Crude prevalence,35.0,29.2,40.7,5614,4190,"{'type': 'Point', 'coordinates': [-81.5413401, 35.9166238]}",37027030100,RISKBEH,LPA,CrdPrv,Physical Inactivity
2023,NC,North Carolina,Cabarrus,37025,37025041701,BRFSS,Health Risk Behaviors,No leisure-time physical activity among adults,%,Crude prevalence,19.9,15.9,24.0,4259,3348,"{'type': 'Point', 'coordinates': [-80.4047449, 35.39808]}",37025041701,RISKBEH,LPA,CrdPrv,Physical Inactivity
2023,NC,North Carolina,Brunswick,37019,37019020107,BRFSS,Health Risk Behaviors,No leisure-time physical activity among adults,%,Crude prevalence,26.0,21.8,30.6,2769,2119,"{'type': 'Point', 'coordinates': [-78.025875, 34.246065]}",37019020107,RISKBEH,LPA,CrdPrv,Physical Inactivity
2023,NC,North Carolina,Ashe,37009,37009970702,BRFSS,Health Risk Behaviors,No leisure-time physical activity among adults,%,Crude prevalence,22.9,18.5,27.7,2527,2066,"{'type': 'Point', 'coordinates': [-81.4597506, 36.2998512]}",37009970702,RISKBEH,LPA,CrdPrv,Physical Inactivity
2023,NC,North Carolina,Alamance,37001,37001021901,BRFSS,Health Risk Behaviors,No leisure-time physical activity among adults,%,Crude prevalence,20.2,16.3,24.6,4630,3622,"{'type': 'Point', 'coordinates': [-79.3694459, 35.9861226]}",37001021901,RISKBEH,LPA,CrdPrv,Physical Inactivity
2023,NC,North Carolina,Burke,37023,37023020902,BRFSS,Health Risk Behaviors,No leisure-time physical activity among adults,%,Crude prevalence,27.0,22.3,32.2,3421,2734,"{'type': 'Point', 'coordinates': [-81.5571077, 35.7370901]}",37023020902,RISKBEH,LPA,CrdPrv,Physical Inactivity
2023,NC,North Carolina,Alamance,37001,37001021207,BRFSS,Health Risk Behaviors,No leisure-time physical activity among adults,%,Crude prevalence,22.4,18.3,26.9,3498,2697,"{'type': 'Point', 'coordinates': [-79.2949549, 36.1053504]}",37001021207,RISKBEH,LPA,CrdPrv,Physical Inactivity
2023,NC,North Carolina,Cabarrus,37025,37025041602,BRFSS,Health Risk Behaviors,No leisure-time physical activity among adults,%,Crude prevalence,24.4,19.9,29.4,3514,2736,"{'type': 'Point', 'coordinates': [-80.4619357, 35.3434973]}",37025041602,RISKBEH,LPA,CrdPrv,Physical Inactivity
2023,NC,North Carolina,Alexander,37003,37003040300,BRFSS,Health Risk Behaviors,No leisure-time physical activity among adults,%,Crude prevalence,26.2,21.0,31.7,3090,2509,"{'type': 'Point', 'coordinates': [-81.2619487, 35.8935399]}",37003040300,RISKBEH,LPA,CrdPrv,Physical Inactivity
2023,NC,North Carolina,Cabarrus,37025,37025042101,BRFSS,Health Risk Behaviors,No leisure-time physical activity among adults,%,Crude prevalence,35.4,29.6,41.1,3504,2505,"{'type': 'Point', 'coordinates': [-80.5825114, 35.3949811]}",37025042101,RISKBEH,LPA,CrdPrv,Physical Inactivity
2023,NC,North Carolina,Buncombe,37021,37021002701,BRFSS,Health Risk Behaviors,No leisure-time physical activity among adults,%,Crude prevalence,20.6,16.9,24.6,4354,3665,"{'type': 'Point', 'coordinates': [-82.6033401, 35.6756825]}",37021002701,RISKBEH,LPA,CrdPrv,Physical Inactivity
2023,NC,North Carolina,Cabarrus,37025,37025042402,BRFSS,Health Risk Behaviors,No leisure-time physical activity among adults,%,Crude prevalence,30.5,25.3,35.9,5870,4407,"{'type': 'Point', 'coordinates': [-80.6191746, 35.4358549]}",37025042402,RISKBEH,LPA,CrdPrv,Physical Inactivity
2023,NC,North Carolina,Beaufort,37013,37013930300,BRFSS,Health Risk Behaviors,No leisure-time physical activity among adults,%,Crude prevalence,33.5,28.2,39.3,3892,3118,"{'type': 'Point', 'coordinates': [-77.0650549, 35.5552788]}",37013930300,RISKBEH,LPA,CrdPrv,Physical Inactivity
2023,NC,North Carolina,Alamance,37001,37001022002,BRFSS,Health Risk Behaviors,No leisure-time physical activity among adults,%,Crude prevalence,25.9,21.6,30.5,4717,3688,"{'type': 'Point', 'coordinates': [-79.2885164, 35.976536]}",37001022002,RISKBEH,LPA,CrdPrv,Physical Inactivity
2023,NC,North Carolina,Buncombe,37021,37021001402,BRFSS,Health Risk Behaviors,No leisure-time physical activity among adults,%,Crude prevalence,30.4,25.7,35.3,2442,1802,"{'type': 'Point', 'coordinates': [-82.5843859, 35.5978109]}",37021001402,RISKBEH,LPA,CrdPrv,Physical Inactivity
2023,NC,North Carolina,Buncombe,37021,37021001100,BRFSS,Health Risk Behaviors,No leisure-time physical activity among adults,%,Crude prevalence,15.8,12.6,19.5,5127,4257,"{'type': 'Point', 'coordinates': [-82.5926798, 35.571199]}",37021001100,RISKBEH,LPA,CrdPrv,Physical Inactivity
2023,NC,North Carolina,Cabarrus,37025,37025041306,BRFSS,Health Risk Behaviors,No leisure-time physical activity among adults,%,Crude prevalence,14.9,11.8,18.5,6345,4540,"{'type': 'Point', 'coordinates': [-80.7269366, 35.395194]}",37025041306,RISKBEH,LPA,CrdPrv,Physical Inactivity
2023,NC,North Carolina,Carteret,37031,37031970801,BRFSS,Health Risk Behaviors,No leisure-time physical activity among adults,%,Crude prevalence,20.6,16.9,24.8,3005,2441,"{'type': 'Point', 'coordinates': [-77.1097582, 34.7674184]}",37031970801,RISKBEH,LPA,CrdPrv,Physical Inactivity
2023,NC,North Carolina,Alexander,37003,37003040400,BRFSS,Health Risk Behaviors,No leisure-time physical activity among adults,%,Crude prevalence,29.4,24.3,34.7,6503,5098,"{'type': 'Point', 'coordinates': [-81.1748648, 35.9190953]}",37003040400,RISKBEH,LPA,CrdPrv,Physical Inactivity
2023,NC,North Carolina,Carteret,37031,37031970602,BRFSS,Health Risk Behaviors,No leisure-time physical activity among adults,%,Crude prevalence,17.0,13.1,21.5,1159,963,"{'type': 'Point', 'coordinates': [-76.8784489, 34.7298329]}",37031970602,RISKBEH,LPA,CrdPrv,Physical Inactivity
2023,NC,North Carolina,Buncombe,37021,37021003108,BRFSS,Health Risk Behaviors,No leisure-time physical activity among adults,%,Crude prevalence,23.5,19.1,28.5,2467,2212,"{'type': 'Point', 'coordinates': [-82.3555208, 35.6877735]}",37021003108,RISKBEH,LPA,CrdPrv,Physical Inactivity
2023,NC,North Carolina,Burke,37023,37023020901,BRFSS,Health Risk Behaviors,No leisure-time physical activity among adults,%,Crude prevalence,23.9,19.5,28.3,3598,2945,"{'type': 'Point', 'coordinates': [-81.5425419, 35.7605357]}",37023020901,RISKBEH,LPA,CrdPrv,Physical Inactivity
2023,NC,North Carolina,Alamance,37001,37001021801,BRFSS,Health Risk Behaviors,No leisure-time physical activity among adults,%,Crude prevalence,20.2,16.5,24.1,4706,3740,"{'type': 'Point', 'coordinates': [-79.4822243, 35.9869584]}",37001021801,RISKBEH,LPA,CrdPrv,Physical Inactivity
2023,NC,North Carolina,Carteret,37031,37031970402,BRFSS,Health Risk Behaviors,No leisure-time physical activity among adults,%,Crude prevalence,28.3,22.9,34.5,1412,1213,"{'type': 'Point', 'coordinates': [-76.7087383, 34.7239933]}",37031970402,RISKBEH,LPA,CrdPrv,Physical Inactivity
2023,NC,North Carolina,Burke,37023,37023020303,BRFSS,Health Risk Behaviors,No leisure-time physical activity among adults,%,Crude prevalence,22.9,18.4,27.9,4698,3722,"{'type': 'Point', 'coordinates': [-81.7632051, 35.6934159]}",37023020303,RISKBEH,LPA,CrdPrv,Physical Inactivity
2023,NC,North Carolina,Bertie,37015,37015960402,BRFSS,Health Risk Behaviors,No leisure-time physical activity among adults,%,Crude prevalence,33.6,28.1,39.2,4163,3626,"{'type': 'Point', 'coordinates': [-76.8232424, 35.9310996]}",37015960402,RISKBEH,LPA,CrdPrv,Physical Inactivity
2023,NC,North Carolina,Buncombe,37021,37021002702,BRFSS,Health Risk Behaviors,No leisure-time physical activity among adults,%,Crude prevalence,15.7,12.6,19.5,4633,3900,"{'type': 'Point', 'coordinates': [-82.5789043, 35.705975]}",37021002702,RISKBEH,LPA,CrdPrv,Physical Inactivity
2023,NC,North Carolina,Cabarrus,37025,37025040800,BRFSS,Health Risk Behaviors,No leisure-time physical activity among adults,%,Crude prevalence,29.1,24.0,34.4,4136,3209,"{'type': 'Point', 'coordinates': [-80.6179974, 35.4905774]}",37025040800,RISKBEH,LPA,CrdPrv,Physical Inactivity
2023,NC,North Carolina,Ashe,37009,37009970300,BRFSS,Health Risk Behaviors,No leisure-time physical activity among adults,%,Crude prevalence,30.6,25.3,36.6,2390,1968,"{'type': 'Point', 'coordinates': [-81.6702586, 36.4748945]}",37009970300,RISKBEH,LPA,CrdPrv,Physical Inactivity
2023,NC,North Carolina,Brunswick,37019,37019020515,BRFSS,Health Risk Behaviors,No leisure-time physical activity among adults,%,Crude prevalence,22.6,18.1,27.6,3581,3302,"{'type': 'Point', 'coordinates': [-78.5959278, 33.9178421]}",37019020515,RISKBEH,LPA,CrdPrv,Physical Inactivity
2023,NC,North Carolina,Alleghany,37005,37005950100,BRFSS,Health Risk Behaviors,No leisure-time physical activity among adults,%,Crude prevalence,29.6,25.2,34.2,4058,3346,"{'type': 'Point', 'coordinates': [-81.0089677, 36.4788732]}",37005950100,RISKBEH,LPA,CrdPrv,Physical Inactivity
2023,NC,North Carolina,Cabarrus,37025,37025041505,BRFSS,Health Risk Behaviors,No leisure-time physical activity among adults,%,Crude prevalence,16.0,12.7,19.5,8107,5638,"{'type': 'Point', 'coordinates': [-80.6597185, 35.3036585]}",37025041505,RISKBEH,LPA,CrdPrv,Physical Inactivity
2023,NC,North Carolina,Burke,37023,37023020202,BRFSS,Health Risk Behaviors,No leisure-time physical activity among adults,%,Crude prevalence,25.6,21.1,30.6,4377,3413,"{'type': 'Point', 'coordinates': [-81.7359734, 35.7739461]}",37023020202,RISKBEH,LPA,CrdPrv,Physical Inactivity
2023,NC,North Carolina,Brunswick,37019,37019020516,BRFSS,Health Risk Behaviors,No leisure-time physical activity among adults,%,Crude prevalence,23.0,18.3,28.0,4717,4355,"{'type': 'Point', 'coordinates': [-78.5696551, 33.912908]}",37019020516,RISKBEH,LPA,CrdPrv,Physical Inactivity
2023,NC,North Carolina,Buncombe,37021,37021002705,BRFSS,Health Risk Behaviors,No leisure-time physical activity among adults,%,Crude prevalence,15.8,12.3,20.1,1391,1177,"{'type': 'Point', 'coordinates': [-82.4509565, 35.6988106]}",37021002705,RISKBEH,LPA,CrdPrv,Physical Inactivity
2023,NC,North Carolina,Brunswick,37019,37019020601,BRFSS,Health Risk Behaviors,No leisure-time physical activity among adults,%,Crude prevalence,27.9,23.5,32.8,4698,3647,"{'type': 'Point', 'coordinates': [-78.4165529, 34.0823293]}",37019020601,RISKBEH,LPA,CrdPrv,Physical Inactivity
2023,NC,North Carolina,Beaufort,37013,37013930700,BRFSS,Health Risk Behaviors,No leisure-time physical activity among adults,%,Crude prevalence,26.2,21.7,31.3,2663,2297,"{'type': 'Point', 'coordinates': [-76.6855762, 35.4437315]}",37013930700,RISKBEH,LPA,CrdPrv,Physical Inactivity
2023,NC,North Carolina,Alamance,37001,37001022001,BRFSS,Health Risk Behaviors,No leisure-time physical activity among adults,%,Crude prevalence,20.5,16.8,24.5,3759,2937,"{'type': 'Point', 'coordinates': [-79.3342675, 35.9970765]}",37001022001,RISKBEH,LPA,CrdPrv,Physical Inactivity
2023,NC,North Carolina,Caldwell,37027,37027030802,BRFSS,Health Risk Behaviors,No leisure-time physical activity among adults,%,Crude prevalence,30.2,25.2,35.5,4108,3117,"{'type': 'Point', 'coordinates': [-81.5916735, 35.8385388]}",37027030802,RISKBEH,LPA,CrdPrv,Physical Inactivity
2023,NC,North Carolina,Buncombe,37021,37021003203,BRFSS,Health Risk Behaviors,No leisure-time physical activity among adults,%,Crude prevalence,21.4,17.9,25.4,6096,4984,"{'type': 'Point', 'coordinates': [-82.4373634, 35.5415806]}",37021003203,RISKBEH,LPA,CrdPrv,Physical Inactivity
2023,NC,North Carolina,Buncombe,37021,37021002306,BRFSS,Health Risk Behaviors,No leisure-time physical activity among adults,%,Crude prevalence,17.6,14.3,21.1,3890,3267,"{'type': 'Point', 'coordinates': [-82.5963832, 35.5342985]}",37021002306,RISKBEH,LPA,CrdPrv,Physical Inactivity
2023,NC,North Carolina,Bladen,37017,37017950302,BRFSS,Health Risk Behaviors,No leisure-time physical activity among adults,%,Crude prevalence,27.3,23.1,32.0,3246,2561,"{'type': 'Point', 'coordinates': [-78.8208014, 34.7407193]}",37017950302,RISKBEH,LPA,CrdPrv,Physical Inactivity
2023,NC,North Carolina,Brunswick,37019,37019020312,BRFSS,Health Risk Behaviors,No leisure-time physical activity among adults,%,Crude prevalence,24.5,19.6,29.8,1101,916,"{'type': 'Point', 'coordinates': [-78.1818975, 33.9614654]}",37019020312,RISKBEH,LPA,CrdPrv,Physical Inactivity
2023,NC,North Carolina,Alamance,37001,37001020302,BRFSS,Health Risk Behaviors,No leisure-time physical activity among adults,%,Crude prevalence,39.1,33.5,44.7,3974,2817,"{'type': 'Point', 'coordinates': [-79.3911836, 36.09477]}",37001020302,RISKBEH,LPA,CrdPrv,Physical Inactivity
2023,NC,North Carolina,Bladen,37017,37017950200,BRFSS,Health Risk Behaviors,No leisure-time physical activity among adults,%,Crude prevalence,38.1,33.1,43.5,2734,2127,"{'type': 'Point', 'coordinates': [-78.6716465, 34.751534]}",37017950200,RISKBEH,LPA,CrdPrv,Physical Inactivity
2023,NC,North Carolina,Beaufort,37013,37013930102,BRFSS,Health Risk Behaviors,No leisure-time physical activity among adults,%,Crude prevalence,36.1,30.6,41.9,1756,1432,"{'type': 'Point', 'coordinates': [-76.5560395, 35.544452]}",37013930102,RISKBEH,LPA,CrdPrv,Physical Inactivity
2023,NC,North Carolina,Carteret,37031,37031970102,BRFSS,Health Risk Behaviors,No leisure-time physical activity among adults,%,Crude prevalence,21.1,17.3,25.3,2293,1956,"{'type': 'Point', 'coordinates': [-76.4740805, 34.9342725]}",37031970102,RISKBEH,LPA,CrdPrv,Physical Inactivity
2023,NC,North Carolina,Carteret,37031,37031971003,BRFSS,Health Risk Behaviors,No leisure-time physical activity among adults,%,Crude prevalence,17.8,14.1,22.4,1777,1586,"{'type': 'Point', 'coordinates': [-76.8319128, 34.6972082]}",37031971003,RISKBEH,LPA,CrdPrv,Physical Inactivity
2023,NC,North Carolina,Caldwell,37027,37027031201,BRFSS,Health Risk Behaviors,No leisure-time physical activity among adults,%,Crude prevalence,27.8,23.1,33.2,4300,3560,"{'type': 'Point', 'coordinates': [-81.3922821, 35.9347934]}",37027031201,RISKBEH,LPA,CrdPrv,Physical Inactivity
2023,NC,North Carolina,Catawba,37035,37035010301,BRFSS,Health Risk Behaviors,No leisure-time physical activity among adults,%,Crude prevalence,22.2,18.3,26.4,5055,3859,"{'type': 'Point', 'coordinates': [-81.257923, 35.7888753]}",37035010301,RISKBEH,LPA,CrdPrv,Physical Inactivity
2023,NC,North Carolina,Carteret,37031,37031970704,BRFSS,Health Risk Behaviors,No leisure-time physical activity among adults,%,Crude prevalence,20.5,16.3,25.1,2244,1837,"{'type': 'Point', 'coordinates': [-76.780685, 34.8154007]}",37031970704,RISKBEH,LPA,CrdPrv,Physical Inactivity
2023,NC,North Carolina,Buncombe,37021,37021003103,BRFSS,Health Risk Behaviors,No leisure-time physical activity among adults,%,Crude prevalence,18.1,14.6,22.0,1943,1571,"{'type': 'Point', 'coordinates': [-82.3385987, 35.5918424]}",37021003103,RISKBEH,LPA,CrdPrv,Physical Inactivity
2023,NC,North Carolina,Cabarrus,37025,37025041507,BRFSS,Health Risk Behaviors,No leisure-time physical activity among adults,%,Crude prevalence,19.6,15.8,23.7,4450,3200,"{'type': 'Point', 'coordinates': [-80.6003441, 35.2802569]}",37025041507,RISKBEH,LPA,CrdPrv,Physical Inactivity
2023,NC,North Carolina,Buncombe,37021,37021003204,BRFSS,Health Risk Behaviors,No leisure-time physical activity among adults,%,Crude prevalence,18.2,14.8,21.9,5925,4708,"{'type': 'Point', 'coordinates': [-82.3780416, 35.5174215]}",37021003204,RISKBEH,LPA,CrdPrv,Physical Inactivity
2023,NC,North Carolina,Alamance,37001,37001021600,BRFSS,Health Risk Behaviors,No leisure-time physical activity among adults,%,Crude prevalence,17.6,14.2,21.4,8913,7396,"{'type': 'Point', 'coordinates': [-79.520266, 36.1447926]}",37001021600,RISKBEH,LPA,CrdPrv,Physical Inactivity
2023,NC,North Carolina,Brunswick,37019,37019020315,BRFSS,Health Risk Behaviors,No leisure-time physical activity among adults,%,Crude prevalence,23.7,18.5,29.0,1910,1744,"{'type': 'Point', 'coordinates': [-78.0921016, 33.9137959]}",37019020315,RISKBEH,LPA,CrdPrv,Physical Inactivity
2023,NC,North Carolina,Carteret,37031,37031970504,BRFSS,Health Risk Behaviors,No leisure-time physical activity among adults,%,Crude prevalence,15.4,12.2,19.0,2053,1525,"{'type': 'Point', 'coordinates': [-76.7110611, 34.750188]}",37031970504,RISKBEH,LPA,CrdPrv,Physical Inactivity
2023,NC,North Carolina,Cabarrus,37025,37025041304,BRFSS,Health Risk Behaviors,No leisure-time physical activity among adults,%,Crude prevalence,17.0,13.5,20.8,8674,5551,"{'type': 'Point', 'coordinates': [-80.7459596, 35.4330687]}",37025041304,RISKBEH,LPA,CrdPrv,Physical Inactivity
2023,NC,North Carolina,Burke,37023,37023020500,BRFSS,Health Risk Behaviors,No leisure-time physical activity among adults,%,Crude prevalence,25.5,20.6,30.5,2969,2290,"{'type': 'Point', 'coordinates': [-81.6986623, 35.7519415]}",37023020500,RISKBEH,LPA,CrdPrv,Physical Inactivity
2023,NC,North Carolina,Alamance,37001,37001020601,BRFSS,Health Risk Behaviors,No leisure-time physical activity among adults,%,Crude prevalence,15.7,12.2,19.9,3170,2613,"{'type': 'Point', 'coordinates': [-79.4903921, 36.0922417]}",37001020601,RISKBEH,LPA,CrdPrv,Physical Inactivity
2023,NC,North Carolina,Avery,37011,37011930301,BRFSS,Health Risk Behaviors,No leisure-time physical activity among adults,%,Crude prevalence,26.0,21.3,30.9,3351,2699,"{'type': 'Point', 'coordinates': [-81.9404824, 36.1128045]}",37011930301,RISKBEH,LPA,CrdPrv,Physical Inactivity
2023,NC,North Carolina,Buncombe,37021,37021001200,BRFSS,Health Risk Behaviors,No leisure-time physical activity among adults,%,Crude prevalence,14.8,11.8,18.3,5381,4230,"{'type': 'Point', 'coordinates': [-82.6099808, 35.5706972]}",37021001200,RISKBEH,LPA,CrdPrv,Physical Inactivity
2023,NC,North Carolina,Cabarrus,37025,37025042602,BRFSS,Health Risk Behaviors,No leisure-time physical activity among adults,%,Crude prevalence,23.4,19.1,28.3,4789,3466,"{'type': 'Point', 'coordinates': [-80.692239, 35.3750708]}",37025042602,RISKBEH,LPA,CrdPrv,Physical Inactivity
2023,NC,North Carolina,Beaufort,37013,37013931002,BRFSS,Health Risk Behaviors,No leisure-time physical activity among adults,%,Crude prevalence,29.0,24.5,34.2,2815,2246,"{'type': 'Point', 'coordinates': [-77.0822702, 35.4977535]}",37013931002,RISKBEH,LPA,CrdPrv,Physical Inactivity
2023,NC,North Carolina,Bertie,37015,37015960401,BRFSS,Health Risk Behaviors,No leisure-time physical activity among adults,%,Crude prevalence,29.8,24.9,35.2,3002,2444,"{'type': 'Point', 'coordinates': [-76.9123754, 36.0366771]}",37015960401,RISKBEH,LPA,CrdPrv,Physical Inactivity
2023,NC,North Carolina,Anson,37007,37007920200,BRFSS,Health Risk Behaviors,No leisure-time physical activity among adults,%,Crude prevalence,32.6,27.5,37.8,1411,1140,"{'type': 'Point', 'coordinates': [-80.1049893, 35.0996781]}",37007920200,RISKBEH,LPA,CrdPrv,Physical Inactivity
2023,NC,North Carolina,Alamance,37001,37001021902,BRFSS,Health Risk Behaviors,No leisure-time physical activity among adults,%,Crude prevalence,24.7,20.7,29.2,4424,3438,"{'type': 'Point', 'coordinates': [-79.3325996, 35.892058]}",37001021902,RISKBEH,LPA,CrdPrv,Physical Inactivity
2023,NC,North Carolina,Buncombe,37021,37021000700,BRFSS,Health Risk Behaviors,No leisure-time physical activity among adults,%,Crude prevalence,21.0,17.2,25.4,1648,1460,"{'type': 'Point', 'coordinates': [-82.5453765, 35.5904452]}",37021000700,RISKBEH,LPA,CrdPrv,Physical Inactivity
2023,NC,North Carolina,Carteret,37031,37031970904,BRFSS,Health Risk Behaviors,No leisure-time physical activity among adults,%,Crude prevalence,18.8,14.7,23.8,2757,2390,"{'type': 'Point', 'coordinates': [-77.0692195, 34.6619405]}",37031970904,RISKBEH,LPA,CrdPrv,Physical Inactivity
2023,NC,North Carolina,Caswell,37033,37033930600,BRFSS,Health Risk Behaviors,No leisure-time physical activity among adults,%,Crude prevalence,24.9,20.7,29.5,4897,3961,"{'type': 'Point', 'coordinates': [-79.2500418, 36.3078018]}",37033930600,RISKBEH,LPA,CrdPrv,Physical Inactivity
2023,NC,North Carolina,Anson,37007,37007920502,BRFSS,Health Risk Behaviors,No leisure-time physical activity among adults,%,Crude prevalence,34.1,28.9,39.4,4442,3587,"{'type': 'Point', 'coordinates': [-80.0568714, 34.9419407]}",37007920502,RISKBEH,LPA,CrdPrv,Physical Inactivity
2023,NC,North Carolina,Buncombe,37021,37021000500,BRFSS,Health Risk Behaviors,No leisure-time physical activity among adults,%,Crude prevalence,12.8,10.3,15.9,3725,3133,"{'type': 'Point', 'coordinates': [-82.5424249, 35.6230445]}",37021000500,RISKBEH,LPA,CrdPrv,Physical Inactivity
2023,NC,North Carolina,Alamance,37001,37001021500,BRFSS,Health Risk Behaviors,No leisure-time physical activity among adults,%,Crude prevalence,21.6,17.7,26.1,4576,3658,"{'type': 'Point', 'coordinates': [-79.4828826, 36.1916726]}",37001021500,RISKBEH,LPA,CrdPrv,Physical Inactivity
2023,NC,North Carolina,Buncombe,37021,37021003107,BRFSS,Health Risk Behaviors,No leisure-time physical activity among adults,%,Crude prevalence,16.8,13.4,20.5,4030,3313,"{'type': 'Point', 'coordinates': [-82.3456332, 35.6264532]}",37021003107,RISKBEH,LPA,CrdPrv,Physical Inactivity
2023,NC,North Carolina,Brunswick,37019,37019020105,BRFSS,Health Risk Behaviors,No leisure-time physical activity among adults,%,Crude prevalence,19.7,15.5,24.0,6376,5443,"{'type': 'Point', 'coordinates': [-78.0393515, 34.2268494]}",37019020105,RISKBEH,LPA,CrdPrv,Physical Inactivity
2023,NC,North Carolina,Buncombe,37021,37021000100,BRFSS,Health Risk Behaviors,No leisure-time physical activity among adults,%,Crude prevalence,29.6,24.2,35.5,1563,1512,"{'type': 'Point', 'coordinates': [-82.5532037, 35.59488]}",37021000100,RISKBEH,LPA,CrdPrv,Physical Inactivity
2023,NC,North Carolina,Buncombe,37021,37021002803,BRFSS,Health Risk Behaviors,No leisure-time physical activity among adults,%,Crude prevalence,24.8,20.5,29.3,4410,3452,"{'type': 'Point', 'coordinates': [-82.6147787, 35.7328817]}",37021002803,RISKBEH,LPA,CrdPrv,Physical Inactivity
2023,NC,North Carolina,Anson,37007,37007920501,BRFSS,Health Risk Behaviors,No leisure-time physical activity among adults,%,Crude prevalence,37.6,31.5,43.5,944,738,"{'type': 'Point', 'coordinates': [-80.1461397, 34.9395656]}",37007920501,RISKBEH,LPA,CrdPrv,Physical Inactivity
2023,NC,North Carolina,Bladen,37017,37017950502,BRFSS,Health Risk Behaviors,No leisure-time physical activity among adults,%,Crude prevalence,31.0,26.4,36.1,3371,2639,"{'type': 'Point', 'coordinates': [-78.800439, 34.5136718]}",37017950502,RISKBEH,LPA,CrdPrv,Physical Inactivity
2023,NC,North Carolina,Caldwell,37027,37027031100,BRFSS,Health Risk Behaviors,No leisure-time physical activity among adults,%,Crude prevalence,27.0,21.9,32.1,4277,3474,"{'type': 'Point', 'coordinates': [-81.4591576, 36.0001013]}",37027031100,RISKBEH,LPA,CrdPrv,Physical Inactivity
2023,NC,North Carolina,Cabarrus,37025,37025041702,BRFSS,Health Risk Behaviors,No leisure-time physical activity among adults,%,Crude prevalence,23.9,19.5,28.4,3448,2713,"{'type': 'Point', 'coordinates': [-80.3967588, 35.4608832]}",37025041702,RISKBEH,LPA,CrdPrv,Physical Inactivity
2023,NC,North Carolina,Brunswick,37019,37019020102,BRFSS,Health Risk Behaviors,No leisure-time physical activity among adults,%,Crude prevalence,20.6,16.5,25.2,6040,4953,"{'type': 'Point', 'coordinates': [-78.093043, 34.2873137]}",37019020102,RISKBEH,LPA,CrdPrv,Physical Inactivity
2023,NC,North Carolina,Buncombe,37021,37021000800,BRFSS,Health Risk Behaviors,No leisure-time physical activity among adults,%,Crude prevalence,17.5,14.2,21.3,3358,2774,"{'type': 'Point', 'coordinates': [-82.5377897, 35.5810477]}",37021000800,RISKBEH,LPA,CrdPrv,Physical Inactivity
2023,NC,North Carolina,Carteret,37031,37031970702,BRFSS,Health Risk Behaviors,No leisure-time physical activity among adults,%,Crude prevalence,25.6,21.2,30.7,3708,2938,"{'type': 'Point', 'coordinates': [-76.9048924, 34.7975248]}",37031970702,RISKBEH,LPA,CrdPrv,Physical Inactivity
2023,NC,North Carolina,Alamance,37001,37001021206,BRFSS,Health Risk Behaviors,No leisure-time physical activity among adults,%,Crude prevalence,21.2,17.3,25.2,5382,3960,"{'type': 'Point', 'coordinates': [-79.3059217, 36.0854714]}",37001021206,RISKBEH,LPA,CrdPrv,Physical Inactivity
2023,NC,North Carolina,Cabarrus,37025,37025042401,BRFSS,Health Risk Behaviors,No leisure-time physical activity among adults,%,Crude prevalence,21.9,17.8,26.7,3684,3011,"{'type': 'Point', 'coordinates': [-80.5868519, 35.4444251]}",37025042401,RISKBEH,LPA,CrdPrv,Physical Inactivity
2023,NC,North Carolina,Buncombe,37021,37021000400,BRFSS,Health Risk Behaviors,No leisure-time physical activity among adults,%,Crude prevalence,14.8,11.7,18.4,4436,4093,"{'type': 'Point', 'coordinates': [-82.5622271, 35.6147195]}",37021000400,RISKBEH,LPA,CrdPrv,Physical Inactivity
2023,NC,North Carolina,Beaufort,37013,37013930600,BRFSS,Health Risk Behaviors,No leisure-time physical activity among adults,%,Crude prevalence,20.8,17.1,25.3,3259,2590,"{'type': 'Point', 'coordinates': [-76.8742247, 35.5119533]}",37013930600,RISKBEH,LPA,CrdPrv,Physical Inactivity
2023,NC,North Carolina,Cabarrus,37025,37025040705,BRFSS,Health Risk Behaviors,No leisure-time physical activity among adults,%,Crude prevalence,29.4,24.2,34.6,3535,2736,"{'type': 'Point', 'coordinates': [-80.5918686, 35.4938412]}",37025040705,RISKBEH,LPA,CrdPrv,Physical Inactivity
2023,NC,North Carolina,Buncombe,37021,37021002606,BRFSS,Health Risk Behaviors,No leisure-time physical activity among adults,%,Crude prevalence,21.2,17.6,25.8,4158,3237,"{'type': 'Point', 'coordinates': [-82.6590655, 35.643985]}",37021002606,RISKBEH,LPA,CrdPrv,Physical Inactivity
2023,NC,North Carolina,Carteret,37031,37031970304,BRFSS,Health Risk Behaviors,No leisure-time physical activity among adults,%,Crude prevalence,23.0,18.4,27.9,2247,1944,"{'type': 'Point', 'coordinates': [-76.6260904, 34.7149191]}",37031970304,RISKBEH,LPA,CrdPrv,Physical Inactivity
2023,NC,North Carolina,Buncombe,37021,37021001700,BRFSS,Health Risk Behaviors,No leisure-time physical activity among adults,%,Crude prevalence,19.6,15.4,24.1,2887,2489,"{'type': 'Point', 'coordinates': [-82.5155282, 35.6458553]}",37021001700,RISKBEH,LPA,CrdPrv,Physical Inactivity
2023,NC,North Carolina,Cabarrus,37025,37025042604,BRFSS,Health Risk Behaviors,No leisure-time physical activity among adults,%,Crude prevalence,23.1,18.8,27.7,5261,4058,"{'type': 'Point', 'coordinates': [-80.6560739, 35.3299994]}",37025042604,RISKBEH,LPA,CrdPrv,Physical Inactivity
2023,NC,North Carolina,Catawba,37035,37035010204,BRFSS,Health Risk Behaviors,No leisure-time physical activity among adults,%,Crude prevalence,27.9,23.6,32.7,5177,3975,"{'type': 'Point', 'coordinates': [-81.2421456, 35.7222789]}",37035010204,RISKBEH,LPA,CrdPrv,Physical Inactivity
2023,NC,North Carolina,Buncombe,37021,37021003004,BRFSS,Health Risk Behaviors,No leisure-time physical activity among adults,%,Crude prevalence,17.1,13.8,21.0,2615,2232,"{'type': 'Point', 'coordinates': [-82.4509973, 35.6373813]}",37021003004,RISKBEH,LPA,CrdPrv,Physical Inactivity
2023,NC,North Carolina,Carteret,37031,37031970903,BRFSS,Health Risk Behaviors,No leisure-time physical activity among adults,%,Crude prevalence,16.8,12.8,21.3,1092,997,"{'type': 'Point', 'coordinates': [-76.9739116, 34.7011054]}",37031970903,RISKBEH,LPA,CrdPrv,Physical Inactivity
2023,NC,North Carolina,Cabarrus,37025,37025042300,BRFSS,Health Risk Behaviors,No leisure-time physical activity among adults,%,Crude prevalence,24.4,19.6,29.3,4922,3779,"{'type': 'Point', 'coordinates': [-80.5778739, 35.4209195]}",37025042300,RISKBEH,LPA,CrdPrv,Physical Inactivity
2023,NC,North Carolina,Buncombe,37021,37021003106,BRFSS,Health Risk Behaviors,No leisure-time physical activity among adults,%,Crude prevalence,19.8,16.3,24.0,1696,1428,"{'type': 'Point', 'coordinates': [-82.3124706, 35.7006079]}",37021003106,RISKBEH,LPA,CrdPrv,Physical Inactivity
2023,NC,North Carolina,Avery,37011,37011930200,BRFSS,Health Risk Behaviors,No leisure-time physical activity among adults,%,Crude prevalence,24.6,20.3,29.6,3431,3009,"{'type': 'Point', 'coordinates': [-81.8294281, 36.0498505]}",37011930200,RISKBEH,LPA,CrdPrv,Physical Inactivity
2023,NC,North Carolina,Caswell,37033,37033930100,BRFSS,Health Risk Behaviors,No leisure-time physical activity among adults,%,Crude prevalence,28.8,24.0,33.7,2297,1857,"{'type': 'Point', 'coordinates': [-79.2246812, 36.4955611]}",37033930100,RISKBEH,LPA,CrdPrv,Physical Inactivity
2023,NC,North Carolina,Beaufort,37013,37013930900,BRFSS,Health Risk Behaviors,No leisure-time physical activity among adults,%,Crude prevalence,22.3,18.4,27.0,3875,3464,"{'type': 'Point', 'coordinates': [-76.9668799, 35.3892318]}",37013930900,RISKBEH,LPA,CrdPrv,Physical Inactivity
2023,NC,North Carolina,Brunswick,37019,37019020518,BRFSS,Health Risk Behaviors,No leisure-time physical activity among adults,%,Crude prevalence,21.4,17.3,26.2,3234,2982,"{'type': 'Point', 'coordinates': [-78.483257, 33.9070699]}",37019020518,RISKBEH,LPA,CrdPrv,Physical Inactivity
2023,NC,North Carolina,Bladen,37017,37017950602,BRFSS,Health Risk Behaviors,No leisure-time physical activity among adults,%,Crude prevalence,31.1,26.3,35.8,2273,1900,"{'type': 'Point', 'coordinates': [-78.4606439, 34.4457174]}",37017950602,RISKBEH,LPA,CrdPrv,Physical Inactivity
2023,NC,North Carolina,Alamance,37001,37001020901,BRFSS,Health Risk Behaviors,No leisure-time physical activity among adults,%,Crude prevalence,21.4,17.6,25.4,3871,3083,"{'type': 'Point', 'coordinates': [-79.4179557, 36.0567365]}",37001020901,RISKBEH,LPA,CrdPrv,Physical Inactivity
2023,NC,North Carolina,Alamance,37001,37001021803,BRFSS,Health Risk Behaviors,No leisure-time physical activity among adults,%,Crude prevalence,21.8,17.8,26.4,3042,2352,"{'type': 'Point', 'coordinates': [-79.4773039, 35.8777839]}",37001021803,RISKBEH,LPA,CrdPrv,Physical Inactivity
2023,NC,North Carolina,Caswell,37033,37033930500,BRFSS,Health Risk Behaviors,No leisure-time physical activity among adults,%,Crude prevalence,27.2,22.7,32.2,3675,2962,"{'type': 'Point', 'coordinates': [-79.4496379, 36.3006633]}",37033930500,RISKBEH,LPA,CrdPrv,Physical Inactivity
2023,NC,North Carolina,Carteret,37031,37031970603,BRFSS,Health Risk Behaviors,No leisure-time physical activity among adults,%,Crude prevalence,30.2,25.0,36.1,1568,1271,"{'type': 'Point', 'coordinates': [-76.8587875, 34.7402425]}",37031970603,RISKBEH,LPA,CrdPrv,Physical Inactivity
2023,NC,North Carolina,Alamance,37001,37001021702,BRFSS,Health Risk Behaviors,No leisure-time physical activity among adults,%,Crude prevalence,18.6,14.6,23.3,5897,5272,"{'type': 'Point', 'coordinates': [-79.5083273, 36.0930886]}",37001021702,RISKBEH,LPA,CrdPrv,Physical Inactivity
2023,NC,North Carolina,Carteret,37031,37031970804,BRFSS,Health Risk Behaviors,No leisure-time physical activity among adults,%,Crude prevalence,18.1,14.4,22.2,3979,3097,"{'type': 'Point', 'coordinates': [-77.0116721, 34.7261934]}",37031970804,RISKBEH,LPA,CrdPrv,Physical Inactivity
2023,NC,North Carolina,Cabarrus,37025,37025041503,BRFSS,Health Risk Behaviors,No leisure-time physical activity among adults,%,Crude prevalence,16.8,13.5,20.3,6114,4319,"{'type': 'Point', 'coordinates': [-80.5806243, 35.3238428]}",37025041503,RISKBEH,LPA,CrdPrv,Physical Inactivity
2023,NC,North Carolina,Brunswick,37019,37019020314,BRFSS,Health Risk Behaviors,No leisure-time physical activity among adults,%,Crude prevalence,16.7,12.9,21.1,558,494,"{'type': 'Point', 'coordinates': [-78.1379543, 33.9143122]}",37019020314,RISKBEH,LPA,CrdPrv,Physical Inactivity
2023,NC,North Carolina,Alamance,37001,37001021102,BRFSS,Health Risk Behaviors,No leisure-time physical activity among adults,%,Crude prevalence,24.6,20.2,29.2,3587,2855,"{'type': 'Point', 'coordinates': [-79.3746745, 36.0377304]}",37001021102,RISKBEH,LPA,CrdPrv,Physical Inactivity
2023,NC,North Carolina,Brunswick,37019,37019020511,BRFSS,Health Risk Behaviors,No leisure-time physical activity among adults,%,Crude prevalence,21.3,17.1,25.9,2566,2241,"{'type': 'Point', 'coordinates': [-78.4015063, 33.9128875]}",37019020511,RISKBEH,LPA,CrdPrv,Physical Inactivity
2023,NC,North Carolina,Catawba,37035,37035010402,BRFSS,Health Risk Behaviors,No leisure-time physical activity among adults,%,Crude prevalence,23.7,19.5,28.3,5078,4261,"{'type': 'Point', 'coordinates': [-81.3237246, 35.7460033]}",37035010402,RISKBEH,LPA,CrdPrv,Physical Inactivity
2023,NC,North Carolina,Ashe,37009,37009970701,BRFSS,Health Risk Behaviors,No leisure-time physical activity among adults,%,Crude prevalence,21.2,17.0,25.9,3356,2835,"{'type': 'Point', 'coordinates': [-81.561917, 36.3392756]}",37009970701,RISKBEH,LPA,CrdPrv,Physical Inactivity
2023,NC,North Carolina,Carteret,37031,37031970703,BRFSS,Health Risk Behaviors,No leisure-time physical activity among adults,%,Crude prevalence,22.5,18.6,27.2,5068,4129,"{'type': 'Point', 'coordinates': [-76.863669, 34.7901045]}",37031970703,RISKBEH,LPA,CrdPrv,Physical Inactivity
2023,NC,North Carolina,Buncombe,37021,37021002704,BRFSS,Health Risk Behaviors,No leisure-time physical activity among adults,%,Crude prevalence,19.6,15.9,24.0,4837,4034,"{'type': 'Point', 'coordinates': [-82.5232384, 35.6888391]}",37021002704,RISKBEH,LPA,CrdPrv,Physical Inactivity
2023,NC,North Carolina,Cabarrus,37025,37025042102,BRFSS,Health Risk Behaviors,No leisure-time physical activity among adults,%,Crude prevalence,25.4,20.5,30.3,3709,2668,"{'type': 'Point', 'coordinates': [-80.5895258, 35.3733399]}",37025042102,RISKBEH,LPA,CrdPrv,Physical Inactivity
2023,NC,North Carolina,Cabarrus,37025,37025041202,BRFSS,Health Risk Behaviors,No leisure-time physical activity among adults,%,Crude prevalence,18.8,15.2,22.6,6064,4781,"{'type': 'Point', 'coordinates': [-80.6715841, 35.458206]}",37025041202,RISKBEH,LPA,CrdPrv,Physical Inactivity
2023,NC,North Carolina,Buncombe,37021,37021002604,BRFSS,Health Risk Behaviors,No leisure-time physical activity among adults,%,Crude prevalence,24.0,19.8,28.5,6746,5408,"{'type': 'Point', 'coordinates': [-82.6827896, 35.6866884]}",37021002604,RISKBEH,LPA,CrdPrv,Physical Inactivity
2023,NC,North Carolina,Buncombe,37021,37021001300,BRFSS,Health Risk Behaviors,No leisure-time physical activity among adults,%,Crude prevalence,22.2,18.6,26.3,4585,3615,"{'type': 'Point', 'coordinates': [-82.6227506, 35.5806246]}",37021001300,RISKBEH,LPA,CrdPrv,Physical Inactivity
2023,NC,North Carolina,Cabarrus,37025,37025040600,BRFSS,Health Risk Behaviors,No leisure-time physical activity among adults,%,Crude prevalence,21.3,17.4,25.7,6238,4927,"{'type': 'Point', 'coordinates': [-80.5073215, 35.4640602]}",37025040600,RISKBEH,LPA,CrdPrv,Physical Inactivity
2023,NC,North Carolina,Brunswick,37019,37019020106,BRFSS,Health Risk Behaviors,No leisure-time physical activity among adults,%,Crude prevalence,21.1,17.2,25.2,2828,2231,"{'type': 'Point', 'coordinates': [-78.0810595, 34.2314756]}",37019020106,RISKBEH,LPA,CrdPrv,Physical Inactivity
2023,NC,North Carolina,Buncombe,37021,37021000300,BRFSS,Health Risk Behaviors,No leisure-time physical activity among adults,%,Crude prevalence,23.7,19.2,29.1,2183,1806,"{'type': 'Point', 'coordinates': [-82.5724487, 35.6056351]}",37021000300,RISKBEH,LPA,CrdPrv,Physical Inactivity
2023,NC,North Carolina,Alamance,37001,37001020200,BRFSS,Health Risk Behaviors,No leisure-time physical activity among adults,%,Crude prevalence,41.6,35.7,47.1,4137,3192,"{'type': 'Point', 'coordinates': [-79.4195398, 36.0919103]}",37001020200,RISKBEH,LPA,CrdPrv,Physical Inactivity
2023,NC,North Carolina,Camden,37029,37029950102,BRFSS,Health Risk Behaviors,No leisure-time physical activity among adults,%,Crude prevalence,22.3,19.7,25.0,4601,3569,"{'type': 'Point', 'coordinates': [-75.9895585, 36.2430573]}",37029950102,RISKBEH,LPA,CrdPrv,Physical Inactivity
2023,NC,North Carolina,Buncombe,37021,37021000600,BRFSS,Health Risk Behaviors,No leisure-time physical activity among adults,%,Crude prevalence,15.8,12.6,19.8,1972,1755,"{'type': 'Point', 'coordinates': [-82.5470874, 35.6041522]}",37021000600,RISKBEH,LPA,CrdPrv,Physical Inactivity
2023,NC,North Carolina,Beaufort,37013,37013930501,BRFSS,Health Risk Behaviors,No leisure-time physical activity among adults,%,Crude prevalence,28.4,23.6,34.2,4440,3538,"{'type': 'Point', 'coordinates': [-76.994309, 35.5089705]}",37013930501,RISKBEH,LPA,CrdPrv,Physical Inactivity
2023,NC,North Carolina,Burke,37023,37023020203,BRFSS,Health Risk Behaviors,No leisure-time physical activity among adults,%,Crude prevalence,23.8,19.2,28.4,2860,2363,"{'type': 'Point', 'coordinates': [-81.8755249, 35.8554345]}",37023020203,RISKBEH,LPA,CrdPrv,Physical Inactivity
2023,NC,North Carolina,Caldwell,37027,37027030400,BRFSS,Health Risk Behaviors,No leisure-time physical activity among adults,%,Crude prevalence,32.7,27.6,37.9,4547,3694,"{'type': 'Point', 'coordinates': [-81.5174085, 35.8681457]}",37027030400,RISKBEH,LPA,CrdPrv,Physical Inactivity
2023,NC,North Carolina,Burke,37023,37023020801,BRFSS,Health Risk Behaviors,No leisure-time physical activity among adults,%,Crude prevalence,28.9,24.2,33.7,5219,4213,"{'type': 'Point', 'coordinates': [-81.6150935, 35.7643139]}",37023020801,RISKBEH,LPA,CrdPrv,Physical Inactivity
2023,NC,North Carolina,Cabarrus,37025,37025041305,BRFSS,Health Risk Behaviors,No leisure-time physical activity among adults,%,Crude prevalence,16.4,13.0,20.0,2688,1969,"{'type': 'Point', 'coordinates': [-80.716081, 35.419179]}",37025041305,RISKBEH,LPA,CrdPrv,Physical Inactivity
2023,NC,North Carolina,Alamance,37001,37001021000,BRFSS,Health Risk Behaviors,No leisure-time physical activity among adults,%,Crude prevalence,34.4,29.0,39.7,4091,3038,"{'type': 'Point', 'coordinates': [-79.3985062, 36.076978]}",37001021000,RISKBEH,LPA,CrdPrv,Physical Inactivity
2023,NC,North Carolina,Burke,37023,37023021400,BRFSS,Health Risk Behaviors,No leisure-time physical activity among adults,%,Crude prevalence,29.0,23.9,34.2,5112,3959,"{'type': 'Point', 'coordinates': [-81.7121721, 35.7286661]}",37023021400,RISKBEH,LPA,CrdPrv,Physical Inactivity
2023,NC,North Carolina,Alamance,37001,37001021701,BRFSS,Health Risk Behaviors,No leisure-time physical activity among adults,%,Crude prevalence,19.0,15.1,23.7,3479,2946,"{'type': 'Point', 'coordinates': [-79.5291655, 36.0927095]}",37001021701,RISKBEH,LPA,CrdPrv,Physical Inactivity
2023,NC,North Carolina,Carteret,37031,37031970606,BRFSS,Health Risk Behaviors,No leisure-time physical activity among adults,%,Crude prevalence,19.1,15.4,23.5,3471,2968,"{'type': 'Point', 'coordinates': [-76.8143349, 34.7305875]}",37031970606,RISKBEH,LPA,CrdPrv,Physical Inactivity
2023,NC,North Carolina,Caswell,37033,37033930300,BRFSS,Health Risk Behaviors,No leisure-time physical activity among adults,%,Crude prevalence,30.7,25.3,36.0,3787,3035,"{'type': 'Point', 'coordinates': [-79.4247909, 36.4986396]}",37033930300,RISKBEH,LPA,CrdPrv,Physical Inactivity
2023,NC,North Carolina,Bladen,37017,37017950601,BRFSS,Health Risk Behaviors,No leisure-time physical activity among adults,%,Crude prevalence,33.8,28.7,38.8,2905,2312,"{'type': 'Point', 'coordinates': [-78.5884025, 34.515667]}",37017950601,RISKBEH,LPA,CrdPrv,Physical Inactivity
2023,NC,North Carolina,Caldwell,37027,37027031401,BRFSS,Health Risk Behaviors,No leisure-time physical activity among adults,%,Crude prevalence,27.4,22.8,32.2,3191,2581,"{'type': 'Point', 'coordinates': [-81.4923341, 35.7931298]}",37027031401,RISKBEH,LPA,CrdPrv,Physical Inactivity
2023,NC,North Carolina,Cabarrus,37025,37025041603,BRFSS,Health Risk Behaviors,No leisure-time physical activity among adults,%,Crude prevalence,18.2,14.6,22.1,4992,3751,"{'type': 'Point', 'coordinates': [-80.5334599, 35.2309344]}",37025041603,RISKBEH,LPA,CrdPrv,Physical Inactivity
2023,NC,North Carolina,Cabarrus,37025,37025040701,BRFSS,Health Risk Behaviors,No leisure-time physical activity among adults,%,Crude prevalence,33.5,27.9,39.2,1823,1412,"{'type': 'Point', 'coordinates': [-80.5817529, 35.4976616]}",37025040701,RISKBEH,LPA,CrdPrv,Physical Inactivity
2023,NC,North Carolina,Alleghany,37005,37005950300,BRFSS,Health Risk Behaviors,No leisure-time physical activity among adults,%,Crude prevalence,28.1,23.7,32.6,3068,2569,"{'type': 'Point', 'coordinates': [-81.232151, 36.4954342]}",37005950300,RISKBEH,LPA,CrdPrv,Physical Inactivity
2023,NC,North Carolina,Buncombe,37021,37021002505,BRFSS,Health Risk Behaviors,No leisure-time physical activity among adults,%,Crude prevalence,21.9,17.8,26.2,5164,4137,"{'type': 'Point', 'coordinates': [-82.6680939, 35.5681755]}",37021002505,RISKBEH,LPA,CrdPrv,Physical Inactivity
2023,NC,North Carolina,Alexander,37003,37003040200,BRFSS,Health Risk Behaviors,No leisure-time physical activity among adults,%,Crude prevalence,25.8,20.9,31.3,3877,3162,"{'type': 'Point', 'coordinates': [-81.2466687, 35.9824254]}",37003040200,RISKBEH,LPA,CrdPrv,Physical Inactivity
2023,NC,North Carolina,Cabarrus,37025,37025041100,BRFSS,Health Risk Behaviors,No leisure-time physical activity among adults,%,Crude prevalence,21.9,17.7,26.4,7370,5536,"{'type': 'Point', 'coordinates': [-80.6346627, 35.4589708]}",37025041100,RISKBEH,LPA,CrdPrv,Physical Inactivity
2023,NC,North Carolina,Cabarrus,37025,37025042502,BRFSS,Health Risk Behaviors,No leisure-time physical activity among adults,%,Crude prevalence,28.6,23.4,33.8,2728,2195,"{'type': 'Point', 'coordinates': [-80.6213686, 35.4055435]}",37025042502,RISKBEH,LPA,CrdPrv,Physical Inactivity
2023,NC,North Carolina,Bladen,37017,37017950401,BRFSS,Health Risk Behaviors,No leisure-time physical activity among adults,%,Crude prevalence,37.5,32.1,43.0,3509,2842,"{'type': 'Point', 'coordinates': [-78.631086, 34.6304635]}",37017950401,RISKBEH,LPA,CrdPrv,Physical Inactivity
2023,NC,North Carolina,Alamance,37001,37001021201,BRFSS,Health Risk Behaviors,No leisure-time physical activity among adults,%,Crude prevalence,30.5,25.7,35.3,6305,4722,"{'type': 'Point', 'coordinates': [-79.3538343, 36.1058538]}",37001021201,RISKBEH,LPA,CrdPrv,Physical Inactivity
2023,NC,North Carolina,Alamance,37001,37001020100,BRFSS,Health Risk Behaviors,No leisure-time physical activity among adults,%,Crude prevalence,25.8,21.1,30.8,4040,3196,"{'type': 'Point', 'coordinates': [-79.4455986, 36.0914774]}",37001020100,RISKBEH,LPA,CrdPrv,Physical Inactivity
2023,NC,North Carolina,Buncombe,37021,37021002609,BRFSS,Health Risk Behaviors,No leisure-time physical activity among adults,%,Crude prevalence,30.6,25.2,36.3,1297,1052,"{'type': 'Point', 'coordinates': [-82.6993953, 35.6451236]}",37021002609,RISKBEH,LPA,CrdPrv,Physical Inactivity
2023,NC,North Carolina,Alamance,37001,37001021204,BRFSS,Health Risk Behaviors,No leisure-time physical activity among adults,%,Crude prevalence,23.4,19.5,27.7,5217,4037,"{'type': 'Point', 'coordinates': [-79.3189482, 36.0441127]}",37001021204,RISKBEH,LPA,CrdPrv,Physical Inactivity
2023,NC,North Carolina,Brunswick,37019,37019020306,BRFSS,Health Risk Behaviors,No leisure-time physical activity among adults,%,Crude prevalence,20.0,15.8,24.6,2578,2271,"{'type': 'Point', 'coordinates': [-77.9921571, 33.9512242]}",37019020306,RISKBEH,LPA,CrdPrv,Physical Inactivity
2023,NC,North Carolina,Carteret,37031,37031970403,BRFSS,Health Risk Behaviors,No leisure-time physical activity among adults,%,Crude prevalence,21.1,16.5,26.3,1079,960,"{'type': 'Point', 'coordinates': [-76.7147695, 34.719317]}",37031970403,RISKBEH,LPA,CrdPrv,Physical Inactivity
2023,NC,North Carolina,Brunswick,37019,37019020405,BRFSS,Health Risk Behaviors,No leisure-time physical activity among adults,%,Crude prevalence,28.1,23.4,33.3,3166,2666,"{'type': 'Point', 'coordinates': [-78.2685241, 33.9729461]}",37019020405,RISKBEH,LPA,CrdPrv,Physical Inactivity
2023,NC,North Carolina,Buncombe,37021,37021001500,BRFSS,Health Risk Behaviors,No leisure-time physical activity among adults,%,Crude prevalence,19.4,15.3,23.6,2507,2065,"{'type': 'Point', 'coordinates': [-82.5944149, 35.6306242]}",37021001500,RISKBEH,LPA,CrdPrv,Physical Inactivity
2023,NC,North Carolina,Caldwell,37027,37027030801,BRFSS,Health Risk Behaviors,No leisure-time physical activity among adults,%,Crude prevalence,27.4,22.9,32.4,3538,2852,"{'type': 'Point', 'coordinates': [-81.5551973, 35.8156554]}",37027030801,RISKBEH,LPA,CrdPrv,Physical Inactivity
2023,NC,North Carolina,Alamance,37001,37001020902,BRFSS,Health Risk Behaviors,No leisure-time physical activity among adults,%,Crude prevalence,22.7,18.7,27.3,3887,3092,"{'type': 'Point', 'coordinates': [-79.4128455, 36.029254]}",37001020902,RISKBEH,LPA,CrdPrv,Physical Inactivity
2023,NC,North Carolina,Carteret,37031,37031970805,BRFSS,Health Risk Behaviors,No leisure-time physical activity among adults,%,Crude prevalence,23.4,19.3,27.9,1698,1314,"{'type': 'Point', 'coordinates': [-77.0184797, 34.7817392]}",37031970805,RISKBEH,LPA,CrdPrv,Physical Inactivity
2023,NC,North Carolina,Beaufort,37013,37013930800,BRFSS,Health Risk Behaviors,No leisure-time physical activity among adults,%,Crude prevalence,36.2,31.0,41.6,2016,1615,"{'type': 'Point', 'coordinates': [-76.7560671, 35.3049988]}",37013930800,RISKBEH,LPA,CrdPrv,Physical Inactivity
2023,NC,North Carolina,Alamance,37001,37001021300,BRFSS,Health Risk Behaviors,No leisure-time physical activity among adults,%,Crude prevalence,24.3,20.1,28.7,6178,4936,"{'type': 'Point', 'coordinates': [-79.3130101, 36.1804423]}",37001021300,RISKBEH,LPA,CrdPrv,Physical Inactivity
2023,NC,North Carolina,Alamance,37001,37001020501,BRFSS,Health Risk Behaviors,No leisure-time physical activity among adults,%,Crude prevalence,25.2,20.7,29.9,3965,3175,"{'type': 'Point', 'coordinates': [-79.4795203, 36.1220609]}",37001020501,RISKBEH,LPA,CrdPrv,Physical Inactivity
2023,NC,North Carolina,Buncombe,37021,37021003003,BRFSS,Health Risk Behaviors,No leisure-time physical activity among adults,%,Crude prevalence,21.4,17.6,26.0,5582,4720,"{'type': 'Point', 'coordinates': [-82.4646274, 35.5996994]}",37021003003,RISKBEH,LPA,CrdPrv,Physical Inactivity
2023,NC,North Carolina,Buncombe,37021,37021002401,BRFSS,Health Risk Behaviors,No leisure-time physical activity among adults,%,Crude prevalence,30.0,24.5,35.4,3554,2798,"{'type': 'Point', 'coordinates': [-82.7549939, 35.485319]}",37021002401,RISKBEH,LPA,CrdPrv,Physical Inactivity
2023,NC,North Carolina,Buncombe,37021,37021002000,BRFSS,Health Risk Behaviors,No leisure-time physical activity among adults,%,Crude prevalence,28.0,23.1,33.0,7131,5908,"{'type': 'Point', 'coordinates': [-82.5236113, 35.5624626]}",37021002000,RISKBEH,LPA,CrdPrv,Physical Inactivity
2023,NC,North Carolina,Avery,37011,37011930100,BRFSS,Health Risk Behaviors,No leisure-time physical activity among adults,%,Crude prevalence,25.0,20.8,29.8,3057,2641,"{'type': 'Point', 'coordinates': [-81.9101337, 36.2037801]}",37011930100,RISKBEH,LPA,CrdPrv,Physical Inactivity
2023,NC,North Carolina,Burke,37023,37023021302,BRFSS,Health Risk Behaviors,No leisure-time physical activity among adults,%,Crude prevalence,27.9,22.8,33.0,3389,2685,"{'type': 'Point', 'coordinates': [-81.6582038, 35.617954]}",37023021302,RISKBEH,LPA,CrdPrv,Physical Inactivity
2023,NC,North Carolina,Burke,37023,37023021201,BRFSS,Health Risk Behaviors,No leisure-time physical activity among adults,%,Crude prevalence,25.3,20.9,29.6,3564,2966,"{'type': 'Point', 'coordinates': [-81.5918285, 35.697678]}",37023021201,RISKBEH,LPA,CrdPrv,Physical Inactivity
2023,NC,North Carolina,Beaufort,37013,37013930101,BRFSS,Health Risk Behaviors,No leisure-time physical activity among adults,%,Crude prevalence,25.1,21.2,29.8,2889,2294,"{'type': 'Point', 'coordinates': [-76.7137284, 35.6115021]}",37013930101,RISKBEH,LPA,CrdPrv,Physical Inactivity
2023,NC,North Carolina,Brunswick,37019,37019020603,BRFSS,Health Risk Behaviors,No leisure-time physical activity among adults,%,Crude prevalence,28.8,23.9,33.9,3325,2688,"{'type': 'Point', 'coordinates': [-78.1976448, 34.0182139]}",37019020603,RISKBEH,LPA,CrdPrv,Physical Inactivity
2023,NC,North Carolina,Brunswick,37019,37019020504,BRFSS,Health Risk Behaviors,No leisure-time physical activity among adults,%,Crude prevalence,20.2,15.4,25.9,2024,1962,"{'type': 'Point', 'coordinates': [-78.583424, 33.9462819]}",37019020504,RISKBEH,LPA,CrdPrv,Physical Inactivity
2023,NC,North Carolina,Brunswick,37019,37019020517,BRFSS,Health Risk Behaviors,No leisure-time physical activity among adults,%,Crude prevalence,25.1,20.8,29.8,2522,2242,"{'type': 'Point', 'coordinates': [-78.5461908, 33.8860135]}",37019020517,RISKBEH,LPA,CrdPrv,Physical Inactivity
2023,NC,North Carolina,Caswell,37033,37033930200,BRFSS,Health Risk Behaviors,No leisure-time physical activity among adults,%,Crude prevalence,33.2,27.8,38.4,5517,4699,"{'type': 'Point', 'coordinates': [-79.3169707, 36.4264895]}",37033930200,RISKBEH,LPA,CrdPrv,Physical Inactivity
2023,NC,North Carolina,Cabarrus,37025,37025041504,BRFSS,Health Risk Behaviors,No leisure-time physical activity among adults,%,Crude prevalence,17.0,13.5,20.6,4409,3218,"{'type': 'Point', 'coordinates': [-80.6191319, 35.3186385]}",37025041504,RISKBEH,LPA,CrdPrv,Physical Inactivity
2023,NC,North Carolina,Brunswick,37019,37019020510,BRFSS,Health Risk Behaviors,No leisure-time physical activity among adults,%,Crude prevalence,22.0,17.8,26.4,2405,2127,"{'type': 'Point', 'coordinates': [-78.4776126, 33.8937359]}",37019020510,RISKBEH,LPA,CrdPrv,Physical Inactivity
2023,NC,North Carolina,Buncombe,37021,37021002506,BRFSS,Health Risk Behaviors,No leisure-time physical activity among adults,%,Crude prevalence,26.1,21.8,30.5,3961,3097,"{'type': 'Point', 'coordinates': [-82.6512962, 35.5869732]}",37021002506,RISKBEH,LPA,CrdPrv,Physical Inactivity
2023,NC,North Carolina,Alamance,37001,37001020701,BRFSS,Health Risk Behaviors,No leisure-time physical activity among adults,%,Crude prevalence,22.1,17.8,26.8,5018,4142,"{'type': 'Point', 'coordinates': [-79.4810886, 36.0698004]}",37001020701,RISKBEH,LPA,CrdPrv,Physical Inactivity
2023,NC,North Carolina,Ashe,37009,37009970502,BRFSS,Health Risk Behaviors,No leisure-time physical activity among adults,%,Crude prevalence,27.7,23.1,32.6,3007,2437,"{'type': 'Point', 'coordinates': [-81.4706194, 36.4493645]}",37009970502,RISKBEH,LPA,CrdPrv,Physical Inactivity
2023,NC,North Carolina,Brunswick,37019,37019020514,BRFSS,Health Risk Behaviors,No leisure-time physical activity among adults,%,Crude prevalence,22.8,18.7,27.5,3004,2512,"{'type': 'Point', 'coordinates': [-78.3837561, 33.9462878]}",37019020514,RISKBEH,LPA,CrdPrv,Physical Inactivity
2023,NC,North Carolina,Edgecombe,37065,37065021100,BRFSS,Health Risk Behaviors,No leisure-time physical activity among adults,%,Crude prevalence,35.5,30.1,41.3,3648,2773,"{'type': 'Point', 'coordinates': [-77.5654632, 35.9428488]}",37065021100,RISKBEH,LPA,CrdPrv,Physical Inactivity
2023,NC,North Carolina,Durham,37063,37063001711,BRFSS,Health Risk Behaviors,No leisure-time physical activity among adults,%,Crude prevalence,29.9,24.8,35.0,4748,3692,"{'type': 'Point', 'coordinates': [-78.9315016, 36.0589447]}",37063001711,RISKBEH,LPA,CrdPrv,Physical Inactivity
2023,NC,North Carolina,Chowan,37041,37041930201,BRFSS,Health Risk Behaviors,No leisure-time physical activity among adults,%,Crude prevalence,30.7,25.8,35.7,4347,3564,"{'type': 'Point', 'coordinates': [-76.6631703, 36.2298053]}",37041930201,RISKBEH,LPA,CrdPrv,Physical Inactivity
2023,NC,North Carolina,Craven,37049,37049960302,BRFSS,Health Risk Behaviors,No leisure-time physical activity among adults,%,Crude prevalence,28.2,23.7,33.5,3088,2458,"{'type': 'Point', 'coordinates': [-77.3624857, 35.238173]}",37049960302,RISKBEH,LPA,CrdPrv,Physical Inactivity
2023,NC,North Carolina,Chatham,37037,37037020802,BRFSS,Health Risk Behaviors,No leisure-time physical activity among adults,%,Crude prevalence,22.0,17.9,26.4,2775,2266,"{'type': 'Point', 'coordinates': [-79.1402487, 35.7436799]}",37037020802,RISKBEH,LPA,CrdPrv,Physical Inactivity
2023,NC,North Carolina,Cumberland,37051,37051003602,BRFSS,Health Risk Behaviors,No leisure-time physical activity among adults,%,Crude prevalence,33.0,28.6,37.8,2119,1566,"{'type': 'Point', 'coordinates': [-78.9935046, 35.2015381]}",37051003602,RISKBEH,LPA,CrdPrv,Physical Inactivity
2023,NC,North Carolina,Duplin,37061,37061090503,BRFSS,Health Risk Behaviors,No leisure-time physical activity among adults,%,Crude prevalence,21.5,17.7,25.5,3385,2609,"{'type': 'Point', 'coordinates': [-77.7474096, 34.969187]}",37061090503,RISKBEH,LPA,CrdPrv,Physical Inactivity
2023,NC,North Carolina,Davidson,37057,37057061903,BRFSS,Health Risk Behaviors,No leisure-time physical activity among adults,%,Crude prevalence,33.2,27.7,38.8,3528,2778,"{'type': 'Point', 'coordinates': [-80.0930999, 35.7914698]}",37057061903,RISKBEH,LPA,CrdPrv,Physical Inactivity
2023,NC,North Carolina,Forsyth,37067,37067002606,BRFSS,Health Risk Behaviors,No leisure-time physical activity among adults,%,Crude prevalence,21.0,16.9,25.6,4317,3469,"{'type': 'Point', 'coordinates': [-80.313873, 36.1371557]}",37067002606,RISKBEH,LPA,CrdPrv,Physical Inactivity
2023,NC,North Carolina,Davie,37059,37059080400,BRFSS,Health Risk Behaviors,No leisure-time physical activity among adults,%,Crude prevalence,21.4,17.4,25.8,5391,4268,"{'type': 'Point', 'coordinates': [-80.4331036, 35.8890912]}",37059080400,RISKBEH,LPA,CrdPrv,Physical Inactivity
2023,NC,North Carolina,Cumberland,37051,37051001702,BRFSS,Health Risk Behaviors,No leisure-time physical activity among adults,%,Crude prevalence,28.7,24.5,33.2,5681,4007,"{'type': 'Point', 'coordinates': [-78.9449592, 35.0038327]}",37051001702,RISKBEH,LPA,CrdPrv,Physical Inactivity
2023,NC,North Carolina,Edgecombe,37065,37065021300,BRFSS,Health Risk Behaviors,No leisure-time physical activity among adults,%,Crude prevalence,27.1,22.4,32.0,4019,3192,"{'type': 'Point', 'coordinates': [-77.6309106, 35.8719468]}",37065021300,RISKBEH,LPA,CrdPrv,Physical Inactivity
2023,NC,North Carolina,Cumberland,37051,37051002301,BRFSS,Health Risk Behaviors,No leisure-time physical activity among adults,%,Crude prevalence,29.7,24.9,34.2,3577,2746,"{'type': 'Point', 'coordinates': [-78.9373372, 35.0928507]}",37051002301,RISKBEH,LPA,CrdPrv,Physical Inactivity
2023,NC,North Carolina,Durham,37063,37063001604,BRFSS,Health Risk Behaviors,No leisure-time physical activity among adults,%,Crude prevalence,21.8,18.0,26.4,6655,5352,"{'type': 'Point', 'coordinates': [-78.9559613, 36.0931133]}",37063001604,RISKBEH,LPA,CrdPrv,Physical Inactivity
2023,NC,North Carolina,Cumberland,37051,37051002600,BRFSS,Health Risk Behaviors,No leisure-time physical activity among adults,%,Crude prevalence,24.5,20.8,28.6,4754,3680,"{'type': 'Point', 'coordinates': [-78.7702374, 35.1539086]}",37051002600,RISKBEH,LPA,CrdPrv,Physical Inactivity
2023,NC,North Carolina,Forsyth,37067,37067002100,BRFSS,Health Risk Behaviors,No leisure-time physical activity among adults,%,Crude prevalence,18.3,14.6,22.5,2111,1780,"{'type': 'Point', 'coordinates': [-80.2851857, 36.0745142]}",37067002100,RISKBEH,LPA,CrdPrv,Physical Inactivity
2023,NC,North Carolina,Forsyth,37067,37067001000,BRFSS,Health Risk Behaviors,No leisure-time physical activity among adults,%,Crude prevalence,21.0,17.1,25.5,3946,3156,"{'type': 'Point', 'coordinates': [-80.26479, 36.0784487]}",37067001000,RISKBEH,LPA,CrdPrv,Physical Inactivity
2023,NC,North Carolina,Columbus,37047,37047930700,BRFSS,Health Risk Behaviors,No leisure-time physical activity among adults,%,Crude prevalence,37.4,32.1,42.7,4090,3200,"{'type': 'Point', 'coordinates': [-78.8298346, 34.3174169]}",37047930700,RISKBEH,LPA,CrdPrv,Physical Inactivity
2023,NC,North Carolina,Cumberland,37051,37051001603,BRFSS,Health Risk Behaviors,No leisure-time physical activity among adults,%,Crude prevalence,33.3,28.9,37.9,3703,2733,"{'type': 'Point', 'coordinates': [-78.9229533, 35.0010221]}",37051001603,RISKBEH,LPA,CrdPrv,Physical Inactivity
2023,NC,North Carolina,Durham,37063,37063000600,BRFSS,Health Risk Behaviors,No leisure-time physical activity among adults,%,Crude prevalence,18.7,15.2,22.8,5507,4281,"{'type': 'Point', 'coordinates': [-78.9383801, 35.9844857]}",37063000600,RISKBEH,LPA,CrdPrv,Physical Inactivity
2023,NC,North Carolina,Davidson,37057,37057061400,BRFSS,Health Risk Behaviors,No leisure-time physical activity among adults,%,Crude prevalence,39.3,33.6,44.9,3132,2305,"{'type': 'Point', 'coordinates': [-80.2387907, 35.8199281]}",37057061400,RISKBEH,LPA,CrdPrv,Physical Inactivity
2023,NC,North Carolina,Chowan,37041,37041930101,BRFSS,Health Risk Behaviors,No leisure-time physical activity among adults,%,Crude prevalence,34.1,28.6,39.7,4905,3902,"{'type': 'Point', 'coordinates': [-76.6502487, 36.0477077]}",37041930101,RISKBEH,LPA,CrdPrv,Physical Inactivity
2023,NC,North Carolina,Davidson,37057,37057060900,BRFSS,Health Risk Behaviors,No leisure-time physical activity among adults,%,Crude prevalence,27.9,23.3,32.8,4888,3764,"{'type': 'Point', 'coordinates': [-80.0986654, 35.8650406]}",37057060900,RISKBEH,LPA,CrdPrv,Physical Inactivity
2023,NC,North Carolina,Craven,37049,37049961004,BRFSS,Health Risk Behaviors,No leisure-time physical activity among adults,%,Crude prevalence,20.6,16.8,24.9,5522,4212,"{'type': 'Point', 'coordinates': [-77.0520316, 34.9961832]}",37049961004,RISKBEH,LPA,CrdPrv,Physical Inactivity
2023,NC,North Carolina,Cleveland,37045,37045950900,BRFSS,Health Risk Behaviors,No leisure-time physical activity among adults,%,Crude prevalence,43.8,37.5,49.6,3010,2339,"{'type': 'Point', 'coordinates': [-81.5394772, 35.308493]}",37045950900,RISKBEH,LPA,CrdPrv,Physical Inactivity
2023,NC,North Carolina,Catawba,37035,37035011701,BRFSS,Health Risk Behaviors,No leisure-time physical activity among adults,%,Crude prevalence,23.7,19.3,28.5,4267,3415,"{'type': 'Point', 'coordinates': [-81.2658481, 35.6698506]}",37035011701,RISKBEH,LPA,CrdPrv,Physical Inactivity
2023,NC,North Carolina,Cumberland,37051,37051001701,BRFSS,Health Risk Behaviors,No leisure-time physical activity among adults,%,Crude prevalence,34.9,30.4,39.6,2742,2180,"{'type': 'Point', 'coordinates': [-78.938218, 35.0228247]}",37051001701,RISKBEH,LPA,CrdPrv,Physical Inactivity
2023,NC,North Carolina,Durham,37063,37063001802,BRFSS,Health Risk Behaviors,No leisure-time physical activity among adults,%,Crude prevalence,36.2,31.0,41.8,7548,5278,"{'type': 'Point', 'coordinates': [-78.8518251, 35.9874168]}",37063001802,RISKBEH,LPA,CrdPrv,Physical Inactivity
2023,NC,North Carolina,Cumberland,37051,37051002503,BRFSS,Health Risk Behaviors,No leisure-time physical activity among adults,%,Crude prevalence,22.5,18.8,26.8,5220,4027,"{'type': 'Point', 'coordinates': [-78.8847111, 35.135922]}",37051002503,RISKBEH,LPA,CrdPrv,Physical Inactivity
2023,NC,North Carolina,Cumberland,37051,37051003410,BRFSS,Health Risk Behaviors,No leisure-time physical activity among adults,%,Crude prevalence,18.3,14.8,22.0,4903,4223,"{'type': 'Point', 'coordinates': [-78.9897361, 35.1245148]}",37051003410,RISKBEH,LPA,CrdPrv,Physical Inactivity
2023,NC,North Carolina,Cumberland,37051,37051001903,BRFSS,Health Risk Behaviors,No leisure-time physical activity among adults,%,Crude prevalence,32.5,28.1,37.1,4008,3161,"{'type': 'Point', 'coordinates': [-78.9682819, 35.0253489]}",37051001903,RISKBEH,LPA,CrdPrv,Physical Inactivity
2023,NC,North Carolina,Davidson,37057,37057060302,BRFSS,Health Risk Behaviors,No leisure-time physical activity among adults,%,Crude prevalence,22.6,18.7,26.7,4840,3829,"{'type': 'Point', 'coordinates': [-80.3044974, 35.9807377]}",37057060302,RISKBEH,LPA,CrdPrv,Physical Inactivity
2023,NC,North Carolina,Durham,37063,37063001705,BRFSS,Health Risk Behaviors,No leisure-time physical activity among adults,%,Crude prevalence,24.6,20.5,29.1,5794,4592,"{'type': 'Point', 'coordinates': [-78.9249168, 36.0367997]}",37063001705,RISKBEH,LPA,CrdPrv,Physical Inactivity
2023,NC,North Carolina,Davie,37059,37059080302,BRFSS,Health Risk Behaviors,No leisure-time physical activity among adults,%,Crude prevalence,24.0,19.8,28.9,3449,2731,"{'type': 'Point', 'coordinates': [-80.4741168, 35.9590841]}",37059080302,RISKBEH,LPA,CrdPrv,Physical Inactivity
2023,NC,North Carolina,Davidson,37057,37057060201,BRFSS,Health Risk Behaviors,No leisure-time physical activity among adults,%,Crude prevalence,23.2,19.3,27.6,5000,3998,"{'type': 'Point', 'coordinates': [-80.174486, 35.9664541]}",37057060201,RISKBEH,LPA,CrdPrv,Physical Inactivity
2023,NC,North Carolina,Forsyth,37067,37067002801,BRFSS,Health Risk Behaviors,No leisure-time physical activity among adults,%,Crude prevalence,22.7,18.9,26.9,4521,3596,"{'type': 'Point', 'coordinates': [-80.3966691, 36.2255758]}",37067002801,RISKBEH,LPA,CrdPrv,Physical Inactivity
2023,NC,North Carolina,Chatham,37037,37037020104,BRFSS,Health Risk Behaviors,No leisure-time physical activity among adults,%,Crude prevalence,17.4,13.7,21.5,6082,5232,"{'type': 'Point', 'coordinates': [-79.0532302, 35.7960736]}",37037020104,RISKBEH,LPA,CrdPrv,Physical Inactivity
2023,NC,North Carolina,Durham,37063,37063002019,BRFSS,Health Risk Behaviors,No leisure-time physical activity among adults,%,Crude prevalence,14.0,11.3,17.0,5134,4425,"{'type': 'Point', 'coordinates': [-78.9888095, 35.8887407]}",37063002019,RISKBEH,LPA,CrdPrv,Physical Inactivity
2023,NC,North Carolina,Columbus,37047,37047930400,BRFSS,Health Risk Behaviors,No leisure-time physical activity among adults,%,Crude prevalence,29.4,24.9,34.2,3567,2803,"{'type': 'Point', 'coordinates': [-78.6088151, 34.338158]}",37047930400,RISKBEH,LPA,CrdPrv,Physical Inactivity
2023,NC,North Carolina,Craven,37049,37049960501,BRFSS,Health Risk Behaviors,No leisure-time physical activity among adults,%,Crude prevalence,25.0,20.8,29.7,4149,3312,"{'type': 'Point', 'coordinates': [-77.1426598, 35.1466911]}",37049960501,RISKBEH,LPA,CrdPrv,Physical Inactivity
2023,NC,North Carolina,Cumberland,37051,37051003203,BRFSS,Health Risk Behaviors,No leisure-time physical activity among adults,%,Crude prevalence,28.4,24.2,33.0,5654,4343,"{'type': 'Point', 'coordinates': [-78.9798186, 35.0268143]}",37051003203,RISKBEH,LPA,CrdPrv,Physical Inactivity
2023,NC,North Carolina,Durham,37063,37063002036,BRFSS,Health Risk Behaviors,No leisure-time physical activity among adults,%,Crude prevalence,18.8,14.9,22.8,4307,3525,"{'type': 'Point', 'coordinates': [-78.8966302, 35.8878784]}",37063002036,RISKBEH,LPA,CrdPrv,Physical Inactivity
2023,NC,North Carolina,Catawba,37035,37035011102,BRFSS,Health Risk Behaviors,No leisure-time physical activity among adults,%,Crude prevalence,21.8,18.0,25.8,7367,5789,"{'type': 'Point', 'coordinates': [-81.3254237, 35.6922129]}",37035011102,RISKBEH,LPA,CrdPrv,Physical Inactivity
2023,NC,North Carolina,Durham,37063,37063001900,BRFSS,Health Risk Behaviors,No leisure-time physical activity among adults,%,Crude prevalence,17.9,14.6,21.9,6201,5644,"{'type': 'Point', 'coordinates': [-78.7574584, 35.9696578]}",37063001900,RISKBEH,LPA,CrdPrv,Physical Inactivity
2023,NC,North Carolina,Davidson,37057,37057060304,BRFSS,Health Risk Behaviors,No leisure-time physical activity among adults,%,Crude prevalence,23.5,18.9,28.1,3505,2757,"{'type': 'Point', 'coordinates': [-80.2999769, 35.9155707]}",37057060304,RISKBEH,LPA,CrdPrv,Physical Inactivity
2023,NC,North Carolina,Durham,37063,37063000700,BRFSS,Health Risk Behaviors,No leisure-time physical activity among adults,%,Crude prevalence,17.4,14.2,20.9,3701,3061,"{'type': 'Point', 'coordinates': [-78.9144489, 35.98273]}",37063000700,RISKBEH,LPA,CrdPrv,Physical Inactivity
2023,NC,North Carolina,Edgecombe,37065,37065020400,BRFSS,Health Risk Behaviors,No leisure-time physical activity among adults,%,Crude prevalence,37.2,30.9,43.8,4335,3281,"{'type': 'Point', 'coordinates': [-77.7551539, 35.9538015]}",37065020400,RISKBEH,LPA,CrdPrv,Physical Inactivity
2023,NC,North Carolina,Chatham,37037,37037020600,BRFSS,Health Risk Behaviors,No leisure-time physical activity among adults,%,Crude prevalence,22.6,18.6,26.8,5199,4258,"{'type': 'Point', 'coordinates': [-79.2879255, 35.6050546]}",37037020600,RISKBEH,LPA,CrdPrv,Physical Inactivity
2023,NC,North Carolina,Forsyth,37067,37067001602,BRFSS,Health Risk Behaviors,No leisure-time physical activity among adults,%,Crude prevalence,47.5,41.7,53.1,3101,2132,"{'type': 'Point', 'coordinates': [-80.2209316, 36.1226178]}",37067001602,RISKBEH,LPA,CrdPrv,Physical Inactivity
2023,NC,North Carolina,Cleveland,37045,37045950603,BRFSS,Health Risk Behaviors,No leisure-time physical activity among adults,%,Crude prevalence,24.3,19.7,28.9,3081,2458,"{'type': 'Point', 'coordinates': [-81.3766656, 35.1943597]}",37045950603,RISKBEH,LPA,CrdPrv,Physical Inactivity
2023,NC,North Carolina,Forsyth,37067,37067002605,BRFSS,Health Risk Behaviors,No leisure-time physical activity among adults,%,Crude prevalence,20.9,16.6,25.5,2569,1985,"{'type': 'Point', 'coordinates': [-80.3292089, 36.1265648]}",37067002605,RISKBEH,LPA,CrdPrv,Physical Inactivity
2023,NC,North Carolina,Catawba,37035,37035010700,BRFSS,Health Risk Behaviors,No leisure-time physical activity among adults,%,Crude prevalence,32.6,27.4,37.7,2651,2049,"{'type': 'Point', 'coordinates': [-81.375382, 35.7257957]}",37035010700,RISKBEH,LPA,CrdPrv,Physical Inactivity
2023,NC,North Carolina,Davidson,37057,37057060301,BRFSS,Health Risk Behaviors,No leisure-time physical activity among adults,%,Crude prevalence,20.8,16.8,24.8,5054,4070,"{'type': 'Point', 'coordinates': [-80.2738462, 35.9658793]}",37057060301,RISKBEH,LPA,CrdPrv,Physical Inactivity
2023,NC,North Carolina,Durham,37063,37063002020,BRFSS,Health Risk Behaviors,No leisure-time physical activity among adults,%,Crude prevalence,13.0,10.5,15.8,8403,6318,"{'type': 'Point', 'coordinates': [-78.9408263, 35.8882883]}",37063002020,RISKBEH,LPA,CrdPrv,Physical Inactivity
2023,NC,North Carolina,Cleveland,37045,37045950800,BRFSS,Health Risk Behaviors,No leisure-time physical activity among adults,%,Crude prevalence,26.6,22.1,31.5,4378,3504,"{'type': 'Point', 'coordinates': [-81.5171013, 35.3432828]}",37045950800,RISKBEH,LPA,CrdPrv,Physical Inactivity
2023,NC,North Carolina,Duplin,37061,37061090705,BRFSS,Health Risk Behaviors,No leisure-time physical activity among adults,%,Crude prevalence,29.5,24.8,34.7,2673,1982,"{'type': 'Point', 'coordinates': [-77.9711159, 34.74009]}",37061090705,RISKBEH,LPA,CrdPrv,Physical Inactivity
2023,NC,North Carolina,Davidson,37057,37057060400,BRFSS,Health Risk Behaviors,No leisure-time physical activity among adults,%,Crude prevalence,29.9,25.1,34.7,5628,4441,"{'type': 'Point', 'coordinates': [-80.2247519, 35.8957045]}",37057060400,RISKBEH,LPA,CrdPrv,Physical Inactivity
2023,NC,North Carolina,Cumberland,37051,37051003311,BRFSS,Health Risk Behaviors,No leisure-time physical activity among adults,%,Crude prevalence,22.6,18.7,26.9,2862,2277,"{'type': 'Point', 'coordinates': [-79.0052574, 35.0615118]}",37051003311,RISKBEH,LPA,CrdPrv,Physical Inactivity
2023,NC,North Carolina,Columbus,37047,37047930800,BRFSS,Health Risk Behaviors,No leisure-time physical activity among adults,%,Crude prevalence,23.9,19.5,28.5,3934,3126,"{'type': 'Point', 'coordinates': [-78.7323803, 34.3802753]}",37047930800,RISKBEH,LPA,CrdPrv,Physical Inactivity
2023,NC,North Carolina,Craven,37049,37049961101,BRFSS,Health Risk Behaviors,No leisure-time physical activity among adults,%,Crude prevalence,19.9,16.5,23.8,5777,4232,"{'type': 'Point', 'coordinates': [-76.9489615, 34.9754856]}",37049961101,RISKBEH,LPA,CrdPrv,Physical Inactivity
2023,NC,North Carolina,Craven,37049,37049960502,BRFSS,Health Risk Behaviors,No leisure-time physical activity among adults,%,Crude prevalence,35.3,30.4,40.8,4042,3046,"{'type': 'Point', 'coordinates': [-77.1044713, 35.1518375]}",37049960502,RISKBEH,LPA,CrdPrv,Physical Inactivity
2023,NC,North Carolina,Forsyth,37067,37067000700,BRFSS,Health Risk Behaviors,No leisure-time physical activity among adults,%,Crude prevalence,45.3,39.2,51.9,1577,1231,"{'type': 'Point', 'coordinates': [-80.2302205, 36.0994649]}",37067000700,RISKBEH,LPA,CrdPrv,Physical Inactivity
2023,NC,North Carolina,Duplin,37061,37061090804,BRFSS,Health Risk Behaviors,No leisure-time physical activity among adults,%,Crude prevalence,33.0,28.0,38.1,2625,1968,"{'type': 'Point', 'coordinates': [-78.0062914, 34.8385192]}",37061090804,RISKBEH,LPA,CrdPrv,Physical Inactivity
2023,NC,North Carolina,Chatham,37037,37037020108,BRFSS,Health Risk Behaviors,No leisure-time physical activity among adults,%,Crude prevalence,18.4,14.7,22.7,1949,1542,"{'type': 'Point', 'coordinates': [-79.1341007, 35.8061687]}",37037020108,RISKBEH,LPA,CrdPrv,Physical Inactivity
2023,NC,North Carolina,Forsyth,37067,37067000100,BRFSS,Health Risk Behaviors,No leisure-time physical activity among adults,%,Crude prevalence,18.2,14.3,22.7,3239,3113,"{'type': 'Point', 'coordinates': [-80.2446634, 36.0979264]}",37067000100,RISKBEH,LPA,CrdPrv,Physical Inactivity
2023,NC,North Carolina,Columbus,37047,37047930300,BRFSS,Health Risk Behaviors,No leisure-time physical activity among adults,%,Crude prevalence,26.4,22.0,31.3,2332,1940,"{'type': 'Point', 'coordinates': [-78.512065, 34.3285511]}",37047930300,RISKBEH,LPA,CrdPrv,Physical Inactivity
2023,NC,North Carolina,Cumberland,37051,37051001000,BRFSS,Health Risk Behaviors,No leisure-time physical activity among adults,%,Crude prevalence,35.5,30.4,40.5,2910,2352,"{'type': 'Point', 'coordinates': [-78.911051, 35.0831932]}",37051001000,RISKBEH,LPA,CrdPrv,Physical Inactivity
2023,NC,North Carolina,Davidson,37057,37057061000,BRFSS,Health Risk Behaviors,No leisure-time physical activity among adults,%,Crude prevalence,27.8,23.3,32.6,5240,4010,"{'type': 'Point', 'coordinates': [-80.0607913, 35.8823975]}",37057061000,RISKBEH,LPA,CrdPrv,Physical Inactivity
2023,NC,North Carolina,Forsyth,37067,37067002809,BRFSS,Health Risk Behaviors,No leisure-time physical activity among adults,%,Crude prevalence,22.0,18.4,26.1,3045,2395,"{'type': 'Point', 'coordinates': [-80.3397613, 36.2232931]}",37067002809,RISKBEH,LPA,CrdPrv,Physical Inactivity
2023,NC,North Carolina,Forsyth,37067,37067002702,BRFSS,Health Risk Behaviors,No leisure-time physical activity among adults,%,Crude prevalence,34.7,29.5,40.0,6141,4718,"{'type': 'Point', 'coordinates': [-80.2768238, 36.1632531]}",37067002702,RISKBEH,LPA,CrdPrv,Physical Inactivity
2023,NC,North Carolina,Duplin,37061,37061090201,BRFSS,Health Risk Behaviors,No leisure-time physical activity among adults,%,Crude prevalence,22.2,18.3,26.4,1234,945,"{'type': 'Point', 'coordinates': [-78.0757509, 35.0830987]}",37061090201,RISKBEH,LPA,CrdPrv,Physical Inactivity
2023,NC,North Carolina,Columbus,37047,37047931201,BRFSS,Health Risk Behaviors,No leisure-time physical activity among adults,%,Crude prevalence,34.1,28.9,40.0,5120,4294,"{'type': 'Point', 'coordinates': [-78.8558309, 34.1724021]}",37047931201,RISKBEH,LPA,CrdPrv,Physical Inactivity
2023,NC,North Carolina,Cleveland,37045,37045951300,BRFSS,Health Risk Behaviors,No leisure-time physical activity among adults,%,Crude prevalence,23.7,19.3,28.2,2796,2259,"{'type': 'Point', 'coordinates': [-81.5868482, 35.3174568]}",37045951300,RISKBEH,LPA,CrdPrv,Physical Inactivity
2023,NC,North Carolina,Chatham,37037,37037020803,BRFSS,Health Risk Behaviors,No leisure-time physical activity among adults,%,Crude prevalence,19.7,15.8,23.9,2378,1934,"{'type': 'Point', 'coordinates': [-79.0996646, 35.7101189]}",37037020803,RISKBEH,LPA,CrdPrv,Physical Inactivity
2023,NC,North Carolina,Cumberland,37051,37051003102,BRFSS,Health Risk Behaviors,No leisure-time physical activity among adults,%,Crude prevalence,21.0,17.5,24.8,6518,4415,"{'type': 'Point', 'coordinates': [-79.0216412, 34.9629983]}",37051003102,RISKBEH,LPA,CrdPrv,Physical Inactivity
2023,NC,North Carolina,Davidson,37057,37057061806,BRFSS,Health Risk Behaviors,No leisure-time physical activity among adults,%,Crude prevalence,21.7,17.2,26.6,3333,2729,"{'type': 'Point', 'coordinates': [-80.2075994, 35.7171637]}",37057061806,RISKBEH,LPA,CrdPrv,Physical Inactivity
2023,NC,North Carolina,Currituck,37053,37053110201,BRFSS,Health Risk Behaviors,No leisure-time physical activity among adults,%,Crude prevalence,20.3,16.4,24.8,5126,3790,"{'type': 'Point', 'coordinates': [-76.1929992, 36.4912295]}",37053110201,RISKBEH,LPA,CrdPrv,Physical Inactivity
2023,NC,North Carolina,Durham,37063,37063001809,BRFSS,Health Risk Behaviors,No leisure-time physical activity among adults,%,Crude prevalence,20.7,16.9,24.8,7316,5915,"{'type': 'Point', 'coordinates': [-78.8408908, 35.9406104]}",37063001809,RISKBEH,LPA,CrdPrv,Physical Inactivity
2023,NC,North Carolina,Cumberland,37051,37051003408,BRFSS,Health Risk Behaviors,No leisure-time physical activity among adults,%,Crude prevalence,20.2,16.7,23.9,5252,3843,"{'type': 'Point', 'coordinates': [-78.9638524, 35.1352263]}",37051003408,RISKBEH,LPA,CrdPrv,Physical Inactivity
2023,NC,North Carolina,Cumberland,37051,37051002200,BRFSS,Health Risk Behaviors,No leisure-time physical activity among adults,%,Crude prevalence,19.1,15.7,22.7,2488,2072,"{'type': 'Point', 'coordinates': [-78.9647578, 35.0963021]}",37051002200,RISKBEH,LPA,CrdPrv,Physical Inactivity
2023,NC,North Carolina,Craven,37049,37049960102,BRFSS,Health Risk Behaviors,No leisure-time physical activity among adults,%,Crude prevalence,30.7,25.8,36.6,4526,3649,"{'type': 'Point', 'coordinates': [-77.0054376, 35.2022336]}",37049960102,RISKBEH,LPA,CrdPrv,Physical Inactivity
2023,NC,North Carolina,Craven,37049,37049960800,BRFSS,Health Risk Behaviors,No leisure-time physical activity among adults,%,Crude prevalence,34.6,29.0,40.5,2659,2058,"{'type': 'Point', 'coordinates': [-77.0479511, 35.1199892]}",37049960800,RISKBEH,LPA,CrdPrv,Physical Inactivity
2023,NC,North Carolina,Durham,37063,37063002032,BRFSS,Health Risk Behaviors,No leisure-time physical activity among adults,%,Crude prevalence,21.6,17.7,26.2,3320,2552,"{'type': 'Point', 'coordinates': [-78.969361, 35.9579777]}",37063002032,RISKBEH,LPA,CrdPrv,Physical Inactivity
2023,NC,North Carolina,Edgecombe,37065,37065020200,BRFSS,Health Risk Behaviors,No leisure-time physical activity among adults,%,Crude prevalence,33.4,27.7,39.5,5084,3726,"{'type': 'Point', 'coordinates': [-77.7834944, 35.9126355]}",37065020200,RISKBEH,LPA,CrdPrv,Physical Inactivity
2023,NC,North Carolina,Chatham,37037,37037020703,BRFSS,Health Risk Behaviors,No leisure-time physical activity among adults,%,Crude prevalence,18.0,14.1,22.5,4549,4068,"{'type': 'Point', 'coordinates': [-78.9471728, 35.8269453]}",37037020703,RISKBEH,LPA,CrdPrv,Physical Inactivity
2023,NC,North Carolina,Davidson,37057,37057060103,BRFSS,Health Risk Behaviors,No leisure-time physical activity among adults,%,Crude prevalence,18.5,14.9,22.6,2894,2309,"{'type': 'Point', 'coordinates': [-80.0945935, 35.9876492]}",37057060103,RISKBEH,LPA,CrdPrv,Physical Inactivity
2023,NC,North Carolina,Cumberland,37051,37051002802,BRFSS,Health Risk Behaviors,No leisure-time physical activity among adults,%,Crude prevalence,26.1,21.8,30.5,2563,2009,"{'type': 'Point', 'coordinates': [-78.6837135, 35.0317887]}",37051002802,RISKBEH,LPA,CrdPrv,Physical Inactivity
2023,NC,North Carolina,Cumberland,37051,37051002302,BRFSS,Health Risk Behaviors,No leisure-time physical activity among adults,%,Crude prevalence,35.9,30.7,40.9,1008,773,"{'type': 'Point', 'coordinates': [-78.945928, 35.1012348]}",37051002302,RISKBEH,LPA,CrdPrv,Physical Inactivity
2023,NC,North Carolina,Craven,37049,37049960401,BRFSS,Health Risk Behaviors,No leisure-time physical activity among adults,%,Crude prevalence,21.9,17.6,26.3,4910,4070,"{'type': 'Point', 'coordinates': [-77.1527876, 35.1136036]}",37049960401,RISKBEH,LPA,CrdPrv,Physical Inactivity
2023,NC,North Carolina,Davie,37059,37059080702,BRFSS,Health Risk Behaviors,No leisure-time physical activity among adults,%,Crude prevalence,28.8,24.1,34.0,2769,2052,"{'type': 'Point', 'coordinates': [-80.5388856, 35.8177257]}",37059080702,RISKBEH,LPA,CrdPrv,Physical Inactivity
2023,NC,North Carolina,Forsyth,37067,37067002501,BRFSS,Health Risk Behaviors,No leisure-time physical activity among adults,%,Crude prevalence,14.0,11.1,17.5,2680,2117,"{'type': 'Point', 'coordinates': [-80.2828792, 36.1044367]}",37067002501,RISKBEH,LPA,CrdPrv,Physical Inactivity
2023,NC,North Carolina,Catawba,37035,37035011602,BRFSS,Health Risk Behaviors,No leisure-time physical activity among adults,%,Crude prevalence,25.0,20.5,29.8,5496,4329,"{'type': 'Point', 'coordinates': [-81.1305017, 35.5758659]}",37035011602,RISKBEH,LPA,CrdPrv,Physical Inactivity
2023,NC,North Carolina,Clay,37043,37043950201,BRFSS,Health Risk Behaviors,No leisure-time physical activity among adults,%,Crude prevalence,23.3,18.9,28.2,2405,1948,"{'type': 'Point', 'coordinates': [-83.8457485, 35.011419]}",37043950201,RISKBEH,LPA,CrdPrv,Physical Inactivity
2023,NC,North Carolina,Edgecombe,37065,37065021000,BRFSS,Health Risk Behaviors,No leisure-time physical activity among adults,%,Crude prevalence,31.4,25.8,37.3,3125,2528,"{'type': 'Point', 'coordinates': [-77.5221179, 35.9072465]}",37065021000,RISKBEH,LPA,CrdPrv,Physical Inactivity
2023,NC,North Carolina,Dare,37055,37055970101,BRFSS,Health Risk Behaviors,No leisure-time physical activity among adults,%,Crude prevalence,17.2,13.5,21.3,4462,3832,"{'type': 'Point', 'coordinates': [-75.7893927, 36.2072464]}",37055970101,RISKBEH,LPA,CrdPrv,Physical Inactivity
2023,NC,North Carolina,Durham,37063,37063002038,BRFSS,Health Risk Behaviors,No leisure-time physical activity among adults,%,Crude prevalence,17.0,13.9,20.4,5724,4892,"{'type': 'Point', 'coordinates': [-78.8313847, 35.9125582]}",37063002038,RISKBEH,LPA,CrdPrv,Physical Inactivity
2023,NC,North Carolina,Catawba,37035,37035011802,BRFSS,Health Risk Behaviors,No leisure-time physical activity among adults,%,Crude prevalence,24.5,20.1,29.3,5935,4694,"{'type': 'Point', 'coordinates': [-81.4079111, 35.606288]}",37035011802,RISKBEH,LPA,CrdPrv,Physical Inactivity
2023,NC,North Carolina,Davidson,37057,37057060602,BRFSS,Health Risk Behaviors,No leisure-time physical activity among adults,%,Crude prevalence,20.8,17.2,24.6,3208,2432,"{'type': 'Point', 'coordinates': [-80.0585361, 35.9422291]}",37057060602,RISKBEH,LPA,CrdPrv,Physical Inactivity
2023,NC,North Carolina,Chatham,37037,37037020103,BRFSS,Health Risk Behaviors,No leisure-time physical activity among adults,%,Crude prevalence,19.5,15.8,23.7,5520,4399,"{'type': 'Point', 'coordinates': [-79.053972, 35.8420429]}",37037020103,RISKBEH,LPA,CrdPrv,Physical Inactivity
2023,NC,North Carolina,Davie,37059,37059080701,BRFSS,Health Risk Behaviors,No leisure-time physical activity among adults,%,Crude prevalence,25.4,20.9,30.7,3298,2601,"{'type': 'Point', 'coordinates': [-80.5143633, 35.8280465]}",37059080701,RISKBEH,LPA,CrdPrv,Physical Inactivity
2023,NC,North Carolina,Dare,37055,37055970602,BRFSS,Health Risk Behaviors,No leisure-time physical activity among adults,%,Crude prevalence,24.3,19.4,29.4,1660,1314,"{'type': 'Point', 'coordinates': [-75.6416574, 35.840187]}",37055970602,RISKBEH,LPA,CrdPrv,Physical Inactivity
2023,NC,North Carolina,Edgecombe,37065,37065020600,BRFSS,Health Risk Behaviors,No leisure-time physical activity among adults,%,Crude prevalence,45.9,40.0,51.8,2417,1936,"{'type': 'Point', 'coordinates': [-77.6905098, 35.9942385]}",37065020600,RISKBEH,LPA,CrdPrv,Physical Inactivity
2023,NC,North Carolina,Durham,37063,37063001706,BRFSS,Health Risk Behaviors,No leisure-time physical activity among adults,%,Crude prevalence,15.7,12.5,19.3,5252,4349,"{'type': 'Point', 'coordinates': [-78.9688578, 36.0176313]}",37063001706,RISKBEH,LPA,CrdPrv,Physical Inactivity
2023,NC,North Carolina,Cumberland,37051,37051000900,BRFSS,Health Risk Behaviors,No leisure-time physical activity among adults,%,Crude prevalence,21.0,17.5,24.6,4670,3784,"{'type': 'Point', 'coordinates': [-78.9141409, 35.0721808]}",37051000900,RISKBEH,LPA,CrdPrv,Physical Inactivity
2023,NC,North Carolina,Cumberland,37051,37051003310,BRFSS,Health Risk Behaviors,No leisure-time physical activity among adults,%,Crude prevalence,28.0,23.6,32.9,5085,3666,"{'type': 'Point', 'coordinates': [-79.006103, 35.0664528]}",37051003310,RISKBEH,LPA,CrdPrv,Physical Inactivity
2023,NC,North Carolina,Durham,37063,37063000101,BRFSS,Health Risk Behaviors,No leisure-time physical activity among adults,%,Crude prevalence,24.0,19.7,28.3,3282,2488,"{'type': 'Point', 'coordinates': [-78.88224, 36.0264345]}",37063000101,RISKBEH,LPA,CrdPrv,Physical Inactivity
2023,NC,North Carolina,Durham,37063,37063001601,BRFSS,Health Risk Behaviors,No leisure-time physical activity among adults,%,Crude prevalence,23.2,19.3,27.6,6117,4908,"{'type': 'Point', 'coordinates': [-78.8808628, 36.0977119]}",37063001601,RISKBEH,LPA,CrdPrv,Physical Inactivity
2023,NC,North Carolina,Cleveland,37045,37045950500,BRFSS,Health Risk Behaviors,No leisure-time physical activity among adults,%,Crude prevalence,33.8,28.3,39.2,3707,2912,"{'type': 'Point', 'coordinates': [-81.354016, 35.2235948]}",37045950500,RISKBEH,LPA,CrdPrv,Physical Inactivity
2023,NC,North Carolina,Davie,37059,37059080102,BRFSS,Health Risk Behaviors,No leisure-time physical activity among adults,%,Crude prevalence,25.2,20.7,30.3,3451,2759,"{'type': 'Point', 'coordinates': [-80.640662, 35.8813048]}",37059080102,RISKBEH,LPA,CrdPrv,Physical Inactivity
2023,NC,North Carolina,Durham,37063,37063002008,BRFSS,Health Risk Behaviors,No leisure-time physical activity among adults,%,Crude prevalence,13.0,10.1,16.2,3178,2424,"{'type': 'Point', 'coordinates': [-78.9640425, 35.9420455]}",37063002008,RISKBEH,LPA,CrdPrv,Physical Inactivity
2023,NC,North Carolina,Catawba,37035,37035011601,BRFSS,Health Risk Behaviors,No leisure-time physical activity among adults,%,Crude prevalence,26.9,22.6,31.6,4402,3485,"{'type': 'Point', 'coordinates': [-81.1722526, 35.6116762]}",37035011601,RISKBEH,LPA,CrdPrv,Physical Inactivity
2023,NC,North Carolina,Davidson,37057,37057060303,BRFSS,Health Risk Behaviors,No leisure-time physical activity among adults,%,Crude prevalence,23.2,18.7,27.7,4498,3604,"{'type': 'Point', 'coordinates': [-80.3478364, 35.9376846]}",37057060303,RISKBEH,LPA,CrdPrv,Physical Inactivity
2023,NC,North Carolina,Cleveland,37045,37045951400,BRFSS,Health Risk Behaviors,No leisure-time physical activity among adults,%,Crude prevalence,26.7,22.3,31.5,6588,5166,"{'type': 'Point', 'coordinates': [-81.6656022, 35.3271529]}",37045951400,RISKBEH,LPA,CrdPrv,Physical Inactivity
2023,NC,North Carolina,Durham,37063,37063000500,BRFSS,Health Risk Behaviors,No leisure-time physical activity among adults,%,Crude prevalence,27.1,22.8,31.6,4192,3552,"{'type': 'Point', 'coordinates': [-78.920956, 35.9974576]}",37063000500,RISKBEH,LPA,CrdPrv,Physical Inactivity
2023,NC,North Carolina,Forsyth,37067,37067002604,BRFSS,Health Risk Behaviors,No leisure-time physical activity among adults,%,Crude prevalence,18.7,14.8,22.9,6519,4878,"{'type': 'Point', 'coordinates': [-80.3361706, 36.1506439]}",37067002604,RISKBEH,LPA,CrdPrv,Physical Inactivity
2023,NC,North Carolina,Cumberland,37051,37051001401,BRFSS,Health Risk Behaviors,No leisure-time physical activity among adults,%,Crude prevalence,27.3,23.4,31.5,3498,2757,"{'type': 'Point', 'coordinates': [-78.8034092, 35.012419]}",37051001401,RISKBEH,LPA,CrdPrv,Physical Inactivity
2023,NC,North Carolina,Duplin,37061,37061090401,BRFSS,Health Risk Behaviors,No leisure-time physical activity among adults,%,Crude prevalence,30.4,25.9,35.6,2410,1838,"{'type': 'Point', 'coordinates': [-77.9344728, 34.9274228]}",37061090401,RISKBEH,LPA,CrdPrv,Physical Inactivity
2023,NC,North Carolina,Catawba,37035,37035011402,BRFSS,Health Risk Behaviors,No leisure-time physical activity among adults,%,Crude prevalence,28.3,23.4,33.4,3982,3196,"{'type': 'Point', 'coordinates': [-81.127896, 35.6449024]}",37035011402,RISKBEH,LPA,CrdPrv,Physical Inactivity
2023,NC,North Carolina,Chatham,37037,37037020107,BRFSS,Health Risk Behaviors,No leisure-time physical activity among adults,%,Crude prevalence,19.0,15.2,23.3,2643,2109,"{'type': 'Point', 'coordinates': [-79.1887939, 35.8490588]}",37037020107,RISKBEH,LPA,CrdPrv,Physical Inactivity
2023,NC,North Carolina,Cumberland,37051,37051001901,BRFSS,Health Risk Behaviors,No leisure-time physical activity among adults,%,Crude prevalence,27.7,23.5,31.9,2029,1551,"{'type': 'Point', 'coordinates': [-78.9658174, 34.9984406]}",37051001901,RISKBEH,LPA,CrdPrv,Physical Inactivity
2023,NC,North Carolina,Davidson,37057,37057060601,BRFSS,Health Risk Behaviors,No leisure-time physical activity among adults,%,Crude prevalence,21.8,17.9,26.1,4548,3330,"{'type': 'Point', 'coordinates': [-80.088738, 35.9294347]}",37057060601,RISKBEH,LPA,CrdPrv,Physical Inactivity
2023,NC,North Carolina,Durham,37063,37063000302,BRFSS,Health Risk Behaviors,No leisure-time physical activity among adults,%,Crude prevalence,16.0,12.4,19.9,3672,2929,"{'type': 'Point', 'coordinates': [-78.9045671, 36.0111192]}",37063000302,RISKBEH,LPA,CrdPrv,Physical Inactivity
2023,NC,North Carolina,Durham,37063,37063002024,BRFSS,Health Risk Behaviors,No leisure-time physical activity among adults,%,Crude prevalence,13.7,10.8,16.8,7058,5694,"{'type': 'Point', 'coordinates': [-78.9328937, 35.9331285]}",37063002024,RISKBEH,LPA,CrdPrv,Physical Inactivity
2023,NC,North Carolina,Forsyth,37067,37067001800,BRFSS,Health Risk Behaviors,No leisure-time physical activity among adults,%,Crude prevalence,35.6,30.1,41.5,4478,3196,"{'type': 'Point', 'coordinates': [-80.2108615, 36.0793249]}",37067001800,RISKBEH,LPA,CrdPrv,Physical Inactivity
2023,NC,North Carolina,Durham,37063,37063002009,BRFSS,Health Risk Behaviors,No leisure-time physical activity among adults,%,Crude prevalence,33.8,28.4,39.4,4800,3682,"{'type': 'Point', 'coordinates': [-78.8968614, 35.9590707]}",37063002009,RISKBEH,LPA,CrdPrv,Physical Inactivity
2023,NC,North Carolina,Chatham,37037,37037020402,BRFSS,Health Risk Behaviors,No leisure-time physical activity among adults,%,Crude prevalence,42.1,36.3,47.9,4610,3237,"{'type': 'Point', 'coordinates': [-79.4653093, 35.7507675]}",37037020402,RISKBEH,LPA,CrdPrv,Physical Inactivity
2023,NC,North Carolina,Forsyth,37067,37067001400,BRFSS,Health Risk Behaviors,No leisure-time physical activity among adults,%,Crude prevalence,33.5,28.9,38.5,3883,2883,"{'type': 'Point', 'coordinates': [-80.2559043, 36.1381648]}",37067001400,RISKBEH,LPA,CrdPrv,Physical Inactivity
2023,NC,North Carolina,Davie,37059,37059080101,BRFSS,Health Risk Behaviors,No leisure-time physical activity among adults,%,Crude prevalence,27.0,22.0,32.2,4038,3235,"{'type': 'Point', 'coordinates': [-80.6300692, 36.004922]}",37059080101,RISKBEH,LPA,CrdPrv,Physical Inactivity
2023,NC,North Carolina,Edgecombe,37065,37065020900,BRFSS,Health Risk Behaviors,No leisure-time physical activity among adults,%,Crude prevalence,39.9,34.0,45.8,2062,1608,"{'type': 'Point', 'coordinates': [-77.513939, 35.871359]}",37065020900,RISKBEH,LPA,CrdPrv,Physical Inactivity
2023,NC,North Carolina,Cleveland,37045,37045951502,BRFSS,Health Risk Behaviors,No leisure-time physical activity among adults,%,Crude prevalence,22.1,17.4,26.8,1325,1053,"{'type': 'Point', 'coordinates': [-81.6854766, 35.195614]}",37045951502,RISKBEH,LPA,CrdPrv,Physical Inactivity
2023,NC,North Carolina,Columbus,37047,37047931301,BRFSS,Health Risk Behaviors,No leisure-time physical activity among adults,%,Crude prevalence,35.3,30.2,40.8,2267,1806,"{'type': 'Point', 'coordinates': [-78.6654549, 34.0358164]}",37047931301,RISKBEH,LPA,CrdPrv,Physical Inactivity
2023,NC,North Carolina,Cleveland,37045,37045950200,BRFSS,Health Risk Behaviors,No leisure-time physical activity among adults,%,Crude prevalence,29.4,24.5,34.5,4682,3646,"{'type': 'Point', 'coordinates': [-81.5292883, 35.4081477]}",37045950200,RISKBEH,LPA,CrdPrv,Physical Inactivity
2023,NC,North Carolina,Duplin,37061,37061090301,BRFSS,Health Risk Behaviors,No leisure-time physical activity among adults,%,Crude prevalence,32.7,27.7,38.0,2562,1983,"{'type': 'Point', 'coordinates': [-78.1110196, 34.9859289]}",37061090301,RISKBEH,LPA,CrdPrv,Physical Inactivity
2023,NC,North Carolina,Durham,37063,37063002013,BRFSS,Health Risk Behaviors,No leisure-time physical activity among adults,%,Crude prevalence,16.4,13.4,20.0,4805,3852,"{'type': 'Point', 'coordinates': [-78.9086403, 35.8872007]}",37063002013,RISKBEH,LPA,CrdPrv,Physical Inactivity
2023,NC,North Carolina,Dare,37055,37055970601,BRFSS,Health Risk Behaviors,No leisure-time physical activity among adults,%,Crude prevalence,21.8,17.6,26.1,6394,5116,"{'type': 'Point', 'coordinates': [-75.7032303, 35.9241693]}",37055970601,RISKBEH,LPA,CrdPrv,Physical Inactivity
2023,NC,North Carolina,Durham,37063,37063001505,BRFSS,Health Risk Behaviors,No leisure-time physical activity among adults,%,Crude prevalence,26.6,21.7,32.4,3951,3402,"{'type': 'Point', 'coordinates': [-78.9405553, 36.0114234]}",37063001505,RISKBEH,LPA,CrdPrv,Physical Inactivity
2023,NC,North Carolina,Duplin,37061,37061090506,BRFSS,Health Risk Behaviors,No leisure-time physical activity among adults,%,Crude prevalence,27.1,22.4,32.4,1829,1363,"{'type': 'Point', 'coordinates': [-77.8037812, 34.8885531]}",37061090506,RISKBEH,LPA,CrdPrv,Physical Inactivity
2023,NC,North Carolina,Cumberland,37051,37051001605,BRFSS,Health Risk Behaviors,No leisure-time physical activity among adults,%,Crude prevalence,27.3,23.5,31.8,3765,2834,"{'type': 'Point', 'coordinates': [-78.9612332, 34.9750562]}",37051001605,RISKBEH,LPA,CrdPrv,Physical Inactivity
2023,NC,North Carolina,Craven,37049,37049960101,BRFSS,Health Risk Behaviors,No leisure-time physical activity among adults,%,Crude prevalence,21.2,16.8,26.0,3787,3364,"{'type': 'Point', 'coordinates': [-76.9793914, 35.0963314]}",37049960101,RISKBEH,LPA,CrdPrv,Physical Inactivity
2023,NC,North Carolina,Duplin,37061,37061090600,BRFSS,Health Risk Behaviors,No leisure-time physical activity among adults,%,Crude prevalence,30.2,25.3,35.3,2950,2366,"{'type': 'Point', 'coordinates': [-77.7801024, 34.7801925]}",37061090600,RISKBEH,LPA,CrdPrv,Physical Inactivity
2023,NC,North Carolina,Duplin,37061,37061090505,BRFSS,Health Risk Behaviors,No leisure-time physical activity among adults,%,Crude prevalence,29.9,25.2,35.0,2317,1839,"{'type': 'Point', 'coordinates': [-77.7181938, 34.8885011]}",37061090505,RISKBEH,LPA,CrdPrv,Physical Inactivity
2023,NC,North Carolina,Davidson,37057,37057060203,BRFSS,Health Risk Behaviors,No leisure-time physical activity among adults,%,Crude prevalence,21.8,17.9,25.9,6044,4774,"{'type': 'Point', 'coordinates': [-80.2279086, 35.9486797]}",37057060203,RISKBEH,LPA,CrdPrv,Physical Inactivity
2023,NC,North Carolina,Durham,37063,37063002200,BRFSS,Health Risk Behaviors,No leisure-time physical activity among adults,%,Crude prevalence,14.0,11.2,17.4,3177,2854,"{'type': 'Point', 'coordinates': [-78.9017906, 35.9994119]}",37063002200,RISKBEH,LPA,CrdPrv,Physical Inactivity
2023,NC,North Carolina,Forsyth,37067,37067002601,BRFSS,Health Risk Behaviors,No leisure-time physical activity among adults,%,Crude prevalence,16.1,12.6,20.2,2798,2270,"{'type': 'Point', 'coordinates': [-80.2951956, 36.1292907]}",37067002601,RISKBEH,LPA,CrdPrv,Physical Inactivity
2023,NC,North Carolina,Forsyth,37067,37067002806,BRFSS,Health Risk Behaviors,No leisure-time physical activity among adults,%,Crude prevalence,31.4,26.7,36.4,3285,2476,"{'type': 'Point', 'coordinates': [-80.276951, 36.1864015]}",37067002806,RISKBEH,LPA,CrdPrv,Physical Inactivity
2023,NC,North Carolina,Cumberland,37051,37051003501,BRFSS,Health Risk Behaviors,No leisure-time physical activity among adults,%,Crude prevalence,27.0,22.7,31.4,3532,2643,"{'type': 'Point', 'coordinates': [-78.9848446, 35.1748705]}",37051003501,RISKBEH,LPA,CrdPrv,Physical Inactivity
2023,NC,North Carolina,Chatham,37037,37037020201,BRFSS,Health Risk Behaviors,No leisure-time physical activity among adults,%,Crude prevalence,25.5,20.9,30.5,3007,2414,"{'type': 'Point', 'coordinates': [-79.4505658, 35.8018211]}",37037020201,RISKBEH,LPA,CrdPrv,Physical Inactivity
2023,NC,North Carolina,Durham,37063,37063001100,BRFSS,Health Risk Behaviors,No leisure-time physical activity among adults,%,Crude prevalence,38.1,32.6,43.9,4151,3044,"{'type': 'Point', 'coordinates': [-78.8900791, 35.9901712]}",37063001100,RISKBEH,LPA,CrdPrv,Physical Inactivity
2023,NC,North Carolina,Cumberland,37051,37051002001,BRFSS,Health Risk Behaviors,No leisure-time physical activity among adults,%,Crude prevalence,26.7,22.3,31.2,2921,2302,"{'type': 'Point', 'coordinates': [-78.9639673, 35.0691784]}",37051002001,RISKBEH,LPA,CrdPrv,Physical Inactivity
2023,NC,North Carolina,Cleveland,37045,37045951602,BRFSS,Health Risk Behaviors,No leisure-time physical activity among adults,%,Crude prevalence,29.1,24.3,33.9,4716,3708,"{'type': 'Point', 'coordinates': [-81.5041012, 35.2304996]}",37045951602,RISKBEH,LPA,CrdPrv,Physical Inactivity
2023,NC,North Carolina,Cherokee,37039,37039930101,BRFSS,Health Risk Behaviors,No leisure-time physical activity among adults,%,Crude prevalence,31.5,26.5,37.0,2284,1767,"{'type': 'Point', 'coordinates': [-83.8270117, 35.1895973]}",37039930101,RISKBEH,LPA,CrdPrv,Physical Inactivity
2023,NC,North Carolina,Cumberland,37051,37051000500,BRFSS,Health Risk Behaviors,No leisure-time physical activity among adults,%,Crude prevalence,36.2,31.5,41.1,2096,1630,"{'type': 'Point', 'coordinates': [-78.9012206, 35.0251676]}",37051000500,RISKBEH,LPA,CrdPrv,Physical Inactivity
2023,NC,North Carolina,Cleveland,37045,37045950604,BRFSS,Health Risk Behaviors,No leisure-time physical activity among adults,%,Crude prevalence,31.3,26.0,36.9,2884,2206,"{'type': 'Point', 'coordinates': [-81.4673805, 35.192722]}",37045950604,RISKBEH,LPA,CrdPrv,Physical Inactivity
2023,NC,North Carolina,Dare,37055,37055970102,BRFSS,Health Risk Behaviors,No leisure-time physical activity among adults,%,Crude prevalence,18.5,14.4,23.2,3606,2908,"{'type': 'Point', 'coordinates': [-75.734145, 36.071615]}",37055970102,RISKBEH,LPA,CrdPrv,Physical Inactivity
2023,NC,North Carolina,Davidson,37057,37057061701,BRFSS,Health Risk Behaviors,No leisure-time physical activity among adults,%,Crude prevalence,24.9,20.3,29.5,5395,4119,"{'type': 'Point', 'coordinates': [-80.3241409, 35.8028157]}",37057061701,RISKBEH,LPA,CrdPrv,Physical Inactivity
2023,NC,North Carolina,Davidson,37057,37057061203,BRFSS,Health Risk Behaviors,No leisure-time physical activity among adults,%,Crude prevalence,30.5,25.8,35.4,3792,2958,"{'type': 'Point', 'coordinates': [-80.2672983, 35.8479477]}",37057061203,RISKBEH,LPA,CrdPrv,Physical Inactivity
2023,NC,North Carolina,Cumberland,37051,37051001800,BRFSS,Health Risk Behaviors,No leisure-time physical activity among adults,%,Crude prevalence,33.7,29.1,38.3,2084,1670,"{'type': 'Point', 'coordinates': [-78.9412608, 35.0352611]}",37051001800,RISKBEH,LPA,CrdPrv,Physical Inactivity
2023,NC,North Carolina,Cumberland,37051,37051003208,BRFSS,Health Risk Behaviors,No leisure-time physical activity among adults,%,Crude prevalence,27.9,23.7,32.4,3726,2896,"{'type': 'Point', 'coordinates': [-78.9906416, 35.0297398]}",37051003208,RISKBEH,LPA,CrdPrv,Physical Inactivity
2023,NC,North Carolina,Cleveland,37045,37045951501,BRFSS,Health Risk Behaviors,No leisure-time physical activity among adults,%,Crude prevalence,19.6,16.0,23.7,5773,4730,"{'type': 'Point', 'coordinates': [-81.6996053, 35.2501871]}",37045951501,RISKBEH,LPA,CrdPrv,Physical Inactivity
2023,NC,North Carolina,Durham,37063,37063002034,BRFSS,Health Risk Behaviors,No leisure-time physical activity among adults,%,Crude prevalence,16.1,13.0,19.7,6052,5018,"{'type': 'Point', 'coordinates': [-78.9779503, 35.9355025]}",37063002034,RISKBEH,LPA,CrdPrv,Physical Inactivity
2023,NC,North Carolina,Durham,37063,37063002030,BRFSS,Health Risk Behaviors,No leisure-time physical activity among adults,%,Crude prevalence,13.9,11.1,16.9,4354,3340,"{'type': 'Point', 'coordinates': [-78.9763743, 35.9905135]}",37063002030,RISKBEH,LPA,CrdPrv,Physical Inactivity
2023,NC,North Carolina,Chatham,37037,37037020801,BRFSS,Health Risk Behaviors,No leisure-time physical activity among adults,%,Crude prevalence,21.6,17.8,25.9,4513,3627,"{'type': 'Point', 'coordinates': [-79.2112, 35.7085378]}",37037020801,RISKBEH,LPA,CrdPrv,Physical Inactivity
2023,NC,North Carolina,Cumberland,37051,37051003800,BRFSS,Health Risk Behaviors,No leisure-time physical activity among adults,%,Crude prevalence,34.1,29.4,39.6,2588,2098,"{'type': 'Point', 'coordinates': [-78.8744556, 35.0603197]}",37051003800,RISKBEH,LPA,CrdPrv,Physical Inactivity
2023,NC,North Carolina,Cumberland,37051,37051980200,BRFSS,Health Risk Behaviors,No leisure-time physical activity among adults,%,Crude prevalence,18.3,14.6,22.3,200,191,"{'type': 'Point', 'coordinates': [-78.9318502, 35.1559864]}",37051980200,RISKBEH,LPA,CrdPrv,Physical Inactivity
2023,NC,North Carolina,Craven,37049,37049960301,BRFSS,Health Risk Behaviors,No leisure-time physical activity among adults,%,Crude prevalence,26.1,21.7,31.0,3200,2509,"{'type': 'Point', 'coordinates': [-77.2101881, 35.1894497]}",37049960301,RISKBEH,LPA,CrdPrv,Physical Inactivity
2023,NC,North Carolina,Chatham,37037,37037020500,BRFSS,Health Risk Behaviors,No leisure-time physical activity among adults,%,Crude prevalence,26.0,21.8,30.8,3605,2828,"{'type': 'Point', 'coordinates': [-79.4799628, 35.5912562]}",37037020500,RISKBEH,LPA,CrdPrv,Physical Inactivity
2023,NC,North Carolina,Craven,37049,37049961301,BRFSS,Health Risk Behaviors,No leisure-time physical activity among adults,%,Crude prevalence,23.0,19.0,27.5,3316,2591,"{'type': 'Point', 'coordinates': [-76.9237308, 34.8541188]}",37049961301,RISKBEH,LPA,CrdPrv,Physical Inactivity
2023,NC,North Carolina,Columbus,37047,37047930100,BRFSS,Health Risk Behaviors,No leisure-time physical activity among adults,%,Crude prevalence,29.6,25.0,34.3,3892,3057,"{'type': 'Point', 'coordinates': [-78.2618727, 34.3293756]}",37047930100,RISKBEH,LPA,CrdPrv,Physical Inactivity
2023,NC,North Carolina,Durham,37063,37063000102,BRFSS,Health Risk Behaviors,No leisure-time physical activity among adults,%,Crude prevalence,26.7,22.1,31.5,4430,3453,"{'type': 'Point', 'coordinates': [-78.8980833, 36.0322304]}",37063000102,RISKBEH,LPA,CrdPrv,Physical Inactivity
2023,NC,North Carolina,Forsyth,37067,37067001700,BRFSS,Health Risk Behaviors,No leisure-time physical activity among adults,%,Crude prevalence,30.9,26.4,36.0,5527,4031,"{'type': 'Point', 'coordinates': [-80.2053871, 36.1185506]}",37067001700,RISKBEH,LPA,CrdPrv,Physical Inactivity
2023,NC,North Carolina,Cumberland,37051,37051002402,BRFSS,Health Risk Behaviors,No leisure-time physical activity among adults,%,Crude prevalence,29.9,25.5,34.6,3288,2613,"{'type': 'Point', 'coordinates': [-78.9175357, 35.1071809]}",37051002402,RISKBEH,LPA,CrdPrv,Physical Inactivity
2023,NC,North Carolina,Columbus,37047,37047931000,BRFSS,Health Risk Behaviors,No leisure-time physical activity among adults,%,Crude prevalence,31.4,26.5,36.8,4863,3984,"{'type': 'Point', 'coordinates': [-78.7166122, 34.2735881]}",37047931000,RISKBEH,LPA,CrdPrv,Physical Inactivity
2023,NC,North Carolina,Cumberland,37051,37051003700,BRFSS,Health Risk Behaviors,No leisure-time physical activity among adults,%,Crude prevalence,20.8,17.5,24.4,7506,5677,"{'type': 'Point', 'coordinates': [-78.8264029, 35.2010072]}",37051003700,RISKBEH,LPA,CrdPrv,Physical Inactivity
2023,NC,North Carolina,Davidson,37057,37057060104,BRFSS,Health Risk Behaviors,No leisure-time physical activity among adults,%,Crude prevalence,20.8,17.0,24.8,5393,4192,"{'type': 'Point', 'coordinates': [-80.1445474, 35.9950584]}",37057060104,RISKBEH,LPA,CrdPrv,Physical Inactivity
2023,NC,North Carolina,Cumberland,37051,37051001402,BRFSS,Health Risk Behaviors,No leisure-time physical activity among adults,%,Crude prevalence,34.9,30.0,39.6,2600,1847,"{'type': 'Point', 'coordinates': [-78.8395153, 35.0402737]}",37051001402,RISKBEH,LPA,CrdPrv,Physical Inactivity
2023,NC,North Carolina,Duplin,37061,37061090102,BRFSS,Health Risk Behaviors,No leisure-time physical activity among adults,%,Crude prevalence,31.3,26.3,36.8,2891,2174,"{'type': 'Point', 'coordinates': [-77.8919793, 35.0627152]}",37061090102,RISKBEH,LPA,CrdPrv,Physical Inactivity
2023,NC,North Carolina,Forsyth,37067,37067001902,BRFSS,Health Risk Behaviors,No leisure-time physical activity among adults,%,Crude prevalence,24.2,19.7,29.1,1871,1483,"{'type': 'Point', 'coordinates': [-80.2462595, 36.0710302]}",37067001902,RISKBEH,LPA,CrdPrv,Physical Inactivity
2023,NC,North Carolina,Cumberland,37051,37051003207,BRFSS,Health Risk Behaviors,No leisure-time physical activity among adults,%,Crude prevalence,17.8,14.8,21.1,7742,5384,"{'type': 'Point', 'coordinates': [-78.9958033, 34.9902288]}",37051003207,RISKBEH,LPA,CrdPrv,Physical Inactivity
2023,NC,North Carolina,Cumberland,37051,37051000800,BRFSS,Health Risk Behaviors,No leisure-time physical activity among adults,%,Crude prevalence,21.4,17.8,25.5,2588,2144,"{'type': 'Point', 'coordinates': [-78.8960324, 35.060178]}",37051000800,RISKBEH,LPA,CrdPrv,Physical Inactivity
2023,NC,North Carolina,Durham,37063,37063001400,BRFSS,Health Risk Behaviors,No leisure-time physical activity among adults,%,Crude prevalence,35.8,29.7,42.1,2746,1745,"{'type': 'Point', 'coordinates': [-78.8858301, 35.9766127]}",37063001400,RISKBEH,LPA,CrdPrv,Physical Inactivity
2023,NC,North Carolina,Catawba,37035,37035011702,BRFSS,Health Risk Behaviors,No leisure-time physical activity among adults,%,Crude prevalence,22.0,18.1,26.2,7200,5671,"{'type': 'Point', 'coordinates': [-81.2771671, 35.5977295]}",37035011702,RISKBEH,LPA,CrdPrv,Physical Inactivity
2023,NC,North Carolina,Cherokee,37039,37039930606,BRFSS,Health Risk Behaviors,No leisure-time physical activity among adults,%,Crude prevalence,28.3,22.7,34.0,2395,2130,"{'type': 'Point', 'coordinates': [-84.2480484, 35.0645601]}",37039930606,RISKBEH,LPA,CrdPrv,Physical Inactivity
2023,NC,North Carolina,Davidson,37057,37057061501,BRFSS,Health Risk Behaviors,No leisure-time physical activity among adults,%,Crude prevalence,38.6,33.1,43.9,4773,3513,"{'type': 'Point', 'coordinates': [-80.269939, 35.7987497]}",37057061501,RISKBEH,LPA,CrdPrv,Physical Inactivity
2023,NC,North Carolina,Cumberland,37051,37051000200,BRFSS,Health Risk Behaviors,No leisure-time physical activity among adults,%,Crude prevalence,44.6,38.6,50.2,2041,1439,"{'type': 'Point', 'coordinates': [-78.8710644, 35.037946]}",37051000200,RISKBEH,LPA,CrdPrv,Physical Inactivity
2023,NC,North Carolina,Forsyth,37067,37067002200,BRFSS,Health Risk Behaviors,No leisure-time physical activity among adults,%,Crude prevalence,18.6,14.7,23.1,3588,3009,"{'type': 'Point', 'coordinates': [-80.2848462, 36.0855284]}",37067002200,RISKBEH,LPA,CrdPrv,Physical Inactivity
2023,NC,North Carolina,Durham,37063,37063002300,BRFSS,Health Risk Behaviors,No leisure-time physical activity among adults,%,Crude prevalence,23.6,19.5,28.4,2434,2071,"{'type': 'Point', 'coordinates': [-78.901429, 35.9872849]}",37063002300,RISKBEH,LPA,CrdPrv,Physical Inactivity
2023,NC,North Carolina,Dare,37055,37055970400,BRFSS,Health Risk Behaviors,No leisure-time physical activity among adults,%,Crude prevalence,19.7,15.3,24.8,3182,2732,"{'type': 'Point', 'coordinates': [-75.6248799, 35.9416216]}",37055970400,RISKBEH,LPA,CrdPrv,Physical Inactivity
2023,NC,North Carolina,Cumberland,37051,37051003401,BRFSS,Health Risk Behaviors,No leisure-time physical activity among adults,%,Crude prevalence,20.0,16.6,23.6,2630,1656,"{'type': 'Point', 'coordinates': [-79.006925, 35.174034]}",37051003401,RISKBEH,LPA,CrdPrv,Physical Inactivity
2023,NC,North Carolina,Forsyth,37067,37067002704,BRFSS,Health Risk Behaviors,No leisure-time physical activity among adults,%,Crude prevalence,27.0,22.5,31.6,3424,2712,"{'type': 'Point', 'coordinates': [-80.2762917, 36.1480691]}",37067002704,RISKBEH,LPA,CrdPrv,Physical Inactivity
2023,NC,North Carolina,Cumberland,37051,37051003304,BRFSS,Health Risk Behaviors,No leisure-time physical activity among adults,%,Crude prevalence,28.5,24.5,33.1,7157,5691,"{'type': 'Point', 'coordinates': [-78.9809472, 35.0922341]}",37051003304,RISKBEH,LPA,CrdPrv,Physical Inactivity
2023,NC,North Carolina,Davidson,37057,37057061805,BRFSS,Health Risk Behaviors,No leisure-time physical activity among adults,%,Crude prevalence,27.1,22.3,32.2,2649,2117,"{'type': 'Point', 'coordinates': [-80.21662, 35.7661931]}",37057061805,RISKBEH,LPA,CrdPrv,Physical Inactivity
2023,NC,North Carolina,Davidson,37057,37057060500,BRFSS,Health Risk Behaviors,No leisure-time physical activity among adults,%,Crude prevalence,26.9,21.9,31.8,5425,4317,"{'type': 'Point', 'coordinates': [-80.1463747, 35.8837689]}",37057060500,RISKBEH,LPA,CrdPrv,Physical Inactivity
2023,NC,North Carolina,Columbus,37047,37047930500,BRFSS,Health Risk Behaviors,No leisure-time physical activity among adults,%,Crude prevalence,32.0,27.3,37.3,4057,3213,"{'type': 'Point', 'coordinates': [-78.8626385, 34.4040593]}",37047930500,RISKBEH,LPA,CrdPrv,Physical Inactivity
2023,NC,North Carolina,Durham,37063,37063002025,BRFSS,Health Risk Behaviors,No leisure-time physical activity among adults,%,Crude prevalence,19.6,15.8,23.2,6410,4938,"{'type': 'Point', 'coordinates': [-78.9072627, 35.9323641]}",37063002025,RISKBEH,LPA,CrdPrv,Physical Inactivity
2023,NC,North Carolina,Davidson,37057,37057061803,BRFSS,Health Risk Behaviors,No leisure-time physical activity among adults,%,Crude prevalence,28.1,23.5,32.9,3524,2732,"{'type': 'Point', 'coordinates': [-80.2846798, 35.7624153]}",37057061803,RISKBEH,LPA,CrdPrv,Physical Inactivity
2023,NC,North Carolina,Catawba,37035,37035011101,BRFSS,Health Risk Behaviors,No leisure-time physical activity among adults,%,Crude prevalence,25.7,21.3,30.1,3597,2836,"{'type': 'Point', 'coordinates': [-81.3846002, 35.696628]}",37035011101,RISKBEH,LPA,CrdPrv,Physical Inactivity
2023,NC,North Carolina,Cherokee,37039,37039930502,BRFSS,Health Risk Behaviors,No leisure-time physical activity among adults,%,Crude prevalence,24.2,19.4,29.3,3587,3006,"{'type': 'Point', 'coordinates': [-84.0466021, 35.0392653]}",37039930502,RISKBEH,LPA,CrdPrv,Physical Inactivity
2023,NC,North Carolina,Durham,37063,37063000301,BRFSS,Health Risk Behaviors,No leisure-time physical activity among adults,%,Crude prevalence,19.3,15.8,23.3,2644,2193,"{'type': 'Point', 'coordinates': [-78.9126765, 36.0172829]}",37063000301,RISKBEH,LPA,CrdPrv,Physical Inactivity
2023,NC,North Carolina,Forsyth,37067,37067002901,BRFSS,Health Risk Behaviors,No leisure-time physical activity among adults,%,Crude prevalence,30.1,25.3,34.9,4901,3738,"{'type': 'Point', 'coordinates': [-80.2266499, 36.2017329]}",37067002901,RISKBEH,LPA,CrdPrv,Physical Inactivity
2023,NC,North Carolina,Cumberland,37051,37051003314,BRFSS,Health Risk Behaviors,No leisure-time physical activity among adults,%,Crude prevalence,24.2,20.4,28.7,7345,5337,"{'type': 'Point', 'coordinates': [-79.0485159, 35.0472473]}",37051003314,RISKBEH,LPA,CrdPrv,Physical Inactivity
2023,NC,North Carolina,Chatham,37037,37037020203,BRFSS,Health Risk Behaviors,No leisure-time physical activity among adults,%,Crude prevalence,22.8,18.5,27.4,2409,1950,"{'type': 'Point', 'coordinates': [-79.3082367, 35.7291272]}",37037020203,RISKBEH,LPA,CrdPrv,Physical Inactivity
2023,NC,North Carolina,Durham,37063,37063002021,BRFSS,Health Risk Behaviors,No leisure-time physical activity among adults,%,Crude prevalence,16.1,13.1,19.5,4604,3801,"{'type': 'Point', 'coordinates': [-78.942668, 35.9048489]}",37063002021,RISKBEH,LPA,CrdPrv,Physical Inactivity
2023,NC,North Carolina,Durham,37063,37063002031,BRFSS,Health Risk Behaviors,No leisure-time physical activity among adults,%,Crude prevalence,25.1,20.4,29.8,2201,1745,"{'type': 'Point', 'coordinates': [-78.9614691, 35.9593036]}",37063002031,RISKBEH,LPA,CrdPrv,Physical Inactivity
2023,NC,North Carolina,Duplin,37061,37061090706,BRFSS,Health Risk Behaviors,No leisure-time physical activity among adults,%,Crude prevalence,31.4,26.7,36.4,2840,2182,"{'type': 'Point', 'coordinates': [-78.00754, 34.7708787]}",37061090706,RISKBEH,LPA,CrdPrv,Physical Inactivity
2023,NC,North Carolina,Duplin,37061,37061090402,BRFSS,Health Risk Behaviors,No leisure-time physical activity among adults,%,Crude prevalence,25.9,21.7,30.5,2566,1997,"{'type': 'Point', 'coordinates': [-77.942376, 35.005615]}",37061090402,RISKBEH,LPA,CrdPrv,Physical Inactivity
2023,NC,North Carolina,Durham,37063,37063001810,BRFSS,Health Risk Behaviors,No leisure-time physical activity among adults,%,Crude prevalence,28.6,23.8,33.5,3550,2475,"{'type': 'Point', 'coordinates': [-78.8382456, 35.9753963]}",37063001810,RISKBEH,LPA,CrdPrv,Physical Inactivity
2023,NC,North Carolina,Cumberland,37051,37051002702,BRFSS,Health Risk Behaviors,No leisure-time physical activity among adults,%,Crude prevalence,23.6,19.9,27.6,5570,4275,"{'type': 'Point', 'coordinates': [-78.7617011, 35.0631798]}",37051002702,RISKBEH,LPA,CrdPrv,Physical Inactivity
2023,NC,North Carolina,Cleveland,37045,37045950701,BRFSS,Health Risk Behaviors,No leisure-time physical activity among adults,%,Crude prevalence,28.6,24.0,33.4,3659,2972,"{'type': 'Point', 'coordinates': [-81.4771935, 35.28941]}",37045950701,RISKBEH,LPA,CrdPrv,Physical Inactivity
2023,NC,North Carolina,Durham,37063,37063000401,BRFSS,Health Risk Behaviors,No leisure-time physical activity among adults,%,Crude prevalence,15.3,12.2,19.1,2564,2020,"{'type': 'Point', 'coordinates': [-78.9314891, 36.0222007]}",37063000401,RISKBEH,LPA,CrdPrv,Physical Inactivity
2023,NC,North Carolina,Forsyth,37067,37067002001,BRFSS,Health Risk Behaviors,No leisure-time physical activity among adults,%,Crude prevalence,35.9,30.9,41.6,2536,1854,"{'type': 'Point', 'coordinates': [-80.2334848, 36.0567468]}",37067002001,RISKBEH,LPA,CrdPrv,Physical Inactivity
2023,NC,North Carolina,Cleveland,37045,37045951000,BRFSS,Health Risk Behaviors,No leisure-time physical activity among adults,%,Crude prevalence,23.9,19.0,28.9,3380,2607,"{'type': 'Point', 'coordinates': [-81.5258143, 35.290613]}",37045951000,RISKBEH,LPA,CrdPrv,Physical Inactivity
2023,NC,North Carolina,Chatham,37037,37037020704,BRFSS,Health Risk Behaviors,No leisure-time physical activity among adults,%,Crude prevalence,21.5,17.0,26.5,2782,2422,"{'type': 'Point', 'coordinates': [-78.9899416, 35.8445461]}",37037020704,RISKBEH,LPA,CrdPrv,Physical Inactivity
2023,NC,North Carolina,Davidson,37057,37057061101,BRFSS,Health Risk Behaviors,No leisure-time physical activity among adults,%,Crude prevalence,26.4,21.7,31.6,2839,2273,"{'type': 'Point', 'coordinates': [-80.0952811, 35.8497017]}",37057061101,RISKBEH,LPA,CrdPrv,Physical Inactivity
2023,NC,North Carolina,Forsyth,37067,37067002804,BRFSS,Health Risk Behaviors,No leisure-time physical activity among adults,%,Crude prevalence,31.3,26.4,36.3,3706,2858,"{'type': 'Point', 'coordinates': [-80.3098969, 36.1848889]}",37067002804,RISKBEH,LPA,CrdPrv,Physical Inactivity
2023,NC,North Carolina,Catawba,37035,37035011801,BRFSS,Health Risk Behaviors,No leisure-time physical activity among adults,%,Crude prevalence,22.7,18.5,27.4,6230,4839,"{'type': 'Point', 'coordinates': [-81.4029024, 35.6536727]}",37035011801,RISKBEH,LPA,CrdPrv,Physical Inactivity
2023,NC,North Carolina,Craven,37049,37049960900,BRFSS,Health Risk Behaviors,No leisure-time physical activity among adults,%,Crude prevalence,27.4,22.5,32.7,1669,1411,"{'type': 'Point', 'coordinates': [-77.0386751, 35.1088154]}",37049960900,RISKBEH,LPA,CrdPrv,Physical Inactivity
2023,NC,North Carolina,Durham,37063,37063002026,BRFSS,Health Risk Behaviors,No leisure-time physical activity among adults,%,Crude prevalence,29.5,24.3,35.1,6831,5318,"{'type': 'Point', 'coordinates': [-78.8971197, 35.9457669]}",37063002026,RISKBEH,LPA,CrdPrv,Physical Inactivity
2023,NC,North Carolina,Cumberland,37051,37051003302,BRFSS,Health Risk Behaviors,No leisure-time physical activity among adults,%,Crude prevalence,29.6,25.1,34.4,5782,4430,"{'type': 'Point', 'coordinates': [-78.9930864, 35.0512889]}",37051003302,RISKBEH,LPA,CrdPrv,Physical Inactivity
2023,NC,North Carolina,Edgecombe,37065,37065020300,BRFSS,Health Risk Behaviors,No leisure-time physical activity among adults,%,Crude prevalence,38.4,32.3,44.2,5372,4080,"{'type': 'Point', 'coordinates': [-77.7597316, 35.9361499]}",37065020300,RISKBEH,LPA,CrdPrv,Physical Inactivity
2023,NC,North Carolina,Forsyth,37067,37067002705,BRFSS,Health Risk Behaviors,No leisure-time physical activity among adults,%,Crude prevalence,24.8,20.4,29.7,3266,2873,"{'type': 'Point', 'coordinates': [-80.2926236, 36.1454142]}",37067002705,RISKBEH,LPA,CrdPrv,Physical Inactivity
2023,NC,North Carolina,Currituck,37053,37053110301,BRFSS,Health Risk Behaviors,No leisure-time physical activity among adults,%,Crude prevalence,20.8,16.6,25.3,4721,3652,"{'type': 'Point', 'coordinates': [-76.0285207, 36.4642796]}",37053110301,RISKBEH,LPA,CrdPrv,Physical Inactivity
2023,NC,North Carolina,Davidson,37057,37057061300,BRFSS,Health Risk Behaviors,No leisure-time physical activity among adults,%,Crude prevalence,29.5,24.5,34.5,2291,1881,"{'type': 'Point', 'coordinates': [-80.2585195, 35.8292072]}",37057061300,RISKBEH,LPA,CrdPrv,Physical Inactivity
2023,NC,North Carolina,Durham,37063,37063002007,BRFSS,Health Risk Behaviors,No leisure-time physical activity among adults,%,Crude prevalence,17.2,13.7,21.0,5080,4100,"{'type': 'Point', 'coordinates': [-78.9380363, 35.9487643]}",37063002007,RISKBEH,LPA,CrdPrv,Physical Inactivity
2023,NC,North Carolina,Cumberland,37051,37051003103,BRFSS,Health Risk Behaviors,No leisure-time physical activity among adults,%,Crude prevalence,23.3,19.6,27.1,6683,4838,"{'type': 'Point', 'coordinates': [-78.9848678, 34.9619383]}",37051003103,RISKBEH,LPA,CrdPrv,Physical Inactivity
2023,NC,North Carolina,Chowan,37041,37041930202,BRFSS,Health Risk Behaviors,No leisure-time physical activity among adults,%,Crude prevalence,30.8,25.6,36.5,2261,1818,"{'type': 'Point', 'coordinates': [-76.6341756, 36.1279996]}",37041930202,RISKBEH,LPA,CrdPrv,Physical Inactivity
2023,NC,North Carolina,Durham,37063,37063001713,BRFSS,Health Risk Behaviors,No leisure-time physical activity among adults,%,Crude prevalence,18.2,14.7,22.5,3407,2798,"{'type': 'Point', 'coordinates': [-78.9637807, 36.0358277]}",37063001713,RISKBEH,LPA,CrdPrv,Physical Inactivity
2023,NC,North Carolina,Catawba,37035,37035010900,BRFSS,Health Risk Behaviors,No leisure-time physical activity among adults,%,Crude prevalence,40.4,34.7,46.2,3607,2771,"{'type': 'Point', 'coordinates': [-81.3325203, 35.7214302]}",37035010900,RISKBEH,LPA,CrdPrv,Physical Inactivity
2023,NC,North Carolina,Cumberland,37051,37051003317,BRFSS,Health Risk Behaviors,No leisure-time physical activity among adults,%,Crude prevalence,23.5,19.7,27.6,3577,2876,"{'type': 'Point', 'coordinates': [-78.9910825, 35.0746829]}",37051003317,RISKBEH,LPA,CrdPrv,Physical Inactivity
2023,NC,North Carolina,Currituck,37053,37053110404,BRFSS,Health Risk Behaviors,No leisure-time physical activity among adults,%,Crude prevalence,24.0,19.5,29.0,2639,2122,"{'type': 'Point', 'coordinates': [-75.8891664, 36.2072316]}",37053110404,RISKBEH,LPA,CrdPrv,Physical Inactivity
2023,NC,North Carolina,Cumberland,37051,37051003209,BRFSS,Health Risk Behaviors,No leisure-time physical activity among adults,%,Crude prevalence,25.7,21.7,30.0,4600,3300,"{'type': 'Point', 'coordinates': [-78.9937676, 35.0123774]}",37051003209,RISKBEH,LPA,CrdPrv,Physical Inactivity
2023,NC,North Carolina,Currituck,37053,37053110102,BRFSS,Health Risk Behaviors,No leisure-time physical activity among adults,%,Crude prevalence,22.3,17.5,27.3,1486,1210,"{'type': 'Point', 'coordinates': [-75.9583353, 36.5059811]}",37053110102,RISKBEH,LPA,CrdPrv,Physical Inactivity
2023,NC,North Carolina,Craven,37049,37049961302,BRFSS,Health Risk Behaviors,No leisure-time physical activity among adults,%,Crude prevalence,28.0,23.7,33.0,5109,3876,"{'type': 'Point', 'coordinates': [-76.8419004, 34.8607796]}",37049961302,RISKBEH,LPA,CrdPrv,Physical Inactivity
2023,NC,North Carolina,Cumberland,37051,37051002506,BRFSS,Health Risk Behaviors,No leisure-time physical activity among adults,%,Crude prevalence,20.0,16.6,23.8,3419,2644,"{'type': 'Point', 'coordinates': [-78.8631113, 35.145826]}",37051002506,RISKBEH,LPA,CrdPrv,Physical Inactivity
2023,NC,North Carolina,Currituck,37053,37053110403,BRFSS,Health Risk Behaviors,No leisure-time physical activity among adults,%,Crude prevalence,21.4,17.5,26.0,1734,1375,"{'type': 'Point', 'coordinates': [-75.8229294, 36.1610047]}",37053110403,RISKBEH,LPA,CrdPrv,Physical Inactivity
2023,NC,North Carolina,Forsyth,37067,37067000900,BRFSS,Health Risk Behaviors,No leisure-time physical activity among adults,%,Crude prevalence,28.1,23.5,33.0,3589,3090,"{'type': 'Point', 'coordinates': [-80.2489368, 36.0842573]}",37067000900,RISKBEH,LPA,CrdPrv,Physical Inactivity
2023,NC,North Carolina,Davidson,37057,37057062001,BRFSS,Health Risk Behaviors,No leisure-time physical activity among adults,%,Crude prevalence,23.3,18.9,27.9,4525,3728,"{'type': 'Point', 'coordinates': [-80.1610004, 35.6117602]}",37057062001,RISKBEH,LPA,CrdPrv,Physical Inactivity
2023,NC,North Carolina,Cumberland,37051,37051003601,BRFSS,Health Risk Behaviors,No leisure-time physical activity among adults,%,Crude prevalence,26.6,22.3,31.1,2902,2273,"{'type': 'Point', 'coordinates': [-78.9598769, 35.1974564]}",37051003601,RISKBEH,LPA,CrdPrv,Physical Inactivity
2023,NC,North Carolina,Clay,37043,37043950102,BRFSS,Health Risk Behaviors,No leisure-time physical activity among adults,%,Crude prevalence,23.4,18.3,28.7,2729,2274,"{'type': 'Point', 'coordinates': [-83.7653452, 35.1206915]}",37043950102,RISKBEH,LPA,CrdPrv,Physical Inactivity
2023,NC,North Carolina,Cherokee,37039,37039930604,BRFSS,Health Risk Behaviors,No leisure-time physical activity among adults,%,Crude prevalence,32.5,26.5,38.4,1744,1453,"{'type': 'Point', 'coordinates': [-84.0969495, 35.0187683]}",37039930604,RISKBEH,LPA,CrdPrv,Physical Inactivity
2023,NC,North Carolina,Durham,37063,37063000200,BRFSS,Health Risk Behaviors,No leisure-time physical activity among adults,%,Crude prevalence,26.5,21.6,31.9,2893,2388,"{'type': 'Point', 'coordinates': [-78.8853873, 36.0089209]}",37063000200,RISKBEH,LPA,CrdPrv,Physical Inactivity
2023,NC,North Carolina,Forsyth,37067,37067000802,BRFSS,Health Risk Behaviors,No leisure-time physical activity among adults,%,Crude prevalence,39.3,33.7,45.2,2258,1604,"{'type': 'Point', 'coordinates': [-80.231189, 36.0765437]}",37067000802,RISKBEH,LPA,CrdPrv,Physical Inactivity
2023,NC,North Carolina,Cherokee,37039,37039930102,BRFSS,Health Risk Behaviors,No leisure-time physical activity among adults,%,Crude prevalence,34.9,28.7,41.6,2133,1714,"{'type': 'Point', 'coordinates': [-83.7809237, 35.2082601]}",37039930102,RISKBEH,LPA,CrdPrv,Physical Inactivity
2023,NC,North Carolina,Cleveland,37045,37045950702,BRFSS,Health Risk Behaviors,No leisure-time physical activity among adults,%,Crude prevalence,27.8,23.0,32.5,3804,2879,"{'type': 'Point', 'coordinates': [-81.5007483, 35.2714318]}",37045950702,RISKBEH,LPA,CrdPrv,Physical Inactivity
2023,NC,North Carolina,Forsyth,37067,37067001601,BRFSS,Health Risk Behaviors,No leisure-time physical activity among adults,%,Crude prevalence,37.1,31.6,43.5,3607,2834,"{'type': 'Point', 'coordinates': [-80.2124724, 36.139276]}",37067001601,RISKBEH,LPA,CrdPrv,Physical Inactivity
2023,NC,North Carolina,Duplin,37061,37061090103,BRFSS,Health Risk Behaviors,No leisure-time physical activity among adults,%,Crude prevalence,34.3,29.0,40.7,1507,1084,"{'type': 'Point', 'coordinates': [-77.9649835, 35.149144]}",37061090103,RISKBEH,LPA,CrdPrv,Physical Inactivity
2023,NC,North Carolina,Forsyth,37067,37067002808,BRFSS,Health Risk Behaviors,No leisure-time physical activity among adults,%,Crude prevalence,23.1,19.3,27.1,3934,3089,"{'type': 'Point', 'coordinates': [-80.3174502, 36.2420401]}",37067002808,RISKBEH,LPA,CrdPrv,Physical Inactivity
2023,NC,North Carolina,Cumberland,37051,37051000701,BRFSS,Health Risk Behaviors,No leisure-time physical activity among adults,%,Crude prevalence,18.2,15.1,21.6,5515,4309,"{'type': 'Point', 'coordinates': [-78.9350377, 35.0527315]}",37051000701,RISKBEH,LPA,CrdPrv,Physical Inactivity
2023,NC,North Carolina,Forsyth,37067,37067000302,BRFSS,Health Risk Behaviors,No leisure-time physical activity among adults,%,Crude prevalence,40.1,34.6,46.1,1832,1326,"{'type': 'Point', 'coordinates': [-80.2561384, 36.1185146]}",37067000302,RISKBEH,LPA,CrdPrv,Physical Inactivity
2023,NC,North Carolina,Craven,37049,37049960600,BRFSS,Health Risk Behaviors,No leisure-time physical activity among adults,%,Crude prevalence,28.3,23.8,33.2,5335,4216,"{'type': 'Point', 'coordinates': [-77.0769298, 35.1154121]}",37049960600,RISKBEH,LPA,CrdPrv,Physical Inactivity
2023,NC,North Carolina,Craven,37049,37049961102,BRFSS,Health Risk Behaviors,No leisure-time physical activity among adults,%,Crude prevalence,25.0,20.9,29.6,3755,2846,"{'type': 'Point', 'coordinates': [-77.0300814, 34.8854343]}",37049961102,RISKBEH,LPA,CrdPrv,Physical Inactivity
2023,NC,North Carolina,Davidson,37057,37057060101,BRFSS,Health Risk Behaviors,No leisure-time physical activity among adults,%,Crude prevalence,19.8,16.2,23.6,6265,4701,"{'type': 'Point', 'coordinates': [-80.0588737, 35.9845736]}",37057060101,RISKBEH,LPA,CrdPrv,Physical Inactivity
2023,NC,North Carolina,Catawba,37035,37035011506,BRFSS,Health Risk Behaviors,No leisure-time physical activity among adults,%,Crude prevalence,17.5,13.9,21.3,3166,2575,"{'type': 'Point', 'coordinates': [-81.0120491, 35.5566814]}",37035011506,RISKBEH,LPA,CrdPrv,Physical Inactivity
2023,NC,North Carolina,Cumberland,37051,37051002002,BRFSS,Health Risk Behaviors,No leisure-time physical activity among adults,%,Crude prevalence,28.4,24.1,33.1,4548,3562,"{'type': 'Point', 'coordinates': [-78.9629127, 35.0504815]}",37051002002,RISKBEH,LPA,CrdPrv,Physical Inactivity
2023,NC,North Carolina,Durham,37063,37063001811,BRFSS,Health Risk Behaviors,No leisure-time physical activity among adults,%,Crude prevalence,23.9,19.7,28.4,6378,4958,"{'type': 'Point', 'coordinates': [-78.8156397, 35.9891106]}",37063001811,RISKBEH,LPA,CrdPrv,Physical Inactivity
2023,NC,North Carolina,Durham,37063,37063001501,BRFSS,Health Risk Behaviors,No leisure-time physical activity among adults,%,Crude prevalence,37.2,30.1,44.4,3430,3406,"{'type': 'Point', 'coordinates': [-78.9405675, 36.0014213]}",37063001501,RISKBEH,LPA,CrdPrv,Physical Inactivity
2023,NC,North Carolina,Cumberland,37051,37051003206,BRFSS,Health Risk Behaviors,No leisure-time physical activity among adults,%,Crude prevalence,21.1,17.7,24.8,5873,4166,"{'type': 'Point', 'coordinates': [-79.0400437, 35.0093653]}",37051003206,RISKBEH,LPA,CrdPrv,Physical Inactivity
2023,NC,North Carolina,Edgecombe,37065,37065021200,BRFSS,Health Risk Behaviors,No leisure-time physical activity among adults,%,Crude prevalence,29.2,24.1,34.4,4969,4043,"{'type': 'Point', 'coordinates': [-77.5770599, 35.9004302]}",37065021200,RISKBEH,LPA,CrdPrv,Physical Inactivity
2023,NC,North Carolina,Cumberland,37051,37051002701,BRFSS,Health Risk Behaviors,No leisure-time physical activity among adults,%,Crude prevalence,22.4,19.0,26.1,2914,2210,"{'type': 'Point', 'coordinates': [-78.6864703, 35.1326337]}",37051002701,RISKBEH,LPA,CrdPrv,Physical Inactivity
2023,NC,North Carolina,Davie,37059,37059080301,BRFSS,Health Risk Behaviors,No leisure-time physical activity among adults,%,Crude prevalence,19.0,15.2,23.5,5652,4684,"{'type': 'Point', 'coordinates': [-80.4382505, 35.9927485]}",37059080301,RISKBEH,LPA,CrdPrv,Physical Inactivity
2023,NC,North Carolina,Columbus,37047,37047930900,BRFSS,Health Risk Behaviors,No leisure-time physical activity among adults,%,Crude prevalence,35.0,29.7,40.3,4062,3156,"{'type': 'Point', 'coordinates': [-78.7391773, 34.3159737]}",37047930900,RISKBEH,LPA,CrdPrv,Physical Inactivity
2023,NC,North Carolina,Cumberland,37051,37051003403,BRFSS,Health Risk Behaviors,No leisure-time physical activity among adults,%,Crude prevalence,22.2,18.4,26.7,3524,2369,"{'type': 'Point', 'coordinates': [-79.0175892, 35.1410519]}",37051003403,RISKBEH,LPA,CrdPrv,Physical Inactivity
2023,NC,North Carolina,Currituck,37053,37053110302,BRFSS,Health Risk Behaviors,No leisure-time physical activity among adults,%,Crude prevalence,24.8,20.4,29.5,3480,2652,"{'type': 'Point', 'coordinates': [-76.0353814, 36.389279]}",37053110302,RISKBEH,LPA,CrdPrv,Physical Inactivity
2023,NC,North Carolina,Davidson,37057,37057061902,BRFSS,Health Risk Behaviors,No leisure-time physical activity among adults,%,Crude prevalence,28.7,23.6,33.8,5067,4150,"{'type': 'Point', 'coordinates': [-80.1323031, 35.7456506]}",37057061902,RISKBEH,LPA,CrdPrv,Physical Inactivity
2023,NC,North Carolina,Davidson,37057,37057061705,BRFSS,Health Risk Behaviors,No leisure-time physical activity among adults,%,Crude prevalence,27.0,22.2,32.3,2856,2276,"{'type': 'Point', 'coordinates': [-80.3694564, 35.8640668]}",37057061705,RISKBEH,LPA,CrdPrv,Physical Inactivity
2023,NC,North Carolina,Dare,37055,37055970301,BRFSS,Health Risk Behaviors,No leisure-time physical activity among adults,%,Crude prevalence,20.4,16.0,25.1,4024,3272,"{'type': 'Point', 'coordinates': [-75.717927, 36.0154635]}",37055970301,RISKBEH,LPA,CrdPrv,Physical Inactivity
2023,NC,North Carolina,Cleveland,37045,37045951200,BRFSS,Health Risk Behaviors,No leisure-time physical activity among adults,%,Crude prevalence,29.8,24.7,35.1,5696,4302,"{'type': 'Point', 'coordinates': [-81.5589754, 35.2661212]}",37045951200,RISKBEH,LPA,CrdPrv,Physical Inactivity
2023,NC,North Carolina,Durham,37063,37063000402,BRFSS,Health Risk Behaviors,No leisure-time physical activity among adults,%,Crude prevalence,14.9,12.0,18.4,2966,2747,"{'type': 'Point', 'coordinates': [-78.9262313, 36.0116811]}",37063000402,RISKBEH,LPA,CrdPrv,Physical Inactivity
2023,NC,North Carolina,Cumberland,37051,37051002900,BRFSS,Health Risk Behaviors,No leisure-time physical activity among adults,%,Crude prevalence,28.0,23.8,32.5,4197,3315,"{'type': 'Point', 'coordinates': [-78.6772362, 34.8984984]}",37051002900,RISKBEH,LPA,CrdPrv,Physical Inactivity
2023,NC,North Carolina,Cumberland,37051,37051001100,BRFSS,Health Risk Behaviors,No leisure-time physical activity among adults,%,Crude prevalence,31.2,25.7,37.3,3937,3298,"{'type': 'Point', 'coordinates': [-78.8958375, 35.0894671]}",37051001100,RISKBEH,LPA,CrdPrv,Physical Inactivity
2023,NC,North Carolina,Cumberland,37051,37051000702,BRFSS,Health Risk Behaviors,No leisure-time physical activity among adults,%,Crude prevalence,19.5,16.1,23.2,2260,1832,"{'type': 'Point', 'coordinates': [-78.9113764, 35.0437795]}",37051000702,RISKBEH,LPA,CrdPrv,Physical Inactivity
2023,NC,North Carolina,Davie,37059,37059080500,BRFSS,Health Risk Behaviors,No leisure-time physical activity among adults,%,Crude prevalence,25.4,21.0,29.8,4702,3607,"{'type': 'Point', 'coordinates': [-80.5306771, 35.9027647]}",37059080500,RISKBEH,LPA,CrdPrv,Physical Inactivity
2023,NC,North Carolina,Durham,37063,37063002100,BRFSS,Health Risk Behaviors,No leisure-time physical activity among adults,%,Crude prevalence,23.3,19.1,27.7,9056,7787,"{'type': 'Point', 'coordinates': [-78.879806, 36.1825702]}",37063002100,RISKBEH,LPA,CrdPrv,Physical Inactivity
2023,NC,North Carolina,Davidson,37057,37057060700,BRFSS,Health Risk Behaviors,No leisure-time physical activity among adults,%,Crude prevalence,30.6,25.9,35.7,5298,3977,"{'type': 'Point', 'coordinates': [-80.0723455, 35.8986502]}",37057060700,RISKBEH,LPA,CrdPrv,Physical Inactivity
2023,NC,North Carolina,Cumberland,37051,37051003312,BRFSS,Health Risk Behaviors,No leisure-time physical activity among adults,%,Crude prevalence,28.0,23.8,32.5,6505,4953,"{'type': 'Point', 'coordinates': [-79.0574315, 35.0652978]}",37051003312,RISKBEH,LPA,CrdPrv,Physical Inactivity
2023,NC,North Carolina,Cumberland,37051,37051003002,BRFSS,Health Risk Behaviors,No leisure-time physical activity among adults,%,Crude prevalence,25.8,21.9,30.1,2777,2190,"{'type': 'Point', 'coordinates': [-78.8228948, 34.9222106]}",37051003002,RISKBEH,LPA,CrdPrv,Physical Inactivity
2023,NC,North Carolina,Cherokee,37039,37039930401,BRFSS,Health Risk Behaviors,No leisure-time physical activity among adults,%,Crude prevalence,25.7,20.9,30.8,3934,3347,"{'type': 'Point', 'coordinates': [-83.9475405, 35.1178055]}",37039930401,RISKBEH,LPA,CrdPrv,Physical Inactivity
2023,NC,North Carolina,Davie,37059,37059080200,BRFSS,Health Risk Behaviors,No leisure-time physical activity among adults,%,Crude prevalence,20.9,17.1,25.2,5435,4381,"{'type': 'Point', 'coordinates': [-80.5213489, 36.0132389]}",37059080200,RISKBEH,LPA,CrdPrv,Physical Inactivity
2023,NC,North Carolina,Chowan,37041,37041930102,BRFSS,Health Risk Behaviors,No leisure-time physical activity among adults,%,Crude prevalence,21.6,17.4,25.8,2195,1830,"{'type': 'Point', 'coordinates': [-76.5032702, 36.0504378]}",37041930102,RISKBEH,LPA,CrdPrv,Physical Inactivity
2023,NC,North Carolina,Forsyth,37067,37067002002,BRFSS,Health Risk Behaviors,No leisure-time physical activity among adults,%,Crude prevalence,36.8,31.5,42.5,3445,2526,"{'type': 'Point', 'coordinates': [-80.248779, 36.0513654]}",37067002002,RISKBEH,LPA,CrdPrv,Physical Inactivity
2023,NC,North Carolina,Cleveland,37045,37045950601,BRFSS,Health Risk Behaviors,No leisure-time physical activity among adults,%,Crude prevalence,28.8,23.6,34.2,4019,3107,"{'type': 'Point', 'coordinates': [-81.4195326, 35.2401202]}",37045950601,RISKBEH,LPA,CrdPrv,Physical Inactivity
2023,NC,North Carolina,Durham,37063,37063001304,BRFSS,Health Risk Behaviors,No leisure-time physical activity among adults,%,Crude prevalence,38.1,32.1,44.3,2781,2011,"{'type': 'Point', 'coordinates': [-78.9098455, 35.9666288]}",37063001304,RISKBEH,LPA,CrdPrv,Physical Inactivity
2023,NC,North Carolina,Durham,37063,37063002029,BRFSS,Health Risk Behaviors,No leisure-time physical activity among adults,%,Crude prevalence,15.7,12.7,19.1,3774,3119,"{'type': 'Point', 'coordinates': [-78.9850666, 35.9655244]}",37063002029,RISKBEH,LPA,CrdPrv,Physical Inactivity
2023,NC,North Carolina,Durham,37063,37063002023,BRFSS,Health Risk Behaviors,No leisure-time physical activity among adults,%,Crude prevalence,14.2,11.4,17.5,2837,2383,"{'type': 'Point', 'coordinates': [-78.9414868, 35.9186696]}",37063002023,RISKBEH,LPA,CrdPrv,Physical Inactivity
2023,NC,North Carolina,Duplin,37061,37061090101,BRFSS,Health Risk Behaviors,No leisure-time physical activity among adults,%,Crude prevalence,37.1,31.9,42.5,2787,2002,"{'type': 'Point', 'coordinates': [-77.8087768, 35.1216285]}",37061090101,RISKBEH,LPA,CrdPrv,Physical Inactivity
2023,NC,North Carolina,Catawba,37035,37035011501,BRFSS,Health Risk Behaviors,No leisure-time physical activity among adults,%,Crude prevalence,23.2,19.1,27.6,5146,4167,"{'type': 'Point', 'coordinates': [-81.0599367, 35.6380086]}",37035011501,RISKBEH,LPA,CrdPrv,Physical Inactivity
2023,NC,North Carolina,Chatham,37037,37037020401,BRFSS,Health Risk Behaviors,No leisure-time physical activity among adults,%,Crude prevalence,40.1,34.7,46.1,5835,4190,"{'type': 'Point', 'coordinates': [-79.464917, 35.71226]}",37037020401,RISKBEH,LPA,CrdPrv,Physical Inactivity
2023,NC,North Carolina,Davidson,37057,37057061704,BRFSS,Health Risk Behaviors,No leisure-time physical activity among adults,%,Crude prevalence,24.4,20.0,28.8,3767,2936,"{'type': 'Point', 'coordinates': [-80.4283668, 35.7994154]}",37057061704,RISKBEH,LPA,CrdPrv,Physical Inactivity
2023,NC,North Carolina,Cumberland,37051,37051003409,BRFSS,Health Risk Behaviors,No leisure-time physical activity among adults,%,Crude prevalence,15.0,12.0,18.4,3703,3285,"{'type': 'Point', 'coordinates': [-79.0095428, 35.1525394]}",37051003409,RISKBEH,LPA,CrdPrv,Physical Inactivity
2023,NC,North Carolina,Durham,37063,37063001808,BRFSS,Health Risk Behaviors,No leisure-time physical activity among adults,%,Crude prevalence,17.7,14.3,21.6,11498,8803,"{'type': 'Point', 'coordinates': [-78.8120739, 35.9595243]}",37063001808,RISKBEH,LPA,CrdPrv,Physical Inactivity
2023,NC,North Carolina,Forsyth,37067,37067000400,BRFSS,Health Risk Behaviors,No leisure-time physical activity among adults,%,Crude prevalence,46.5,41.1,52.1,3232,2211,"{'type': 'Point', 'coordinates': [-80.2418719, 36.1202984]}",37067000400,RISKBEH,LPA,CrdPrv,Physical Inactivity
2023,NC,North Carolina,Cumberland,37051,37051003315,BRFSS,Health Risk Behaviors,No leisure-time physical activity among adults,%,Crude prevalence,29.0,25.0,33.4,4191,3236,"{'type': 'Point', 'coordinates': [-79.0027768, 35.0888246]}",37051003315,RISKBEH,LPA,CrdPrv,Physical Inactivity
2023,NC,North Carolina,Cumberland,37051,37051001500,BRFSS,Health Risk Behaviors,No leisure-time physical activity among adults,%,Crude prevalence,27.7,23.4,32.3,2816,2150,"{'type': 'Point', 'coordinates': [-78.8832938, 34.9854018]}",37051001500,RISKBEH,LPA,CrdPrv,Physical Inactivity
2023,NC,North Carolina,Durham,37063,37063001002,BRFSS,Health Risk Behaviors,No leisure-time physical activity among adults,%,Crude prevalence,40.5,34.5,46.1,6140,4280,"{'type': 'Point', 'coordinates': [-78.8698178, 35.9956123]}",37063001002,RISKBEH,LPA,CrdPrv,Physical Inactivity
2023,NC,North Carolina,Edgecombe,37065,37065021400,BRFSS,Health Risk Behaviors,No leisure-time physical activity among adults,%,Crude prevalence,30.6,25.5,36.1,3490,2727,"{'type': 'Point', 'coordinates': [-77.7234214, 35.8439293]}",37065021400,RISKBEH,LPA,CrdPrv,Physical Inactivity
2023,NC,North Carolina,Dare,37055,37055970501,BRFSS,Health Risk Behaviors,No leisure-time physical activity among adults,%,Crude prevalence,31.2,26.0,36.6,1161,910,"{'type': 'Point', 'coordinates': [-75.8754044, 35.8039855]}",37055970501,RISKBEH,LPA,CrdPrv,Physical Inactivity
2023,NC,North Carolina,Cumberland,37051,37051001200,BRFSS,Health Risk Behaviors,No leisure-time physical activity among adults,%,Crude prevalence,32.4,27.8,37.1,5677,4373,"{'type': 'Point', 'coordinates': [-78.8814347, 35.0923332]}",37051001200,RISKBEH,LPA,CrdPrv,Physical Inactivity
2023,NC,North Carolina,Cumberland,37051,37051003205,BRFSS,Health Risk Behaviors,No leisure-time physical activity among adults,%,Crude prevalence,24.4,20.4,28.9,5168,3897,"{'type': 'Point', 'coordinates': [-79.0141829, 35.0274026]}",37051003205,RISKBEH,LPA,CrdPrv,Physical Inactivity
2023,NC,North Carolina,Cleveland,37045,37045951601,BRFSS,Health Risk Behaviors,No leisure-time physical activity among adults,%,Crude prevalence,29.0,24.1,34.0,4344,3321,"{'type': 'Point', 'coordinates': [-81.5691313, 35.2079344]}",37045951601,RISKBEH,LPA,CrdPrv,Physical Inactivity
2023,NC,North Carolina,Catawba,37035,37035011503,BRFSS,Health Risk Behaviors,No leisure-time physical activity among adults,%,Crude prevalence,18.0,14.4,22.0,3822,3168,"{'type': 'Point', 'coordinates': [-80.9998809, 35.6501681]}",37035011503,RISKBEH,LPA,CrdPrv,Physical Inactivity
2023,NC,North Carolina,Craven,37049,37049961002,BRFSS,Health Risk Behaviors,No leisure-time physical activity among adults,%,Crude prevalence,24.9,20.4,29.9,3902,3150,"{'type': 'Point', 'coordinates': [-76.9980974, 35.0453686]}",37049961002,RISKBEH,LPA,CrdPrv,Physical Inactivity
2023,NC,North Carolina,Davidson,37057,37057062002,BRFSS,Health Risk Behaviors,No leisure-time physical activity among adults,%,Crude prevalence,33.3,28.1,38.6,3756,3058,"{'type': 'Point', 'coordinates': [-80.1174561, 35.6021002]}",37057062002,RISKBEH,LPA,CrdPrv,Physical Inactivity
2023,NC,North Carolina,Durham,37063,37063001603,BRFSS,Health Risk Behaviors,No leisure-time physical activity among adults,%,Crude prevalence,19.8,16.4,23.7,6846,5392,"{'type': 'Point', 'coordinates': [-78.9301437, 36.1332367]}",37063001603,RISKBEH,LPA,CrdPrv,Physical Inactivity
2023,NC,North Carolina,Craven,37049,37049961303,BRFSS,Health Risk Behaviors,No leisure-time physical activity among adults,%,Crude prevalence,26.7,22.3,31.6,3873,3120,"{'type': 'Point', 'coordinates': [-76.7705881, 34.9105699]}",37049961303,RISKBEH,LPA,CrdPrv,Physical Inactivity
2023,NC,North Carolina,Duplin,37061,37061090302,BRFSS,Health Risk Behaviors,No leisure-time physical activity among adults,%,Crude prevalence,33.8,28.8,39.3,2282,1690,"{'type': 'Point', 'coordinates': [-78.0698923, 35.0204323]}",37061090302,RISKBEH,LPA,CrdPrv,Physical Inactivity
2023,NC,North Carolina,Dare,37055,37055970200,BRFSS,Health Risk Behaviors,No leisure-time physical activity among adults,%,Crude prevalence,18.5,14.4,23.0,5056,4186,"{'type': 'Point', 'coordinates': [-75.6825545, 36.0337037]}",37055970200,RISKBEH,LPA,CrdPrv,Physical Inactivity
2023,NC,North Carolina,Cumberland,37051,37051003316,BRFSS,Health Risk Behaviors,No leisure-time physical activity among adults,%,Crude prevalence,33.2,28.8,37.9,2133,1664,"{'type': 'Point', 'coordinates': [-79.0173507, 35.0928254]}",37051003316,RISKBEH,LPA,CrdPrv,Physical Inactivity
2023,NC,North Carolina,Cleveland,37045,37045950301,BRFSS,Health Risk Behaviors,No leisure-time physical activity among adults,%,Crude prevalence,25.2,20.8,29.7,4841,3825,"{'type': 'Point', 'coordinates': [-81.4436889, 35.3533172]}",37045950301,RISKBEH,LPA,CrdPrv,Physical Inactivity
2023,NC,North Carolina,Columbus,37047,37047930200,BRFSS,Health Risk Behaviors,No leisure-time physical activity among adults,%,Crude prevalence,32.9,28.1,38.2,1843,1443,"{'type': 'Point', 'coordinates': [-78.3632311, 34.2767675]}",37047930200,RISKBEH,LPA,CrdPrv,Physical Inactivity
2023,NC,North Carolina,Edgecombe,37065,37065020700,BRFSS,Health Risk Behaviors,No leisure-time physical activity among adults,%,Crude prevalence,32.7,27.3,38.1,1750,1464,"{'type': 'Point', 'coordinates': [-77.6029528, 36.0588496]}",37065020700,RISKBEH,LPA,CrdPrv,Physical Inactivity
2023,NC,North Carolina,Forsyth,37067,37067000200,BRFSS,Health Risk Behaviors,No leisure-time physical activity among adults,%,Crude prevalence,31.3,26.2,37.2,1303,1185,"{'type': 'Point', 'coordinates': [-80.247523, 36.1056373]}",37067000200,RISKBEH,LPA,CrdPrv,Physical Inactivity
2023,NC,North Carolina,Durham,37063,37063001708,BRFSS,Health Risk Behaviors,No leisure-time physical activity among adults,%,Crude prevalence,28.7,23.9,33.4,4895,3618,"{'type': 'Point', 'coordinates': [-78.8885189, 36.069887]}",37063001708,RISKBEH,LPA,CrdPrv,Physical Inactivity
2023,NC,North Carolina,Durham,37063,37063001503,BRFSS,Health Risk Behaviors,No leisure-time physical activity among adults,%,Crude prevalence,17.3,13.8,21.3,1861,1850,"{'type': 'Point', 'coordinates': [-78.9157028, 36.0066471]}",37063001503,RISKBEH,LPA,CrdPrv,Physical Inactivity
2023,NC,North Carolina,Columbus,37047,37047931202,BRFSS,Health Risk Behaviors,No leisure-time physical activity among adults,%,Crude prevalence,36.5,30.7,42.3,1831,1427,"{'type': 'Point', 'coordinates': [-78.7951359, 34.1145872]}",37047931202,RISKBEH,LPA,CrdPrv,Physical Inactivity
2023,NC,North Carolina,Cumberland,37051,37051002501,BRFSS,Health Risk Behaviors,No leisure-time physical activity among adults,%,Crude prevalence,26.9,22.7,31.5,8012,6255,"{'type': 'Point', 'coordinates': [-78.8978766, 35.1157425]}",37051002501,RISKBEH,LPA,CrdPrv,Physical Inactivity
2023,NC,North Carolina,Davidson,37057,37057061600,BRFSS,Health Risk Behaviors,No leisure-time physical activity among adults,%,Crude prevalence,31.5,26.5,36.3,3152,2395,"{'type': 'Point', 'coordinates': [-80.2837392, 35.8147265]}",37057061600,RISKBEH,LPA,CrdPrv,Physical Inactivity
2023,NC,North Carolina,Cleveland,37045,37045951503,BRFSS,Health Risk Behaviors,No leisure-time physical activity among adults,%,Crude prevalence,24.4,19.6,29.3,2453,1880,"{'type': 'Point', 'coordinates': [-81.6219358, 35.2344428]}",37045951503,RISKBEH,LPA,CrdPrv,Physical Inactivity
2023,NC,North Carolina,Durham,37063,37063001801,BRFSS,Health Risk Behaviors,No leisure-time physical activity among adults,%,Crude prevalence,30.8,26.0,35.7,8293,6230,"{'type': 'Point', 'coordinates': [-78.8249682, 36.0465974]}",37063001801,RISKBEH,LPA,CrdPrv,Physical Inactivity
2023,NC,North Carolina,Cherokee,37039,37039930605,BRFSS,Health Risk Behaviors,No leisure-time physical activity among adults,%,Crude prevalence,23.1,18.0,28.1,2025,1730,"{'type': 'Point', 'coordinates': [-84.219099, 35.0065044]}",37039930605,RISKBEH,LPA,CrdPrv,Physical Inactivity
2023,NC,North Carolina,Forsyth,37067,37067000600,BRFSS,Health Risk Behaviors,No leisure-time physical activity among adults,%,Crude prevalence,44.8,38.8,51.0,1966,1477,"{'type': 'Point', 'coordinates': [-80.2289223, 36.1081191]}",37067000600,RISKBEH,LPA,CrdPrv,Physical Inactivity
2023,NC,North Carolina,Forsyth,37067,37067002807,BRFSS,Health Risk Behaviors,No leisure-time physical activity among adults,%,Crude prevalence,25.0,21.0,29.4,4889,3882,"{'type': 'Point', 'coordinates': [-80.27783, 36.2376958]}",37067002807,RISKBEH,LPA,CrdPrv,Physical Inactivity
2023,NC,North Carolina,Durham,37063,37063002035,BRFSS,Health Risk Behaviors,No leisure-time physical activity among adults,%,Crude prevalence,16.3,13.2,19.7,6682,5384,"{'type': 'Point', 'coordinates': [-78.8821254, 35.9341953]}",37063002035,RISKBEH,LPA,CrdPrv,Physical Inactivity
2023,NC,North Carolina,Forsyth,37067,37067001200,BRFSS,Health Risk Behaviors,No leisure-time physical activity among adults,%,Crude prevalence,18.4,13.8,24.3,2279,1879,"{'type': 'Point', 'coordinates': [-80.2695203, 36.1082426]}",37067001200,RISKBEH,LPA,CrdPrv,Physical Inactivity
2023,NC,North Carolina,Cumberland,37051,37051003313,BRFSS,Health Risk Behaviors,No leisure-time physical activity among adults,%,Crude prevalence,23.3,19.4,27.4,6951,4995,"{'type': 'Point', 'coordinates': [-79.0728205, 35.046036]}",37051003313,RISKBEH,LPA,CrdPrv,Physical Inactivity
2023,NC,North Carolina,Chatham,37037,37037020300,BRFSS,Health Risk Behaviors,No leisure-time physical activity among adults,%,Crude prevalence,33.7,28.4,38.9,2742,2152,"{'type': 'Point', 'coordinates': [-79.4750166, 35.6925992]}",37037020300,RISKBEH,LPA,CrdPrv,Physical Inactivity
2023,NC,North Carolina,Durham,37063,37063001504,BRFSS,Health Risk Behaviors,No leisure-time physical activity among adults,%,Crude prevalence,29.6,24.1,35.3,3033,2650,"{'type': 'Point', 'coordinates': [-78.9525933, 36.0077495]}",37063001504,RISKBEH,LPA,CrdPrv,Physical Inactivity
2023,NC,North Carolina,Forsyth,37067,37067002903,BRFSS,Health Risk Behaviors,No leisure-time physical activity among adults,%,Crude prevalence,31.4,27.0,36.1,3756,2841,"{'type': 'Point', 'coordinates': [-80.2018375, 36.1685103]}",37067002903,RISKBEH,LPA,CrdPrv,Physical Inactivity
2023,NC,North Carolina,Davidson,37057,37057061202,BRFSS,Health Risk Behaviors,No leisure-time physical activity among adults,%,Crude prevalence,26.2,21.4,31.4,3181,2503,"{'type': 'Point', 'coordinates': [-80.295369, 35.862244]}",37057061202,RISKBEH,LPA,CrdPrv,Physical Inactivity
2023,NC,North Carolina,Craven,37049,37049960700,BRFSS,Health Risk Behaviors,No leisure-time physical activity among adults,%,Crude prevalence,22.8,18.7,27.6,1840,1537,"{'type': 'Point', 'coordinates': [-77.0672539, 35.1050314]}",37049960700,RISKBEH,LPA,CrdPrv,Physical Inactivity
2023,NC,North Carolina,Dare,37055,37055970502,BRFSS,Health Risk Behaviors,No leisure-time physical activity among adults,%,Crude prevalence,21.6,17.7,25.9,4272,3654,"{'type': 'Point', 'coordinates': [-75.5715743, 35.2630863]}",37055970502,RISKBEH,LPA,CrdPrv,Physical Inactivity
2023,NC,North Carolina,Davidson,37057,37057061807,BRFSS,Health Risk Behaviors,No leisure-time physical activity among adults,%,Crude prevalence,23.1,18.7,27.8,2577,2130,"{'type': 'Point', 'coordinates': [-80.3113143, 35.6952935]}",37057061807,RISKBEH,LPA,CrdPrv,Physical Inactivity
2023,NC,North Carolina,Davidson,37057,37057060800,BRFSS,Health Risk Behaviors,No leisure-time physical activity among adults,%,Crude prevalence,40.4,34.8,46.1,4363,3189,"{'type': 'Point', 'coordinates': [-80.1062794, 35.885164]}",37057060800,RISKBEH,LPA,CrdPrv,Physical Inactivity
2023,NC,North Carolina,Durham,37063,37063001710,BRFSS,Health Risk Behaviors,No leisure-time physical activity among adults,%,Crude prevalence,26.8,22.4,31.6,4646,3411,"{'type': 'Point', 'coordinates': [-78.9124611, 36.0567645]}",37063001710,RISKBEH,LPA,CrdPrv,Physical Inactivity
2023,NC,North Carolina,Edgecombe,37065,37065020800,BRFSS,Health Risk Behaviors,No leisure-time physical activity among adults,%,Crude prevalence,34.8,29.4,40.3,3115,2521,"{'type': 'Point', 'coordinates': [-77.4510589, 35.8984455]}",37065020800,RISKBEH,LPA,CrdPrv,Physical Inactivity
2023,NC,North Carolina,Durham,37063,37063002022,BRFSS,Health Risk Behaviors,No leisure-time physical activity among adults,%,Crude prevalence,17.0,13.8,20.8,4524,3809,"{'type': 'Point', 'coordinates': [-78.9230153, 35.918185]}",37063002022,RISKBEH,LPA,CrdPrv,Physical Inactivity
2023,NC,North Carolina,Davidson,37057,37057060202,BRFSS,Health Risk Behaviors,No leisure-time physical activity among adults,%,Crude prevalence,25.9,21.4,30.5,2342,1790,"{'type': 'Point', 'coordinates': [-80.2006933, 36.0086029]}",37057060202,RISKBEH,LPA,CrdPrv,Physical Inactivity
2023,NC,North Carolina,Cherokee,37039,37039930300,BRFSS,Health Risk Behaviors,No leisure-time physical activity among adults,%,Crude prevalence,24.5,19.5,29.9,2333,1950,"{'type': 'Point', 'coordinates': [-84.1095902, 35.188467]}",37039930300,RISKBEH,LPA,CrdPrv,Physical Inactivity
2023,NC,North Carolina,Cumberland,37051,37051002100,BRFSS,Health Risk Behaviors,No leisure-time physical activity among adults,%,Crude prevalence,22.9,19.1,27.1,4339,3414,"{'type': 'Point', 'coordinates': [-78.9369374, 35.0714297]}",37051002100,RISKBEH,LPA,CrdPrv,Physical Inactivity
2023,NC,North Carolina,Duplin,37061,37061090703,BRFSS,Health Risk Behaviors,No leisure-time physical activity among adults,%,Crude prevalence,22.5,17.9,27.8,1778,1489,"{'type': 'Point', 'coordinates': [-77.9299353, 34.7680483]}",37061090703,RISKBEH,LPA,CrdPrv,Physical Inactivity
2023,NC,North Carolina,Cherokee,37039,37039930402,BRFSS,Health Risk Behaviors,No leisure-time physical activity among adults,%,Crude prevalence,26.0,21.4,30.9,2233,1850,"{'type': 'Point', 'coordinates': [-83.9837542, 35.1628608]}",37039930402,RISKBEH,LPA,CrdPrv,Physical Inactivity
2023,NC,North Carolina,Cumberland,37051,37051003105,BRFSS,Health Risk Behaviors,No leisure-time physical activity among adults,%,Crude prevalence,27.1,23.2,31.1,4650,3335,"{'type': 'Point', 'coordinates': [-78.9604581, 34.9469395]}",37051003105,RISKBEH,LPA,CrdPrv,Physical Inactivity
2023,NC,North Carolina,Duplin,37061,37061090504,BRFSS,Health Risk Behaviors,No leisure-time physical activity among adults,%,Crude prevalence,26.7,22.3,31.5,1745,1309,"{'type': 'Point', 'coordinates': [-77.7995125, 35.0102434]}",37061090504,RISKBEH,LPA,CrdPrv,Physical Inactivity
2023,NC,North Carolina,Craven,37049,37049961003,BRFSS,Health Risk Behaviors,No leisure-time physical activity among adults,%,Crude prevalence,17.4,14.2,21.4,6694,5071,"{'type': 'Point', 'coordinates': [-77.0236315, 35.0347812]}",37049961003,RISKBEH,LPA,CrdPrv,Physical Inactivity
2023,NC,North Carolina,Durham,37063,37063001303,BRFSS,Health Risk Behaviors,No leisure-time physical activity among adults,%,Crude prevalence,23.9,17.8,31.9,4052,3730,"{'type': 'Point', 'coordinates': [-78.9012836, 35.972838]}",37063001303,RISKBEH,LPA,CrdPrv,Physical Inactivity
2023,NC,North Carolina,Durham,37063,37063002033,BRFSS,Health Risk Behaviors,No leisure-time physical activity among adults,%,Crude prevalence,14.5,11.8,17.7,4293,3716,"{'type': 'Point', 'coordinates': [-78.9980531, 35.9204508]}",37063002033,RISKBEH,LPA,CrdPrv,Physical Inactivity
2023,NC,North Carolina,Forsyth,37067,37067002502,BRFSS,Health Risk Behaviors,No leisure-time physical activity among adults,%,Crude prevalence,14.3,11.3,17.7,3017,2352,"{'type': 'Point', 'coordinates': [-80.3010423, 36.1008605]}",37067002502,RISKBEH,LPA,CrdPrv,Physical Inactivity
2023,NC,North Carolina,Duplin,37061,37061090801,BRFSS,Health Risk Behaviors,No leisure-time physical activity among adults,%,Crude prevalence,33.5,28.7,38.8,2695,1953,"{'type': 'Point', 'coordinates': [-78.0951316, 34.8786984]}",37061090801,RISKBEH,LPA,CrdPrv,Physical Inactivity
2023,NC,North Carolina,Clay,37043,37043950101,BRFSS,Health Risk Behaviors,No leisure-time physical activity among adults,%,Crude prevalence,23.2,18.2,28.8,2782,2402,"{'type': 'Point', 'coordinates': [-83.6527575, 35.0143215]}",37043950101,RISKBEH,LPA,CrdPrv,Physical Inactivity
2023,NC,North Carolina,Currituck,37053,37053110202,BRFSS,Health Risk Behaviors,No leisure-time physical activity among adults,%,Crude prevalence,18.8,15.1,23.0,3889,2953,"{'type': 'Point', 'coordinates': [-76.1239456, 36.5230983]}",37053110202,RISKBEH,LPA,CrdPrv,Physical Inactivity
2023,NC,North Carolina,Cherokee,37039,37039930603,BRFSS,Health Risk Behaviors,No leisure-time physical activity among adults,%,Crude prevalence,30.5,24.7,36.4,1872,1618,"{'type': 'Point', 'coordinates': [-84.1844493, 35.1040991]}",37039930603,RISKBEH,LPA,CrdPrv,Physical Inactivity
2023,NC,North Carolina,Cumberland,37051,37051002801,BRFSS,Health Risk Behaviors,No leisure-time physical activity among adults,%,Crude prevalence,21.6,18.2,25.3,4457,3335,"{'type': 'Point', 'coordinates': [-78.7214774, 35.003594]}",37051002801,RISKBEH,LPA,CrdPrv,Physical Inactivity
2023,NC,North Carolina,Cumberland,37051,37051003004,BRFSS,Health Risk Behaviors,No leisure-time physical activity among adults,%,Crude prevalence,22.5,19.0,26.6,7738,5673,"{'type': 'Point', 'coordinates': [-78.8689318, 34.8852267]}",37051003004,RISKBEH,LPA,CrdPrv,Physical Inactivity
2023,NC,North Carolina,Davidson,37057,37057061102,BRFSS,Health Risk Behaviors,No leisure-time physical activity among adults,%,Crude prevalence,29.6,24.2,34.8,4353,3530,"{'type': 'Point', 'coordinates': [-80.0756219, 35.8323463]}",37057061102,RISKBEH,LPA,CrdPrv,Physical Inactivity
2023,NC,North Carolina,Forsyth,37067,37067001901,BRFSS,Health Risk Behaviors,No leisure-time physical activity among adults,%,Crude prevalence,44.4,38.9,49.7,1542,1037,"{'type': 'Point', 'coordinates': [-80.2267603, 36.0649146]}",37067001901,RISKBEH,LPA,CrdPrv,Physical Inactivity
2023,NC,North Carolina,Durham,37063,37063001806,BRFSS,Health Risk Behaviors,No leisure-time physical activity among adults,%,Crude prevalence,25.1,21.0,29.5,6760,5136,"{'type': 'Point', 'coordinates': [-78.790272, 36.0194166]}",37063001806,RISKBEH,LPA,CrdPrv,Physical Inactivity
2023,NC,North Carolina,Cleveland,37045,37045951100,BRFSS,Health Risk Behaviors,No leisure-time physical activity among adults,%,Crude prevalence,30.2,25.0,35.3,3523,2758,"{'type': 'Point', 'coordinates': [-81.553106, 35.2921971]}",37045951100,RISKBEH,LPA,CrdPrv,Physical Inactivity
2023,NC,North Carolina,Currituck,37053,37053110101,BRFSS,Health Risk Behaviors,No leisure-time physical activity among adults,%,Crude prevalence,17.9,13.4,23.1,1457,1352,"{'type': 'Point', 'coordinates': [-75.8512027, 36.331206]}",37053110101,RISKBEH,LPA,CrdPrv,Physical Inactivity
2023,NC,North Carolina,Columbus,37047,37047931100,BRFSS,Health Risk Behaviors,No leisure-time physical activity among adults,%,Crude prevalence,28.7,24.2,34.0,3597,2719,"{'type': 'Point', 'coordinates': [-78.7621173, 34.1820239]}",37047931100,RISKBEH,LPA,CrdPrv,Physical Inactivity
2023,NC,North Carolina,Davidson,37057,37057061502,BRFSS,Health Risk Behaviors,No leisure-time physical activity among adults,%,Crude prevalence,24.7,20.3,29.2,2332,1920,"{'type': 'Point', 'coordinates': [-80.2403633, 35.7964753]}",37057061502,RISKBEH,LPA,CrdPrv,Physical Inactivity
2023,NC,North Carolina,Cumberland,37051,37051003106,BRFSS,Health Risk Behaviors,No leisure-time physical activity among adults,%,Crude prevalence,29.6,25.2,34.2,2102,1617,"{'type': 'Point', 'coordinates': [-78.9513522, 34.9340937]}",37051003106,RISKBEH,LPA,CrdPrv,Physical Inactivity
2023,NC,North Carolina,Edgecombe,37065,37065021600,BRFSS,Health Risk Behaviors,No leisure-time physical activity among adults,%,Crude prevalence,24.4,20.0,29.0,2636,2063,"{'type': 'Point', 'coordinates': [-77.6198311, 35.7398183]}",37065021600,RISKBEH,LPA,CrdPrv,Physical Inactivity
2023,NC,North Carolina,Craven,37049,37049960403,BRFSS,Health Risk Behaviors,No leisure-time physical activity among adults,%,Crude prevalence,15.6,12.2,20.0,4074,3303,"{'type': 'Point', 'coordinates': [-77.0919627, 35.0820082]}",37049960403,RISKBEH,LPA,CrdPrv,Physical Inactivity
2023,NC,North Carolina,Craven,37049,37049961202,BRFSS,Health Risk Behaviors,No leisure-time physical activity among adults,%,Crude prevalence,19.7,15.5,24.3,2428,2145,"{'type': 'Point', 'coordinates': [-76.8707029, 34.9263389]}",37049961202,RISKBEH,LPA,CrdPrv,Physical Inactivity
2023,NC,North Carolina,Chatham,37037,37037020702,BRFSS,Health Risk Behaviors,No leisure-time physical activity among adults,%,Crude prevalence,20.5,16.9,24.6,4361,3526,"{'type': 'Point', 'coordinates': [-79.0132905, 35.6676277]}",37037020702,RISKBEH,LPA,CrdPrv,Physical Inactivity
2023,NC,North Carolina,Duplin,37061,37061090202,BRFSS,Health Risk Behaviors,No leisure-time physical activity among adults,%,Crude prevalence,31.9,27.1,37.2,2070,1543,"{'type': 'Point', 'coordinates': [-78.1188662, 35.1448916]}",37061090202,RISKBEH,LPA,CrdPrv,Physical Inactivity
2023,NC,North Carolina,Clay,37043,37043950202,BRFSS,Health Risk Behaviors,No leisure-time physical activity among adults,%,Crude prevalence,33.9,28.4,39.4,3173,2610,"{'type': 'Point', 'coordinates': [-83.9210014, 35.0348741]}",37043950202,RISKBEH,LPA,CrdPrv,Physical Inactivity
2023,NC,North Carolina,Cumberland,37051,37051003318,BRFSS,Health Risk Behaviors,No leisure-time physical activity among adults,%,Crude prevalence,21.0,17.6,25.0,2496,1934,"{'type': 'Point', 'coordinates': [-79.0070409, 35.0778174]}",37051003318,RISKBEH,LPA,CrdPrv,Physical Inactivity
2023,NC,North Carolina,Duplin,37061,37061090803,BRFSS,Health Risk Behaviors,No leisure-time physical activity among adults,%,Crude prevalence,24.2,20.2,28.6,1787,1390,"{'type': 'Point', 'coordinates': [-78.1127495, 34.7739301]}",37061090803,RISKBEH,LPA,CrdPrv,Physical Inactivity
2023,NC,North Carolina,Cleveland,37045,37045950302,BRFSS,Health Risk Behaviors,No leisure-time physical activity among adults,%,Crude prevalence,24.9,20.3,30.2,5940,4679,"{'type': 'Point', 'coordinates': [-81.4128355, 35.287794]}",37045950302,RISKBEH,LPA,CrdPrv,Physical Inactivity
2023,NC,North Carolina,Forsyth,37067,37067001300,BRFSS,Health Risk Behaviors,No leisure-time physical activity among adults,%,Crude prevalence,18.1,14.0,22.4,5265,4984,"{'type': 'Point', 'coordinates': [-80.2770425, 36.1296874]}",37067001300,RISKBEH,LPA,CrdPrv,Physical Inactivity
2023,NC,North Carolina,Catawba,37035,37035011200,BRFSS,Health Risk Behaviors,No leisure-time physical activity among adults,%,Crude prevalence,23.6,19.4,28.3,5949,4707,"{'type': 'Point', 'coordinates': [-81.2289815, 35.6671478]}",37035011200,RISKBEH,LPA,CrdPrv,Physical Inactivity
2023,NC,North Carolina,Cherokee,37039,37039930200,BRFSS,Health Risk Behaviors,No leisure-time physical activity among adults,%,Crude prevalence,25.7,21.0,30.8,2232,1812,"{'type': 'Point', 'coordinates': [-83.8964523, 35.1843905]}",37039930200,RISKBEH,LPA,CrdPrv,Physical Inactivity
2023,NC,North Carolina,Cleveland,37045,37045950102,BRFSS,Health Risk Behaviors,No leisure-time physical activity among adults,%,Crude prevalence,29.5,24.6,34.6,2636,2115,"{'type': 'Point', 'coordinates': [-81.6513063, 35.4191855]}",37045950102,RISKBEH,LPA,CrdPrv,Physical Inactivity
2023,NC,North Carolina,Davidson,37057,37057061204,BRFSS,Health Risk Behaviors,No leisure-time physical activity among adults,%,Crude prevalence,36.6,31.3,41.7,2674,2032,"{'type': 'Point', 'coordinates': [-80.2306371, 35.8455568]}",37057061204,RISKBEH,LPA,CrdPrv,Physical Inactivity
2023,NC,North Carolina,Forsyth,37067,37067001100,BRFSS,Health Risk Behaviors,No leisure-time physical activity among adults,%,Crude prevalence,17.8,14.4,21.4,2765,2432,"{'type': 'Point', 'coordinates': [-80.2621726, 36.0950453]}",37067001100,RISKBEH,LPA,CrdPrv,Physical Inactivity
2023,NC,North Carolina,Cherokee,37039,37039930501,BRFSS,Health Risk Behaviors,No leisure-time physical activity among adults,%,Crude prevalence,22.2,17.8,27.0,2002,1674,"{'type': 'Point', 'coordinates': [-83.9938475, 35.0344754]}",37039930501,RISKBEH,LPA,CrdPrv,Physical Inactivity
2023,NC,North Carolina,Craven,37049,37049960202,BRFSS,Health Risk Behaviors,No leisure-time physical activity among adults,%,Crude prevalence,28.6,23.9,33.7,4589,3775,"{'type': 'Point', 'coordinates': [-77.1135068, 35.3219878]}",37049960202,RISKBEH,LPA,CrdPrv,Physical Inactivity
2023,NC,North Carolina,Cleveland,37045,37045950400,BRFSS,Health Risk Behaviors,No leisure-time physical activity among adults,%,Crude prevalence,29.8,24.6,35.3,7224,5548,"{'type': 'Point', 'coordinates': [-81.3663958, 35.2395219]}",37045950400,RISKBEH,LPA,CrdPrv,Physical Inactivity
2023,NC,North Carolina,Craven,37049,37049960404,BRFSS,Health Risk Behaviors,No leisure-time physical activity among adults,%,Crude prevalence,26.0,20.8,31.5,2944,2565,"{'type': 'Point', 'coordinates': [-77.1618042, 35.0711096]}",37049960404,RISKBEH,LPA,CrdPrv,Physical Inactivity
2023,NC,North Carolina,Currituck,37053,37053110401,BRFSS,Health Risk Behaviors,No leisure-time physical activity among adults,%,Crude prevalence,24.3,20.0,29.1,3568,2898,"{'type': 'Point', 'coordinates': [-75.9270503, 36.3680438]}",37053110401,RISKBEH,LPA,CrdPrv,Physical Inactivity
2023,NC,North Carolina,Durham,37063,37063001709,BRFSS,Health Risk Behaviors,No leisure-time physical activity among adults,%,Crude prevalence,30.4,25.2,36.0,8149,5793,"{'type': 'Point', 'coordinates': [-78.881835, 36.0488394]}",37063001709,RISKBEH,LPA,CrdPrv,Physical Inactivity
2023,NC,North Carolina,Durham,37063,37063002037,BRFSS,Health Risk Behaviors,No leisure-time physical activity among adults,%,Crude prevalence,14.1,11.5,17.2,7165,6257,"{'type': 'Point', 'coordinates': [-78.8432298, 35.8794353]}",37063002037,RISKBEH,LPA,CrdPrv,Physical Inactivity
2023,NC,North Carolina,Durham,37063,37063001001,BRFSS,Health Risk Behaviors,No leisure-time physical activity among adults,%,Crude prevalence,32.0,27.0,37.8,3879,2750,"{'type': 'Point', 'coordinates': [-78.8769799, 35.9850546]}",37063001001,RISKBEH,LPA,CrdPrv,Physical Inactivity
2023,NC,North Carolina,Chatham,37037,37037020105,BRFSS,Health Risk Behaviors,No leisure-time physical activity among adults,%,Crude prevalence,13.7,10.9,16.9,7944,5911,"{'type': 'Point', 'coordinates': [-79.1118722, 35.840544]}",37037020105,RISKBEH,LPA,CrdPrv,Physical Inactivity
2023,NC,North Carolina,Davie,37059,37059080600,BRFSS,Health Risk Behaviors,No leisure-time physical activity among adults,%,Crude prevalence,25.4,20.9,30.2,4527,3466,"{'type': 'Point', 'coordinates': [-80.571086, 35.9269992]}",37059080600,RISKBEH,LPA,CrdPrv,Physical Inactivity
2023,NC,North Carolina,Duplin,37061,37061090704,BRFSS,Health Risk Behaviors,No leisure-time physical activity among adults,%,Crude prevalence,34.7,29.6,40.2,1782,1337,"{'type': 'Point', 'coordinates': [-77.9019384, 34.8168594]}",37061090704,RISKBEH,LPA,CrdPrv,Physical Inactivity
2023,NC,North Carolina,Cumberland,37051,37051000600,BRFSS,Health Risk Behaviors,No leisure-time physical activity among adults,%,Crude prevalence,24.9,21.0,29.3,5463,4389,"{'type': 'Point', 'coordinates': [-78.9166025, 35.033846]}",37051000600,RISKBEH,LPA,CrdPrv,Physical Inactivity
2023,NC,North Carolina,Durham,37063,37063002015,BRFSS,Health Risk Behaviors,No leisure-time physical activity among adults,%,Crude prevalence,23.1,18.7,27.7,5328,4179,"{'type': 'Point', 'coordinates': [-78.9462425, 35.9690078]}",37063002015,RISKBEH,LPA,CrdPrv,Physical Inactivity
2023,NC,North Carolina,Forsyth,37067,37067000301,BRFSS,Health Risk Behaviors,No leisure-time physical activity among adults,%,Crude prevalence,41.9,35.5,48.1,1888,1316,"{'type': 'Point', 'coordinates': [-80.2529776, 36.1110323]}",37067000301,RISKBEH,LPA,CrdPrv,Physical Inactivity
2023,NC,North Carolina,Catawba,37035,37035011401,BRFSS,Health Risk Behaviors,No leisure-time physical activity among adults,%,Crude prevalence,29.4,24.8,34.1,3518,2760,"{'type': 'Point', 'coordinates': [-81.1390943, 35.6953693]}",37035011401,RISKBEH,LPA,CrdPrv,Physical Inactivity
2023,NC,North Carolina,Forsyth,37067,37067000500,BRFSS,Health Risk Behaviors,No leisure-time physical activity among adults,%,Crude prevalence,48.6,42.7,54.6,2344,1545,"{'type': 'Point', 'coordinates': [-80.2280095, 36.1175184]}",37067000500,RISKBEH,LPA,CrdPrv,Physical Inactivity
2023,NC,North Carolina,Cumberland,37051,37051002505,BRFSS,Health Risk Behaviors,No leisure-time physical activity among adults,%,Crude prevalence,32.4,28.0,37.4,3427,2723,"{'type': 'Point', 'coordinates': [-78.8687018, 35.118899]}",37051002505,RISKBEH,LPA,CrdPrv,Physical Inactivity
2023,NC,North Carolina,Cleveland,37045,37045950101,BRFSS,Health Risk Behaviors,No leisure-time physical activity among adults,%,Crude prevalence,25.2,20.7,30.0,5060,4058,"{'type': 'Point', 'coordinates': [-81.595982, 35.5118631]}",37045950101,RISKBEH,LPA,CrdPrv,Physical Inactivity
2023,NC,North Carolina,Durham,37063,37063000900,BRFSS,Health Risk Behaviors,No leisure-time physical activity among adults,%,Crude prevalence,31.1,25.9,36.7,1783,1354,"{'type': 'Point', 'coordinates': [-78.8860285, 35.999957]}",37063000900,RISKBEH,LPA,CrdPrv,Physical Inactivity
2023,NC,North Carolina,Edgecombe,37065,37065021500,BRFSS,Health Risk Behaviors,No leisure-time physical activity among adults,%,Crude prevalence,34.0,28.6,39.4,2878,2247,"{'type': 'Point', 'coordinates': [-77.6847805, 35.7813774]}",37065021500,RISKBEH,LPA,CrdPrv,Physical Inactivity
2023,NC,North Carolina,Catawba,37035,37035011000,BRFSS,Health Risk Behaviors,No leisure-time physical activity among adults,%,Crude prevalence,34.3,29.2,39.6,2414,1791,"{'type': 'Point', 'coordinates': [-81.2931583, 35.7196933]}",37035011000,RISKBEH,LPA,CrdPrv,Physical Inactivity
2023,NC,North Carolina,Davidson,37057,37057061703,BRFSS,Health Risk Behaviors,No leisure-time physical activity among adults,%,Crude prevalence,25.9,21.3,30.8,4306,3271,"{'type': 'Point', 'coordinates': [-80.3767925, 35.7780664]}",37057061703,RISKBEH,LPA,CrdPrv,Physical Inactivity
2023,NC,North Carolina,Cumberland,37051,37051003003,BRFSS,Health Risk Behaviors,No leisure-time physical activity among adults,%,Crude prevalence,21.5,18.2,25.3,7343,5033,"{'type': 'Point', 'coordinates': [-78.9072514, 34.9062379]}",37051003003,RISKBEH,LPA,CrdPrv,Physical Inactivity
2023,NC,North Carolina,Dare,37055,37055970302,BRFSS,Health Risk Behaviors,No leisure-time physical activity among adults,%,Crude prevalence,19.6,15.5,23.9,3098,2521,"{'type': 'Point', 'coordinates': [-75.670604, 35.9995779]}",37055970302,RISKBEH,LPA,CrdPrv,Physical Inactivity
2023,NC,North Carolina,Durham,37063,37063001301,BRFSS,Health Risk Behaviors,No leisure-time physical activity among adults,%,Crude prevalence,36.9,31.6,42.6,1432,1162,"{'type': 'Point', 'coordinates': [-78.8991045, 35.980004]}",37063001301,RISKBEH,LPA,CrdPrv,Physical Inactivity
2023,NC,North Carolina,Cumberland,37051,37051003307,BRFSS,Health Risk Behaviors,No leisure-time physical activity among adults,%,Crude prevalence,26.4,22.3,30.7,3885,2974,"{'type': 'Point', 'coordinates': [-79.0219888, 35.0509716]}",37051003307,RISKBEH,LPA,CrdPrv,Physical Inactivity
2023,NC,North Carolina,Craven,37049,37049960201,BRFSS,Health Risk Behaviors,No leisure-time physical activity among adults,%,Crude prevalence,32.9,27.8,38.6,3642,2731,"{'type': 'Point', 'coordinates': [-77.2045861, 35.2809736]}",37049960201,RISKBEH,LPA,CrdPrv,Physical Inactivity
2023,NC,North Carolina,Forsyth,37067,37067001500,BRFSS,Health Risk Behaviors,No leisure-time physical activity among adults,%,Crude prevalence,38.6,33.1,44.0,4361,2969,"{'type': 'Point', 'coordinates': [-80.2391496, 36.1526103]}",37067001500,RISKBEH,LPA,CrdPrv,Physical Inactivity
2023,NC,North Carolina,Cumberland,37051,37051980100,BRFSS,Health Risk Behaviors,No leisure-time physical activity among adults,%,Crude prevalence,16.4,12.8,20.3,427,419,"{'type': 'Point', 'coordinates': [-79.0601671, 35.1165719]}",37051980100,RISKBEH,LPA,CrdPrv,Physical Inactivity
2023,NC,North Carolina,Cumberland,37051,37051001902,BRFSS,Health Risk Behaviors,No leisure-time physical activity among adults,%,Crude prevalence,30.7,26.3,35.6,4438,3461,"{'type': 'Point', 'coordinates': [-78.9569863, 35.0242949]}",37051001902,RISKBEH,LPA,CrdPrv,Physical Inactivity
2023,NC,North Carolina,Forsyth,37067,37067002701,BRFSS,Health Risk Behaviors,No leisure-time physical activity among adults,%,Crude prevalence,30.3,25.4,35.3,6329,4761,"{'type': 'Point', 'coordinates': [-80.3087589, 36.1610055]}",37067002701,RISKBEH,LPA,CrdPrv,Physical Inactivity
2023,NC,North Carolina,Cumberland,37051,37051003404,BRFSS,Health Risk Behaviors,No leisure-time physical activity among adults,%,Crude prevalence,17.5,14.0,21.0,2469,2448,"{'type': 'Point', 'coordinates': [-79.0154399, 35.1246987]}",37051003404,RISKBEH,LPA,CrdPrv,Physical Inactivity
2023,NC,North Carolina,Durham,37063,37063001712,BRFSS,Health Risk Behaviors,No leisure-time physical activity among adults,%,Crude prevalence,17.3,13.7,21.6,4150,3533,"{'type': 'Point', 'coordinates': [-78.9472218, 36.0562712]}",37063001712,RISKBEH,LPA,CrdPrv,Physical Inactivity
2023,NC,North Carolina,Columbus,37047,37047930600,BRFSS,Health Risk Behaviors,No leisure-time physical activity among adults,%,Crude prevalence,30.9,26.2,36.2,2950,2375,"{'type': 'Point', 'coordinates': [-78.9447753, 34.2820986]}",37047930600,RISKBEH,LPA,CrdPrv,Physical Inactivity
2023,NC,North Carolina,Catawba,37035,37035011300,BRFSS,Health Risk Behaviors,No leisure-time physical activity among adults,%,Crude prevalence,29.1,24.5,33.6,7488,5671,"{'type': 'Point', 'coordinates': [-81.1936768, 35.6701747]}",37035011300,RISKBEH,LPA,CrdPrv,Physical Inactivity
2023,NC,North Carolina,Davidson,37057,37057061808,BRFSS,Health Risk Behaviors,No leisure-time physical activity among adults,%,Crude prevalence,27.1,22.1,32.5,4023,3285,"{'type': 'Point', 'coordinates': [-80.2788713, 35.6992301]}",37057061808,RISKBEH,LPA,CrdPrv,Physical Inactivity
2023,NC,North Carolina,Davidson,37057,37057061904,BRFSS,Health Risk Behaviors,No leisure-time physical activity among adults,%,Crude prevalence,24.3,20.2,29.2,2672,2076,"{'type': 'Point', 'coordinates': [-80.1646226, 35.8194007]}",37057061904,RISKBEH,LPA,CrdPrv,Physical Inactivity
2023,NC,North Carolina,Cumberland,37051,37051001604,BRFSS,Health Risk Behaviors,No leisure-time physical activity among adults,%,Crude prevalence,28.9,24.6,33.5,7877,5640,"{'type': 'Point', 'coordinates': [-78.9131949, 34.9927439]}",37051001604,RISKBEH,LPA,CrdPrv,Physical Inactivity
2023,NC,North Carolina,Forsyth,37067,37067000801,BRFSS,Health Risk Behaviors,No leisure-time physical activity among adults,%,Crude prevalence,40.6,32.3,50.4,2827,2564,"{'type': 'Point', 'coordinates': [-80.2275159, 36.0868995]}",37067000801,RISKBEH,LPA,CrdPrv,Physical Inactivity
2023,NC,North Carolina,Columbus,37047,37047931302,BRFSS,Health Risk Behaviors,No leisure-time physical activity among adults,%,Crude prevalence,28.6,23.9,33.8,2218,1773,"{'type': 'Point', 'coordinates': [-78.5521252, 34.1544211]}",37047931302,RISKBEH,LPA,CrdPrv,Physical Inactivity
2023,NC,North Carolina,Cumberland,37051,37051002504,BRFSS,Health Risk Behaviors,No leisure-time physical activity among adults,%,Crude prevalence,22.8,19.3,26.8,8292,5946,"{'type': 'Point', 'coordinates': [-78.8988172, 35.1588864]}",37051002504,RISKBEH,LPA,CrdPrv,Physical Inactivity
2023,NC,North Carolina,Cumberland,37051,37051003502,BRFSS,Health Risk Behaviors,No leisure-time physical activity among adults,%,Crude prevalence,26.8,22.7,31.1,1752,1326,"{'type': 'Point', 'coordinates': [-78.9695262, 35.1735919]}",37051003502,RISKBEH,LPA,CrdPrv,Physical Inactivity
2023,NC,North Carolina,Catawba,37035,37035011505,BRFSS,Health Risk Behaviors,No leisure-time physical activity among adults,%,Crude prevalence,20.0,16.2,24.2,3669,3030,"{'type': 'Point', 'coordinates': [-80.9838978, 35.590104]}",37035011505,RISKBEH,LPA,CrdPrv,Physical Inactivity
2023,NC,North Carolina,Craven,37049,37049960402,BRFSS,Health Risk Behaviors,No leisure-time physical activity among adults,%,Crude prevalence,27.3,22.5,32.6,3636,2926,"{'type': 'Point', 'coordinates': [-77.0954951, 35.0894163]}",37049960402,RISKBEH,LPA,CrdPrv,Physical Inactivity
2023,NC,North Carolina,Cumberland,37051,37051002401,BRFSS,Health Risk Behaviors,No leisure-time physical activity among adults,%,Crude prevalence,38.5,33.6,43.5,1550,1130,"{'type': 'Point', 'coordinates': [-78.9316079, 35.1083189]}",37051002401,RISKBEH,LPA,CrdPrv,Physical Inactivity
2023,NC,North Carolina,Cumberland,37051,37051001606,BRFSS,Health Risk Behaviors,No leisure-time physical activity among adults,%,Crude prevalence,23.6,19.9,27.7,3736,2772,"{'type': 'Point', 'coordinates': [-78.9327139, 34.9691225]}",37051001606,RISKBEH,LPA,CrdPrv,Physical Inactivity
2023,NC,North Carolina,Chatham,37037,37037020202,BRFSS,Health Risk Behaviors,No leisure-time physical activity among adults,%,Crude prevalence,16.3,12.9,20.3,3382,2723,"{'type': 'Point', 'coordinates': [-79.2649943, 35.7996844]}",37037020202,RISKBEH,LPA,CrdPrv,Physical Inactivity
2023,NC,North Carolina,Craven,37049,37049961201,BRFSS,Health Risk Behaviors,No leisure-time physical activity among adults,%,Crude prevalence,19.4,15.7,23.8,2254,1610,"{'type': 'Point', 'coordinates': [-76.9171446, 34.9371448]}",37049961201,RISKBEH,LPA,CrdPrv,Physical Inactivity
2023,NC,North Carolina,Gaston,37071,37071033306,BRFSS,Health Risk Behaviors,No leisure-time physical activity among adults,%,Crude prevalence,19.7,15.6,24.4,1554,1286,"{'type': 'Point', 'coordinates': [-81.1429685, 35.1662574]}",37071033306,RISKBEH,LPA,CrdPrv,Physical Inactivity
2023,NC,North Carolina,Greene,37079,37079950200,BRFSS,Health Risk Behaviors,No leisure-time physical activity among adults,%,Crude prevalence,33.8,28.4,39.4,4160,3217,"{'type': 'Point', 'coordinates': [-77.7763916, 35.4671418]}",37079950200,RISKBEH,LPA,CrdPrv,Physical Inactivity
2023,NC,North Carolina,Haywood,37087,37087920101,BRFSS,Health Risk Behaviors,No leisure-time physical activity among adults,%,Crude prevalence,23.6,18.6,29.3,3811,3259,"{'type': 'Point', 'coordinates': [-83.0287986, 35.65248]}",37087920101,RISKBEH,LPA,CrdPrv,Physical Inactivity
2023,NC,North Carolina,Guilford,37081,37081015703,BRFSS,Health Risk Behaviors,No leisure-time physical activity among adults,%,Crude prevalence,19.1,15.8,23.1,6590,5438,"{'type': 'Point', 'coordinates': [-79.8107234, 36.1312654]}",37081015703,RISKBEH,LPA,CrdPrv,Physical Inactivity
2023,NC,North Carolina,Gaston,37071,37071032406,BRFSS,Health Risk Behaviors,No leisure-time physical activity among adults,%,Crude prevalence,17.6,14.1,21.8,2464,1829,"{'type': 'Point', 'coordinates': [-81.0186771, 35.1745636]}",37071032406,RISKBEH,LPA,CrdPrv,Physical Inactivity
2023,NC,North Carolina,Gaston,37071,37071031301,BRFSS,Health Risk Behaviors,No leisure-time physical activity among adults,%,Crude prevalence,24.5,20.0,29.0,4497,3318,"{'type': 'Point', 'coordinates': [-81.1207337, 35.2926056]}",37071031301,RISKBEH,LPA,CrdPrv,Physical Inactivity
2023,NC,North Carolina,Forsyth,37067,37067004102,BRFSS,Health Risk Behaviors,No leisure-time physical activity among adults,%,Crude prevalence,25.9,21.3,30.6,3128,2529,"{'type': 'Point', 'coordinates': [-80.4124613, 36.1699115]}",37067004102,RISKBEH,LPA,CrdPrv,Physical Inactivity
2023,NC,North Carolina,Hoke,37093,37093970300,BRFSS,Health Risk Behaviors,No leisure-time physical activity among adults,%,Crude prevalence,36.9,31.6,42.9,4758,3706,"{'type': 'Point', 'coordinates': [-79.2232893, 34.9835606]}",37093970300,RISKBEH,LPA,CrdPrv,Physical Inactivity
2023,NC,North Carolina,Franklin,37069,37069060702,BRFSS,Health Risk Behaviors,No leisure-time physical activity among adults,%,Crude prevalence,31.5,26.6,36.6,2063,1671,"{'type': 'Point', 'coordinates': [-78.1546114, 36.0335587]}",37069060702,RISKBEH,LPA,CrdPrv,Physical Inactivity
2023,NC,North Carolina,Haywood,37087,37087920502,BRFSS,Health Risk Behaviors,No leisure-time physical activity among adults,%,Crude prevalence,20.7,16.7,25.1,4596,3588,"{'type': 'Point', 'coordinates': [-82.9118204, 35.5279713]}",37087920502,RISKBEH,LPA,CrdPrv,Physical Inactivity
2023,NC,North Carolina,Granville,37077,37077970703,BRFSS,Health Risk Behaviors,No leisure-time physical activity among adults,%,Crude prevalence,26.6,21.8,31.5,4329,3546,"{'type': 'Point', 'coordinates': [-78.7724734, 36.1209084]}",37077970703,RISKBEH,LPA,CrdPrv,Physical Inactivity
2023,NC,North Carolina,Forsyth,37067,37067003804,BRFSS,Health Risk Behaviors,No leisure-time physical activity among adults,%,Crude prevalence,22.9,19.0,27.4,5253,4383,"{'type': 'Point', 'coordinates': [-80.3194362, 36.037092]}",37067003804,RISKBEH,LPA,CrdPrv,Physical Inactivity
2023,NC,North Carolina,Halifax,37083,37083931102,BRFSS,Health Risk Behaviors,No leisure-time physical activity among adults,%,Crude prevalence,41.8,36.8,48.2,3151,2533,"{'type': 'Point', 'coordinates': [-77.3963482, 36.1077798]}",37083931102,RISKBEH,LPA,CrdPrv,Physical Inactivity
2023,NC,North Carolina,Guilford,37081,37081016505,BRFSS,Health Risk Behaviors,No leisure-time physical activity among adults,%,Crude prevalence,17.2,14.1,20.5,5239,4164,"{'type': 'Point', 'coordinates': [-79.9146286, 36.0282258]}",37081016505,RISKBEH,LPA,CrdPrv,Physical Inactivity
2023,NC,North Carolina,Haywood,37087,37087921000,BRFSS,Health Risk Behaviors,No leisure-time physical activity among adults,%,Crude prevalence,22.5,18.2,27.0,3339,2690,"{'type': 'Point', 'coordinates': [-82.9601162, 35.5051763]}",37087921000,RISKBEH,LPA,CrdPrv,Physical Inactivity
2023,NC,North Carolina,Henderson,37089,37089930600,BRFSS,Health Risk Behaviors,No leisure-time physical activity among adults,%,Crude prevalence,18.3,14.5,22.4,5437,4351,"{'type': 'Point', 'coordinates': [-82.5186501, 35.4258237]}",37089930600,RISKBEH,LPA,CrdPrv,Physical Inactivity
2023,NC,North Carolina,Guilford,37081,37081015704,BRFSS,Health Risk Behaviors,No leisure-time physical activity among adults,%,Crude prevalence,18.2,15.1,21.6,6347,5154,"{'type': 'Point', 'coordinates': [-79.8536038, 36.1657187]}",37081015704,RISKBEH,LPA,CrdPrv,Physical Inactivity
2023,NC,North Carolina,Hertford,37091,37091950102,BRFSS,Health Risk Behaviors,No leisure-time physical activity among adults,%,Crude prevalence,38.2,32.8,43.9,3235,2637,"{'type': 'Point', 'coordinates': [-77.0148701, 36.4801933]}",37091950102,RISKBEH,LPA,CrdPrv,Physical Inactivity
2023,NC,North Carolina,Gaston,37071,37071031705,BRFSS,Health Risk Behaviors,No leisure-time physical activity among adults,%,Crude prevalence,26.3,21.6,30.9,2108,1679,"{'type': 'Point', 'coordinates': [-81.2750126, 35.1758288]}",37071031705,RISKBEH,LPA,CrdPrv,Physical Inactivity
2023,NC,North Carolina,Hyde,37095,37095920102,BRFSS,Health Risk Behaviors,No leisure-time physical activity among adults,%,Crude prevalence,28.5,23.9,33.6,2284,1919,"{'type': 'Point', 'coordinates': [-76.3981415, 35.525057]}",37095920102,RISKBEH,LPA,CrdPrv,Physical Inactivity
2023,NC,North Carolina,Halifax,37083,37083930503,BRFSS,Health Risk Behaviors,No leisure-time physical activity among adults,%,Crude prevalence,34.8,29.7,40.8,2025,1651,"{'type': 'Point', 'coordinates': [-77.7267197, 36.4674164]}",37083930503,RISKBEH,LPA,CrdPrv,Physical Inactivity
2023,NC,North Carolina,Gaston,37071,37071030103,BRFSS,Health Risk Behaviors,No leisure-time physical activity among adults,%,Crude prevalence,26.6,21.4,31.3,1688,1386,"{'type': 'Point', 'coordinates': [-81.0238894, 35.3803245]}",37071030103,RISKBEH,LPA,CrdPrv,Physical Inactivity
2023,NC,North Carolina,Graham,37075,37075920200,BRFSS,Health Risk Behaviors,No leisure-time physical activity among adults,%,Crude prevalence,25.1,20.5,30.3,2703,2136,"{'type': 'Point', 'coordinates': [-83.7276987, 35.3117331]}",37075920200,RISKBEH,LPA,CrdPrv,Physical Inactivity
2023,NC,North Carolina,Granville,37077,37077970605,BRFSS,Health Risk Behaviors,No leisure-time physical activity among adults,%,Crude prevalence,19.7,15.9,23.9,5351,4097,"{'type': 'Point', 'coordinates': [-78.5758469, 36.0716463]}",37077970605,RISKBEH,LPA,CrdPrv,Physical Inactivity
2023,NC,North Carolina,Forsyth,37067,37067004103,BRFSS,Health Risk Behaviors,No leisure-time physical activity among adults,%,Crude prevalence,16.2,13.2,19.6,4244,3254,"{'type': 'Point', 'coordinates': [-80.3647845, 36.1364451]}",37067004103,RISKBEH,LPA,CrdPrv,Physical Inactivity
2023,NC,North Carolina,Halifax,37083,37083930901,BRFSS,Health Risk Behaviors,No leisure-time physical activity among adults,%,Crude prevalence,39.4,34.4,45.8,1342,1128,"{'type': 'Point', 'coordinates': [-77.6973709, 36.2495253]}",37083930901,RISKBEH,LPA,CrdPrv,Physical Inactivity
2023,NC,North Carolina,Guilford,37081,37081012804,BRFSS,Health Risk Behaviors,No leisure-time physical activity among adults,%,Crude prevalence,27.4,22.5,32.3,4299,3310,"{'type': 'Point', 'coordinates': [-79.790368, 36.0238569]}",37081012804,RISKBEH,LPA,CrdPrv,Physical Inactivity
2023,NC,North Carolina,Franklin,37069,37069060301,BRFSS,Health Risk Behaviors,No leisure-time physical activity among adults,%,Crude prevalence,31.1,26.3,36.1,5514,4480,"{'type': 'Point', 'coordinates': [-78.2667268, 36.1250524]}",37069060301,RISKBEH,LPA,CrdPrv,Physical Inactivity
2023,NC,North Carolina,Forsyth,37067,37067003201,BRFSS,Health Risk Behaviors,No leisure-time physical activity among adults,%,Crude prevalence,21.7,17.5,26.4,4937,4025,"{'type': 'Point', 'coordinates': [-80.0897987, 36.1238802]}",37067003201,RISKBEH,LPA,CrdPrv,Physical Inactivity
2023,NC,North Carolina,Henderson,37089,37089931700,BRFSS,Health Risk Behaviors,No leisure-time physical activity among adults,%,Crude prevalence,18.1,14.3,22.3,2881,2499,"{'type': 'Point', 'coordinates': [-82.5069863, 35.3082533]}",37089931700,RISKBEH,LPA,CrdPrv,Physical Inactivity
2023,NC,North Carolina,Harnett,37085,37085070500,BRFSS,Health Risk Behaviors,No leisure-time physical activity among adults,%,Crude prevalence,29.3,24.6,34.5,6054,4801,"{'type': 'Point', 'coordinates': [-78.6630526, 35.3023108]}",37085070500,RISKBEH,LPA,CrdPrv,Physical Inactivity
2023,NC,North Carolina,Harnett,37085,37085070903,BRFSS,Health Risk Behaviors,No leisure-time physical activity among adults,%,Crude prevalence,25.8,21.6,30.4,2293,1753,"{'type': 'Point', 'coordinates': [-78.7500793, 35.4785389]}",37085070903,RISKBEH,LPA,CrdPrv,Physical Inactivity
2023,NC,North Carolina,Gaston,37071,37071032302,BRFSS,Health Risk Behaviors,No leisure-time physical activity among adults,%,Crude prevalence,33.0,27.3,38.7,3127,2625,"{'type': 'Point', 'coordinates': [-81.0255466, 35.248294]}",37071032302,RISKBEH,LPA,CrdPrv,Physical Inactivity
2023,NC,North Carolina,Greene,37079,37079950102,BRFSS,Health Risk Behaviors,No leisure-time physical activity among adults,%,Crude prevalence,32.4,27.2,38.0,5807,5217,"{'type': 'Point', 'coordinates': [-77.5639128, 35.4745851]}",37079950102,RISKBEH,LPA,CrdPrv,Physical Inactivity
2023,NC,North Carolina,Henderson,37089,37089931100,BRFSS,Health Risk Behaviors,No leisure-time physical activity among adults,%,Crude prevalence,23.6,19.6,28.4,2324,1840,"{'type': 'Point', 'coordinates': [-82.4667406, 35.3257405]}",37089931100,RISKBEH,LPA,CrdPrv,Physical Inactivity
2023,NC,North Carolina,Harnett,37085,37085071401,BRFSS,Health Risk Behaviors,No leisure-time physical activity among adults,%,Crude prevalence,27.8,23.5,32.6,4422,3286,"{'type': 'Point', 'coordinates': [-79.1317615, 35.2997042]}",37085071401,RISKBEH,LPA,CrdPrv,Physical Inactivity
2023,NC,North Carolina,Franklin,37069,37069060701,BRFSS,Health Risk Behaviors,No leisure-time physical activity among adults,%,Crude prevalence,34.0,28.9,39.6,1329,953,"{'type': 'Point', 'coordinates': [-78.2033802, 36.0245335]}",37069060701,RISKBEH,LPA,CrdPrv,Physical Inactivity
2023,NC,North Carolina,Guilford,37081,37081016011,BRFSS,Health Risk Behaviors,No leisure-time physical activity among adults,%,Crude prevalence,20.8,17.4,24.8,5733,4697,"{'type': 'Point', 'coordinates': [-79.9261188, 36.0813977]}",37081016011,RISKBEH,LPA,CrdPrv,Physical Inactivity
2023,NC,North Carolina,Haywood,37087,37087920501,BRFSS,Health Risk Behaviors,No leisure-time physical activity among adults,%,Crude prevalence,21.8,17.5,26.6,2044,1596,"{'type': 'Point', 'coordinates': [-82.9192594, 35.5583015]}",37087920501,RISKBEH,LPA,CrdPrv,Physical Inactivity
2023,NC,North Carolina,Harnett,37085,37085070902,BRFSS,Health Risk Behaviors,No leisure-time physical activity among adults,%,Crude prevalence,36.7,31.4,42.3,2816,2151,"{'type': 'Point', 'coordinates': [-78.69462, 35.4885095]}",37085070902,RISKBEH,LPA,CrdPrv,Physical Inactivity
2023,NC,North Carolina,Guilford,37081,37081012611,BRFSS,Health Risk Behaviors,No leisure-time physical activity among adults,%,Crude prevalence,28.0,23.4,33.0,3855,2917,"{'type': 'Point', 'coordinates': [-79.8223043, 36.0256423]}",37081012611,RISKBEH,LPA,CrdPrv,Physical Inactivity
2023,NC,North Carolina,Guilford,37081,37081010702,BRFSS,Health Risk Behaviors,No leisure-time physical activity among adults,%,Crude prevalence,20.9,17.3,25.0,6928,6769,"{'type': 'Point', 'coordinates': [-79.8063793, 36.0690352]}",37081010702,RISKBEH,LPA,CrdPrv,Physical Inactivity
2023,NC,North Carolina,Guilford,37081,37081016506,BRFSS,Health Risk Behaviors,No leisure-time physical activity among adults,%,Crude prevalence,19.0,15.9,22.7,4845,3720,"{'type': 'Point', 'coordinates': [-79.9008872, 36.0248915]}",37081016506,RISKBEH,LPA,CrdPrv,Physical Inactivity
2023,NC,North Carolina,Guilford,37081,37081014200,BRFSS,Health Risk Behaviors,No leisure-time physical activity among adults,%,Crude prevalence,38.4,32.9,44.1,4043,2786,"{'type': 'Point', 'coordinates': [-79.9892409, 35.9464228]}",37081014200,RISKBEH,LPA,CrdPrv,Physical Inactivity
2023,NC,North Carolina,Halifax,37083,37083930504,BRFSS,Health Risk Behaviors,No leisure-time physical activity among adults,%,Crude prevalence,41.4,36.2,47.9,3183,2540,"{'type': 'Point', 'coordinates': [-77.7237077, 36.4312515]}",37083930504,RISKBEH,LPA,CrdPrv,Physical Inactivity
2023,NC,North Carolina,Guilford,37081,37081012619,BRFSS,Health Risk Behaviors,No leisure-time physical activity among adults,%,Crude prevalence,30.8,26.1,35.8,3446,2785,"{'type': 'Point', 'coordinates': [-79.8733001, 36.0670431]}",37081012619,RISKBEH,LPA,CrdPrv,Physical Inactivity
2023,NC,North Carolina,Guilford,37081,37081012621,BRFSS,Health Risk Behaviors,No leisure-time physical activity among adults,%,Crude prevalence,36.8,32.0,42.2,3914,2943,"{'type': 'Point', 'coordinates': [-79.8617529, 36.0238107]}",37081012621,RISKBEH,LPA,CrdPrv,Physical Inactivity
2023,NC,North Carolina,Gaston,37071,37071030205,BRFSS,Health Risk Behaviors,No leisure-time physical activity among adults,%,Crude prevalence,23.9,19.6,28.2,3827,2932,"{'type': 'Point', 'coordinates': [-81.1266502, 35.379788]}",37071030205,RISKBEH,LPA,CrdPrv,Physical Inactivity
2023,NC,North Carolina,Hoke,37093,37093970105,BRFSS,Health Risk Behaviors,No leisure-time physical activity among adults,%,Crude prevalence,23.7,19.6,28.6,5511,3662,"{'type': 'Point', 'coordinates': [-79.1107806, 35.040266]}",37093970105,RISKBEH,LPA,CrdPrv,Physical Inactivity
2023,NC,North Carolina,Gaston,37071,37071032000,BRFSS,Health Risk Behaviors,No leisure-time physical activity among adults,%,Crude prevalence,30.8,25.8,35.8,3099,2437,"{'type': 'Point', 'coordinates': [-81.1759633, 35.2735057]}",37071032000,RISKBEH,LPA,CrdPrv,Physical Inactivity
2023,NC,North Carolina,Guilford,37081,37081016005,BRFSS,Health Risk Behaviors,No leisure-time physical activity among adults,%,Crude prevalence,15.9,13.1,19.3,1837,1490,"{'type': 'Point', 'coordinates': [-79.891504, 36.160276]}",37081016005,RISKBEH,LPA,CrdPrv,Physical Inactivity
2023,NC,North Carolina,Guilford,37081,37081012805,BRFSS,Health Risk Behaviors,No leisure-time physical activity among adults,%,Crude prevalence,28.0,23.4,32.7,2817,2321,"{'type': 'Point', 'coordinates': [-79.7680745, 36.0345075]}",37081012805,RISKBEH,LPA,CrdPrv,Physical Inactivity
2023,NC,North Carolina,Franklin,37069,37069060502,BRFSS,Health Risk Behaviors,No leisure-time physical activity among adults,%,Crude prevalence,20.0,16.4,23.8,9754,7232,"{'type': 'Point', 'coordinates': [-78.4398685, 36.0272033]}",37069060502,RISKBEH,LPA,CrdPrv,Physical Inactivity
2023,NC,North Carolina,Guilford,37081,37081016306,BRFSS,Health Risk Behaviors,No leisure-time physical activity among adults,%,Crude prevalence,21.5,18.0,25.5,5452,4436,"{'type': 'Point', 'coordinates': [-79.9706511, 36.0121411]}",37081016306,RISKBEH,LPA,CrdPrv,Physical Inactivity
2023,NC,North Carolina,Harnett,37085,37085071204,BRFSS,Health Risk Behaviors,No leisure-time physical activity among adults,%,Crude prevalence,23.9,20.0,28.3,7201,5044,"{'type': 'Point', 'coordinates': [-78.9390058, 35.2967721]}",37085071204,RISKBEH,LPA,CrdPrv,Physical Inactivity
2023,NC,North Carolina,Forsyth,37067,37067003311,BRFSS,Health Risk Behaviors,No leisure-time physical activity among adults,%,Crude prevalence,21.4,17.6,25.6,1970,1509,"{'type': 'Point', 'coordinates': [-80.1269711, 36.0600528]}",37067003311,RISKBEH,LPA,CrdPrv,Physical Inactivity
2023,NC,North Carolina,Harnett,37085,37085070300,BRFSS,Health Risk Behaviors,No leisure-time physical activity among adults,%,Crude prevalence,29.0,24.3,34.2,4680,3760,"{'type': 'Point', 'coordinates': [-78.6034405, 35.3475981]}",37085070300,RISKBEH,LPA,CrdPrv,Physical Inactivity
2023,NC,North Carolina,Forsyth,37067,37067003702,BRFSS,Health Risk Behaviors,No leisure-time physical activity among adults,%,Crude prevalence,27.8,23.4,32.5,5372,4197,"{'type': 'Point', 'coordinates': [-80.2773192, 36.0354646]}",37067003702,RISKBEH,LPA,CrdPrv,Physical Inactivity
2023,NC,North Carolina,Hertford,37091,37091950101,BRFSS,Health Risk Behaviors,No leisure-time physical activity among adults,%,Crude prevalence,25.4,21.0,30.4,3483,3002,"{'type': 'Point', 'coordinates': [-77.0849635, 36.3935629]}",37091950101,RISKBEH,LPA,CrdPrv,Physical Inactivity
2023,NC,North Carolina,Gaston,37071,37071030401,BRFSS,Health Risk Behaviors,No leisure-time physical activity among adults,%,Crude prevalence,22.9,18.8,27.2,4131,3326,"{'type': 'Point', 'coordinates': [-81.2291835, 35.3760185]}",37071030401,RISKBEH,LPA,CrdPrv,Physical Inactivity
2023,NC,North Carolina,Forsyth,37067,37067003905,BRFSS,Health Risk Behaviors,No leisure-time physical activity among adults,%,Crude prevalence,22.4,18.3,27.1,3633,3125,"{'type': 'Point', 'coordinates': [-80.3240156, 36.0904548]}",37067003905,RISKBEH,LPA,CrdPrv,Physical Inactivity
2023,NC,North Carolina,Guilford,37081,37081012703,BRFSS,Health Risk Behaviors,No leisure-time physical activity among adults,%,Crude prevalence,28.6,24.7,33.2,5505,4254,"{'type': 'Point', 'coordinates': [-79.7937567, 36.1211255]}",37081012703,RISKBEH,LPA,CrdPrv,Physical Inactivity
2023,NC,North Carolina,Gaston,37071,37071031500,BRFSS,Health Risk Behaviors,No leisure-time physical activity among adults,%,Crude prevalence,41.8,36.2,47.5,3459,2581,"{'type': 'Point', 'coordinates': [-81.2128863, 35.2869698]}",37071031500,RISKBEH,LPA,CrdPrv,Physical Inactivity
2023,NC,North Carolina,Guilford,37081,37081016800,BRFSS,Health Risk Behaviors,No leisure-time physical activity among adults,%,Crude prevalence,26.0,22.0,30.3,7802,5938,"{'type': 'Point', 'coordinates': [-79.7711517, 35.985327]}",37081016800,RISKBEH,LPA,CrdPrv,Physical Inactivity
2023,NC,North Carolina,Granville,37077,37077970200,BRFSS,Health Risk Behaviors,No leisure-time physical activity among adults,%,Crude prevalence,33.1,28.0,38.8,4327,3420,"{'type': 'Point', 'coordinates': [-78.5807015, 36.356077]}",37077970200,RISKBEH,LPA,CrdPrv,Physical Inactivity
2023,NC,North Carolina,Granville,37077,37077970604,BRFSS,Health Risk Behaviors,No leisure-time physical activity among adults,%,Crude prevalence,24.0,19.7,28.6,3946,3102,"{'type': 'Point', 'coordinates': [-78.6211903, 36.0939298]}",37077970604,RISKBEH,LPA,CrdPrv,Physical Inactivity
2023,NC,North Carolina,Haywood,37087,37087920300,BRFSS,Health Risk Behaviors,No leisure-time physical activity among adults,%,Crude prevalence,25.8,21.3,30.6,3458,2726,"{'type': 'Point', 'coordinates': [-82.81427, 35.5232452]}",37087920300,RISKBEH,LPA,CrdPrv,Physical Inactivity
2023,NC,North Carolina,Henderson,37089,37089930401,BRFSS,Health Risk Behaviors,No leisure-time physical activity among adults,%,Crude prevalence,26.8,22.0,32.2,2677,2173,"{'type': 'Point', 'coordinates': [-82.4375723, 35.3855004]}",37089930401,RISKBEH,LPA,CrdPrv,Physical Inactivity
2023,NC,North Carolina,Haywood,37087,37087921301,BRFSS,Health Risk Behaviors,No leisure-time physical activity among adults,%,Crude prevalence,23.1,18.7,27.8,4196,3460,"{'type': 'Point', 'coordinates': [-82.9156129, 35.410828]}",37087921301,RISKBEH,LPA,CrdPrv,Physical Inactivity
2023,NC,North Carolina,Guilford,37081,37081016205,BRFSS,Health Risk Behaviors,No leisure-time physical activity among adults,%,Crude prevalence,16.8,13.7,20.1,4650,3352,"{'type': 'Point', 'coordinates': [-79.9758343, 36.0449231]}",37081016205,RISKBEH,LPA,CrdPrv,Physical Inactivity
2023,NC,North Carolina,Graham,37075,37075920300,BRFSS,Health Risk Behaviors,No leisure-time physical activity among adults,%,Crude prevalence,25.9,21.2,30.8,3308,2554,"{'type': 'Point', 'coordinates': [-83.9567917, 35.2702395]}",37075920300,RISKBEH,LPA,CrdPrv,Physical Inactivity
2023,NC,North Carolina,Haywood,37087,37087920800,BRFSS,Health Risk Behaviors,No leisure-time physical activity among adults,%,Crude prevalence,23.7,18.9,28.7,3211,2731,"{'type': 'Point', 'coordinates': [-83.0476476, 35.4780805]}",37087920800,RISKBEH,LPA,CrdPrv,Physical Inactivity
2023,NC,North Carolina,Hoke,37093,37093970201,BRFSS,Health Risk Behaviors,No leisure-time physical activity among adults,%,Crude prevalence,28.7,24.1,33.6,4129,3251,"{'type': 'Point', 'coordinates': [-79.3534211, 35.0376466]}",37093970201,RISKBEH,LPA,CrdPrv,Physical Inactivity
2023,NC,North Carolina,Guilford,37081,37081015707,BRFSS,Health Risk Behaviors,No leisure-time physical activity among adults,%,Crude prevalence,16.9,13.7,20.8,6473,5249,"{'type': 'Point', 'coordinates': [-79.8253017, 36.1467634]}",37081015707,RISKBEH,LPA,CrdPrv,Physical Inactivity
2023,NC,North Carolina,Henderson,37089,37089931802,BRFSS,Health Risk Behaviors,No leisure-time physical activity among adults,%,Crude prevalence,19.6,16.0,23.5,4414,3768,"{'type': 'Point', 'coordinates': [-82.5241023, 35.3338516]}",37089931802,RISKBEH,LPA,CrdPrv,Physical Inactivity
2023,NC,North Carolina,Guilford,37081,37081012604,BRFSS,Health Risk Behaviors,No leisure-time physical activity among adults,%,Crude prevalence,37.0,32.1,42.1,4778,3721,"{'type': 'Point', 'coordinates': [-79.814319, 36.0416929]}",37081012604,RISKBEH,LPA,CrdPrv,Physical Inactivity
2023,NC,North Carolina,Forsyth,37067,37067003103,BRFSS,Health Risk Behaviors,No leisure-time physical activity among adults,%,Crude prevalence,19.0,15.5,22.8,5934,4636,"{'type': 'Point', 'coordinates': [-80.0721746, 36.1885414]}",37067003103,RISKBEH,LPA,CrdPrv,Physical Inactivity
2023,NC,North Carolina,Franklin,37069,37069060404,BRFSS,Health Risk Behaviors,No leisure-time physical activity among adults,%,Crude prevalence,26.9,22.7,31.6,3241,2461,"{'type': 'Point', 'coordinates': [-78.3994665, 36.0966372]}",37069060404,RISKBEH,LPA,CrdPrv,Physical Inactivity
2023,NC,North Carolina,Granville,37077,37077970300,BRFSS,Health Risk Behaviors,No leisure-time physical activity among adults,%,Crude prevalence,32.2,27.2,37.7,3724,2897,"{'type': 'Point', 'coordinates': [-78.6399477, 36.2803855]}",37077970300,RISKBEH,LPA,CrdPrv,Physical Inactivity
2023,NC,North Carolina,Hertford,37091,37091950202,BRFSS,Health Risk Behaviors,No leisure-time physical activity among adults,%,Crude prevalence,33.3,28.2,38.7,1650,1356,"{'type': 'Point', 'coordinates': [-76.9584299, 36.3793517]}",37091950202,RISKBEH,LPA,CrdPrv,Physical Inactivity
2023,NC,North Carolina,Guilford,37081,37081012618,BRFSS,Health Risk Behaviors,No leisure-time physical activity among adults,%,Crude prevalence,27.3,22.7,32.8,3479,2833,"{'type': 'Point', 'coordinates': [-79.8630369, 36.0580785]}",37081012618,RISKBEH,LPA,CrdPrv,Physical Inactivity
2023,NC,North Carolina,Guilford,37081,37081011201,BRFSS,Health Risk Behaviors,No leisure-time physical activity among adults,%,Crude prevalence,27.4,21.8,34.3,3378,3103,"{'type': 'Point', 'coordinates': [-79.7757936, 36.0676574]}",37081011201,RISKBEH,LPA,CrdPrv,Physical Inactivity
2023,NC,North Carolina,Guilford,37081,37081010200,BRFSS,Health Risk Behaviors,No leisure-time physical activity among adults,%,Crude prevalence,27.1,22.8,31.9,4659,3686,"{'type': 'Point', 'coordinates': [-79.7761396, 36.1062439]}",37081010200,RISKBEH,LPA,CrdPrv,Physical Inactivity
2023,NC,North Carolina,Halifax,37083,37083930600,BRFSS,Health Risk Behaviors,No leisure-time physical activity among adults,%,Crude prevalence,29.5,25.3,34.8,3636,3048,"{'type': 'Point', 'coordinates': [-77.7382321, 36.347344]}",37083930600,RISKBEH,LPA,CrdPrv,Physical Inactivity
2023,NC,North Carolina,Gaston,37071,37071032703,BRFSS,Health Risk Behaviors,No leisure-time physical activity among adults,%,Crude prevalence,25.4,20.8,30.5,2020,1618,"{'type': 'Point', 'coordinates': [-81.1636562, 35.2571589]}",37071032703,RISKBEH,LPA,CrdPrv,Physical Inactivity
2023,NC,North Carolina,Guilford,37081,37081014502,BRFSS,Health Risk Behaviors,No leisure-time physical activity among adults,%,Crude prevalence,31.8,27.3,36.7,4692,3472,"{'type': 'Point', 'coordinates': [-79.9650597, 35.9356134]}",37081014502,RISKBEH,LPA,CrdPrv,Physical Inactivity
2023,NC,North Carolina,Haywood,37087,37087920702,BRFSS,Health Risk Behaviors,No leisure-time physical activity among adults,%,Crude prevalence,23.8,19.5,28.6,1789,1601,"{'type': 'Point', 'coordinates': [-83.0725236, 35.5317237]}",37087920702,RISKBEH,LPA,CrdPrv,Physical Inactivity
2023,NC,North Carolina,Guilford,37081,37081011500,BRFSS,Health Risk Behaviors,No leisure-time physical activity among adults,%,Crude prevalence,31.7,26.5,37.9,3866,3229,"{'type': 'Point', 'coordinates': [-79.8093069, 36.056768]}",37081011500,RISKBEH,LPA,CrdPrv,Physical Inactivity
2023,NC,North Carolina,Hertford,37091,37091980000,BRFSS,Health Risk Behaviors,No leisure-time physical activity among adults,%,Crude prevalence,35.6,28.9,42.0,1215,1215,"{'type': 'Point', 'coordinates': [-76.9591268, 36.405067]}",37091980000,RISKBEH,LPA,CrdPrv,Physical Inactivity
2023,NC,North Carolina,Gaston,37071,37071032508,BRFSS,Health Risk Behaviors,No leisure-time physical activity among adults,%,Crude prevalence,18.9,15.4,22.6,3028,2396,"{'type': 'Point', 'coordinates': [-81.0754847, 35.2227157]}",37071032508,RISKBEH,LPA,CrdPrv,Physical Inactivity
2023,NC,North Carolina,Guilford,37081,37081017000,BRFSS,Health Risk Behaviors,No leisure-time physical activity among adults,%,Crude prevalence,22.2,18.2,26.3,4675,3885,"{'type': 'Point', 'coordinates': [-79.6157216, 35.9508347]}",37081017000,RISKBEH,LPA,CrdPrv,Physical Inactivity
2023,NC,North Carolina,Gaston,37071,37071032802,BRFSS,Health Risk Behaviors,No leisure-time physical activity among adults,%,Crude prevalence,28.9,24.1,33.8,3721,2886,"{'type': 'Point', 'coordinates': [-81.1810375, 35.2335536]}",37071032802,RISKBEH,LPA,CrdPrv,Physical Inactivity
2023,NC,North Carolina,Gaston,37071,37071031006,BRFSS,Health Risk Behaviors,No leisure-time physical activity among adults,%,Crude prevalence,19.8,15.8,23.9,1824,1460,"{'type': 'Point', 'coordinates': [-81.0618838, 35.3184413]}",37071031006,RISKBEH,LPA,CrdPrv,Physical Inactivity
2023,NC,North Carolina,Gaston,37071,37071030209,BRFSS,Health Risk Behaviors,No leisure-time physical activity among adults,%,Crude prevalence,22.1,18.3,26.2,1706,1354,"{'type': 'Point', 'coordinates': [-81.0910134, 35.3876954]}",37071030209,RISKBEH,LPA,CrdPrv,Physical Inactivity
2023,NC,North Carolina,Halifax,37083,37083930800,BRFSS,Health Risk Behaviors,No leisure-time physical activity among adults,%,Crude prevalence,41.6,36.5,48.1,4687,3728,"{'type': 'Point', 'coordinates': [-77.8708368, 36.2617468]}",37083930800,RISKBEH,LPA,CrdPrv,Physical Inactivity
2023,NC,North Carolina,Guilford,37081,37081012608,BRFSS,Health Risk Behaviors,No leisure-time physical activity among adults,%,Crude prevalence,37.0,31.5,42.5,2504,1867,"{'type': 'Point', 'coordinates': [-79.8536192, 36.0428788]}",37081012608,RISKBEH,LPA,CrdPrv,Physical Inactivity
2023,NC,North Carolina,Guilford,37081,37081012706,BRFSS,Health Risk Behaviors,No leisure-time physical activity among adults,%,Crude prevalence,47.8,41.8,53.8,3399,2417,"{'type': 'Point', 'coordinates': [-79.7417388, 36.0934091]}",37081012706,RISKBEH,LPA,CrdPrv,Physical Inactivity
2023,NC,North Carolina,Guilford,37081,37081015800,BRFSS,Health Risk Behaviors,No leisure-time physical activity among adults,%,Crude prevalence,16.4,13.2,20.1,8668,6425,"{'type': 'Point', 'coordinates': [-79.8980982, 36.2020433]}",37081015800,RISKBEH,LPA,CrdPrv,Physical Inactivity
2023,NC,North Carolina,Gaston,37071,37071031706,BRFSS,Health Risk Behaviors,No leisure-time physical activity among adults,%,Crude prevalence,31.6,26.5,36.7,1545,1282,"{'type': 'Point', 'coordinates': [-81.299806, 35.2127461]}",37071031706,RISKBEH,LPA,CrdPrv,Physical Inactivity
2023,NC,North Carolina,Gaston,37071,37071033311,BRFSS,Health Risk Behaviors,No leisure-time physical activity among adults,%,Crude prevalence,21.6,17.4,26.0,789,615,"{'type': 'Point', 'coordinates': [-81.114024, 35.1931591]}",37071033311,RISKBEH,LPA,CrdPrv,Physical Inactivity
2023,NC,North Carolina,Hoke,37093,37093970106,BRFSS,Health Risk Behaviors,No leisure-time physical activity among adults,%,Crude prevalence,21.1,17.3,25.4,6500,4402,"{'type': 'Point', 'coordinates': [-79.087308, 35.0100249]}",37093970106,RISKBEH,LPA,CrdPrv,Physical Inactivity
2023,NC,North Carolina,Guilford,37081,37081016009,BRFSS,Health Risk Behaviors,No leisure-time physical activity among adults,%,Crude prevalence,15.4,12.4,19.0,3888,2958,"{'type': 'Point', 'coordinates': [-79.9026581, 36.1319663]}",37081016009,RISKBEH,LPA,CrdPrv,Physical Inactivity
2023,NC,North Carolina,Gaston,37071,37071031203,BRFSS,Health Risk Behaviors,No leisure-time physical activity among adults,%,Crude prevalence,16.2,13.0,19.7,1893,1547,"{'type': 'Point', 'coordinates': [-81.0240223, 35.2682399]}",37071031203,RISKBEH,LPA,CrdPrv,Physical Inactivity
2023,NC,North Carolina,Gaston,37071,37071030801,BRFSS,Health Risk Behaviors,No leisure-time physical activity among adults,%,Crude prevalence,25.8,21.4,30.4,1495,1200,"{'type': 'Point', 'coordinates': [-81.3230718, 35.2831829]}",37071030801,RISKBEH,LPA,CrdPrv,Physical Inactivity
2023,NC,North Carolina,Guilford,37081,37081010300,BRFSS,Health Risk Behaviors,No leisure-time physical activity among adults,%,Crude prevalence,35.5,30.3,40.4,2633,1942,"{'type': 'Point', 'coordinates': [-79.7752143, 36.0948011]}",37081010300,RISKBEH,LPA,CrdPrv,Physical Inactivity
2023,NC,North Carolina,Henderson,37089,37089932000,BRFSS,Health Risk Behaviors,No leisure-time physical activity among adults,%,Crude prevalence,21.9,18.0,26.7,4506,3715,"{'type': 'Point', 'coordinates': [-82.5247743, 35.2004803]}",37089932000,RISKBEH,LPA,CrdPrv,Physical Inactivity
2023,NC,North Carolina,Harnett,37085,37085070700,BRFSS,Health Risk Behaviors,No leisure-time physical activity among adults,%,Crude prevalence,27.7,23.5,32.5,5514,4504,"{'type': 'Point', 'coordinates': [-78.7800945, 35.3648785]}",37085070700,RISKBEH,LPA,CrdPrv,Physical Inactivity
2023,NC,North Carolina,Henderson,37089,37089931300,BRFSS,Health Risk Behaviors,No leisure-time physical activity among adults,%,Crude prevalence,29.6,24.8,34.8,4055,3202,"{'type': 'Point', 'coordinates': [-82.4460792, 35.3009696]}",37089931300,RISKBEH,LPA,CrdPrv,Physical Inactivity
2023,NC,North Carolina,Guilford,37081,37081015500,BRFSS,Health Risk Behaviors,No leisure-time physical activity among adults,%,Crude prevalence,25.5,21.3,30.1,7211,5195,"{'type': 'Point', 'coordinates': [-79.7472083, 36.1685304]}",37081015500,RISKBEH,LPA,CrdPrv,Physical Inactivity
2023,NC,North Carolina,Gates,37073,37073970300,BRFSS,Health Risk Behaviors,No leisure-time physical activity among adults,%,Crude prevalence,26.9,22.4,31.9,2885,2222,"{'type': 'Point', 'coordinates': [-76.8433522, 36.4625912]}",37073970300,RISKBEH,LPA,CrdPrv,Physical Inactivity
2023,NC,North Carolina,Henderson,37089,37089930800,BRFSS,Health Risk Behaviors,No leisure-time physical activity among adults,%,Crude prevalence,20.7,16.6,24.8,5075,4061,"{'type': 'Point', 'coordinates': [-82.5041352, 35.3722524]}",37089930800,RISKBEH,LPA,CrdPrv,Physical Inactivity
2023,NC,North Carolina,Guilford,37081,37081011400,BRFSS,Health Risk Behaviors,No leisure-time physical activity among adults,%,Crude prevalence,38.3,33.0,43.8,5547,3754,"{'type': 'Point', 'coordinates': [-79.7981309, 36.0540185]}",37081011400,RISKBEH,LPA,CrdPrv,Physical Inactivity
2023,NC,North Carolina,Hertford,37091,37091950300,BRFSS,Health Risk Behaviors,No leisure-time physical activity among adults,%,Crude prevalence,34.0,28.9,39.4,2633,2123,"{'type': 'Point', 'coordinates': [-77.1045622, 36.3069898]}",37091950300,RISKBEH,LPA,CrdPrv,Physical Inactivity
2023,NC,North Carolina,Greene,37079,37079950301,BRFSS,Health Risk Behaviors,No leisure-time physical activity among adults,%,Crude prevalence,30.5,25.4,36.1,4304,3291,"{'type': 'Point', 'coordinates': [-77.6259259, 35.4013486]}",37079950301,RISKBEH,LPA,CrdPrv,Physical Inactivity
2023,NC,North Carolina,Gaston,37071,37071031304,BRFSS,Health Risk Behaviors,No leisure-time physical activity among adults,%,Crude prevalence,27.8,22.9,32.2,2996,2313,"{'type': 'Point', 'coordinates': [-81.0961445, 35.273895]}",37071031304,RISKBEH,LPA,CrdPrv,Physical Inactivity
2023,NC,North Carolina,Harnett,37085,37085071004,BRFSS,Health Risk Behaviors,No leisure-time physical activity among adults,%,Crude prevalence,21.5,17.4,25.8,1915,1492,"{'type': 'Point', 'coordinates': [-78.800549, 35.5144522]}",37085071004,RISKBEH,LPA,CrdPrv,Physical Inactivity
2023,NC,North Carolina,Guilford,37081,37081016409,BRFSS,Health Risk Behaviors,No leisure-time physical activity among adults,%,Crude prevalence,15.0,12.0,18.3,2496,2026,"{'type': 'Point', 'coordinates': [-79.9367159, 36.0051315]}",37081016409,RISKBEH,LPA,CrdPrv,Physical Inactivity
2023,NC,North Carolina,Harnett,37085,37085070801,BRFSS,Health Risk Behaviors,No leisure-time physical activity among adults,%,Crude prevalence,25.0,20.8,29.5,2726,2131,"{'type': 'Point', 'coordinates': [-78.7694899, 35.4391033]}",37085070801,RISKBEH,LPA,CrdPrv,Physical Inactivity
2023,NC,North Carolina,Hoke,37093,37093970107,BRFSS,Health Risk Behaviors,No leisure-time physical activity among adults,%,Crude prevalence,24.6,20.3,29.6,7622,5280,"{'type': 'Point', 'coordinates': [-79.1559211, 35.0021666]}",37093970107,RISKBEH,LPA,CrdPrv,Physical Inactivity
2023,NC,North Carolina,Guilford,37081,37081015402,BRFSS,Health Risk Behaviors,No leisure-time physical activity among adults,%,Crude prevalence,27.1,22.9,31.5,7760,5760,"{'type': 'Point', 'coordinates': [-79.7036686, 36.1239582]}",37081015402,RISKBEH,LPA,CrdPrv,Physical Inactivity
2023,NC,North Carolina,Guilford,37081,37081016405,BRFSS,Health Risk Behaviors,No leisure-time physical activity among adults,%,Crude prevalence,21.6,17.7,25.8,1770,1398,"{'type': 'Point', 'coordinates': [-79.9334929, 36.0626636]}",37081016405,RISKBEH,LPA,CrdPrv,Physical Inactivity
2023,NC,North Carolina,Hertford,37091,37091950402,BRFSS,Health Risk Behaviors,No leisure-time physical activity among adults,%,Crude prevalence,33.7,28.2,39.5,3792,2922,"{'type': 'Point', 'coordinates': [-76.9380357, 36.2810438]}",37091950402,RISKBEH,LPA,CrdPrv,Physical Inactivity
2023,NC,North Carolina,Guilford,37081,37081016503,BRFSS,Health Risk Behaviors,No leisure-time physical activity among adults,%,Crude prevalence,18.5,15.2,22.1,5480,4574,"{'type': 'Point', 'coordinates': [-79.9040126, 36.0503378]}",37081016503,RISKBEH,LPA,CrdPrv,Physical Inactivity
2023,NC,North Carolina,Guilford,37081,37081016007,BRFSS,Health Risk Behaviors,No leisure-time physical activity among adults,%,Crude prevalence,18.8,15.3,22.6,5059,4255,"{'type': 'Point', 'coordinates': [-79.8746685, 36.1219823]}",37081016007,RISKBEH,LPA,CrdPrv,Physical Inactivity
2023,NC,North Carolina,Gaston,37071,37071033204,BRFSS,Health Risk Behaviors,No leisure-time physical activity among adults,%,Crude prevalence,37.2,31.6,42.4,3666,2548,"{'type': 'Point', 'coordinates': [-81.2162965, 35.2287829]}",37071033204,RISKBEH,LPA,CrdPrv,Physical Inactivity
2023,NC,North Carolina,Hoke,37093,37093970109,BRFSS,Health Risk Behaviors,No leisure-time physical activity among adults,%,Crude prevalence,27.0,22.3,32.0,3428,2405,"{'type': 'Point', 'coordinates': [-79.1430133, 34.9801262]}",37093970109,RISKBEH,LPA,CrdPrv,Physical Inactivity
2023,NC,North Carolina,Gaston,37071,37071031902,BRFSS,Health Risk Behaviors,No leisure-time physical activity among adults,%,Crude prevalence,40.6,34.8,47.0,2365,1663,"{'type': 'Point', 'coordinates': [-81.1932812, 35.2759211]}",37071031902,RISKBEH,LPA,CrdPrv,Physical Inactivity
2023,NC,North Carolina,Forsyth,37067,37067004009,BRFSS,Health Risk Behaviors,No leisure-time physical activity among adults,%,Crude prevalence,17.7,14.2,21.6,4456,3411,"{'type': 'Point', 'coordinates': [-80.4435537, 36.1104938]}",37067004009,RISKBEH,LPA,CrdPrv,Physical Inactivity
2023,NC,North Carolina,Guilford,37081,37081012705,BRFSS,Health Risk Behaviors,No leisure-time physical activity among adults,%,Crude prevalence,41.3,35.6,47.2,4168,3024,"{'type': 'Point', 'coordinates': [-79.7471017, 36.1023725]}",37081012705,RISKBEH,LPA,CrdPrv,Physical Inactivity
2023,NC,North Carolina,Gaston,37071,37071030601,BRFSS,Health Risk Behaviors,No leisure-time physical activity among adults,%,Crude prevalence,23.9,19.6,28.4,2737,2193,"{'type': 'Point', 'coordinates': [-81.3635772, 35.4016587]}",37071030601,RISKBEH,LPA,CrdPrv,Physical Inactivity
2023,NC,North Carolina,Guilford,37081,37081016102,BRFSS,Health Risk Behaviors,No leisure-time physical activity among adults,%,Crude prevalence,25.5,21.6,29.8,3788,3000,"{'type': 'Point', 'coordinates': [-79.8995787, 36.0827471]}",37081016102,RISKBEH,LPA,CrdPrv,Physical Inactivity
2023,NC,North Carolina,Gaston,37071,37071030802,BRFSS,Health Risk Behaviors,No leisure-time physical activity among adults,%,Crude prevalence,33.5,28.3,38.5,4270,3354,"{'type': 'Point', 'coordinates': [-81.2631195, 35.3025963]}",37071030802,RISKBEH,LPA,CrdPrv,Physical Inactivity
2023,NC,North Carolina,Guilford,37081,37081014408,BRFSS,Health Risk Behaviors,No leisure-time physical activity among adults,%,Crude prevalence,36.1,31.0,41.7,2427,1657,"{'type': 'Point', 'coordinates': [-80.0423234, 35.9338427]}",37081014408,RISKBEH,LPA,CrdPrv,Physical Inactivity
2023,NC,North Carolina,Gaston,37071,37071033310,BRFSS,Health Risk Behaviors,No leisure-time physical activity among adults,%,Crude prevalence,27.8,22.7,33.0,1940,1518,"{'type': 'Point', 'coordinates': [-81.1870959, 35.1905174]}",37071033310,RISKBEH,LPA,CrdPrv,Physical Inactivity
2023,NC,North Carolina,Forsyth,37067,37067004014,BRFSS,Health Risk Behaviors,No leisure-time physical activity among adults,%,Crude prevalence,22.8,18.7,27.2,3431,2758,"{'type': 'Point', 'coordinates': [-80.3728071, 36.0256219]}",37067004014,RISKBEH,LPA,CrdPrv,Physical Inactivity
2023,NC,North Carolina,Franklin,37069,37069060401,BRFSS,Health Risk Behaviors,No leisure-time physical activity among adults,%,Crude prevalence,22.8,18.9,27.6,2678,2077,"{'type': 'Point', 'coordinates': [-78.4877746, 36.1354328]}",37069060401,RISKBEH,LPA,CrdPrv,Physical Inactivity
2023,NC,North Carolina,Gaston,37071,37071032506,BRFSS,Health Risk Behaviors,No leisure-time physical activity among adults,%,Crude prevalence,24.0,19.8,28.2,3814,2961,"{'type': 'Point', 'coordinates': [-81.1233477, 35.2305912]}",37071032506,RISKBEH,LPA,CrdPrv,Physical Inactivity
2023,NC,North Carolina,Haywood,37087,37087920701,BRFSS,Health Risk Behaviors,No leisure-time physical activity among adults,%,Crude prevalence,24.7,20.1,29.7,2358,2079,"{'type': 'Point', 'coordinates': [-83.1162285, 35.5110466]}",37087920701,RISKBEH,LPA,CrdPrv,Physical Inactivity
2023,NC,North Carolina,Hertford,37091,37091950401,BRFSS,Health Risk Behaviors,No leisure-time physical activity among adults,%,Crude prevalence,34.8,29.2,40.6,3362,2647,"{'type': 'Point', 'coordinates': [-77.0085834, 36.270387]}",37091950401,RISKBEH,LPA,CrdPrv,Physical Inactivity
2023,NC,North Carolina,Gaston,37071,37071031005,BRFSS,Health Risk Behaviors,No leisure-time physical activity among adults,%,Crude prevalence,24.3,19.9,28.9,2688,2137,"{'type': 'Point', 'coordinates': [-81.0541457, 35.3033497]}",37071031005,RISKBEH,LPA,CrdPrv,Physical Inactivity
2023,NC,North Carolina,Granville,37077,37077970102,BRFSS,Health Risk Behaviors,No leisure-time physical activity among adults,%,Crude prevalence,30.8,25.4,36.7,3131,2584,"{'type': 'Point', 'coordinates': [-78.7207474, 36.3853247]}",37077970102,RISKBEH,LPA,CrdPrv,Physical Inactivity
2023,NC,North Carolina,Henderson,37089,37089931902,BRFSS,Health Risk Behaviors,No leisure-time physical activity among adults,%,Crude prevalence,20.1,16.2,24.8,3082,2538,"{'type': 'Point', 'coordinates': [-82.5437141, 35.2561105]}",37089931902,RISKBEH,LPA,CrdPrv,Physical Inactivity
2023,NC,North Carolina,Haywood,37087,37087920201,BRFSS,Health Risk Behaviors,No leisure-time physical activity among adults,%,Crude prevalence,21.4,17.2,26.1,1318,1055,"{'type': 'Point', 'coordinates': [-82.8675423, 35.5646566]}",37087920201,RISKBEH,LPA,CrdPrv,Physical Inactivity
2023,NC,North Carolina,Forsyth,37067,37067003806,BRFSS,Health Risk Behaviors,No leisure-time physical activity among adults,%,Crude prevalence,26.9,22.2,31.8,3158,2467,"{'type': 'Point', 'coordinates': [-80.3451379, 36.0433639]}",37067003806,RISKBEH,LPA,CrdPrv,Physical Inactivity
2023,NC,North Carolina,Guilford,37081,37081012511,BRFSS,Health Risk Behaviors,No leisure-time physical activity among adults,%,Crude prevalence,14.7,11.6,18.3,5059,4013,"{'type': 'Point', 'coordinates': [-79.8565073, 36.0981757]}",37081012511,RISKBEH,LPA,CrdPrv,Physical Inactivity
2023,NC,North Carolina,Granville,37077,37077970400,BRFSS,Health Risk Behaviors,No leisure-time physical activity among adults,%,Crude prevalence,29.7,24.5,35.4,4059,3138,"{'type': 'Point', 'coordinates': [-78.5829685, 36.3016418]}",37077970400,RISKBEH,LPA,CrdPrv,Physical Inactivity
2023,NC,North Carolina,Guilford,37081,37081012617,BRFSS,Health Risk Behaviors,No leisure-time physical activity among adults,%,Crude prevalence,30.3,25.7,35.4,3475,2460,"{'type': 'Point', 'coordinates': [-79.8685975, 36.0413646]}",37081012617,RISKBEH,LPA,CrdPrv,Physical Inactivity
2023,NC,North Carolina,Harnett,37085,37085070802,BRFSS,Health Risk Behaviors,No leisure-time physical activity among adults,%,Crude prevalence,22.9,18.8,27.5,5289,4631,"{'type': 'Point', 'coordinates': [-78.7508208, 35.4052543]}",37085070802,RISKBEH,LPA,CrdPrv,Physical Inactivity
2023,NC,North Carolina,Henderson,37089,37089931402,BRFSS,Health Risk Behaviors,No leisure-time physical activity among adults,%,Crude prevalence,27.4,22.8,32.1,2323,1834,"{'type': 'Point', 'coordinates': [-82.4275056, 35.2846216]}",37089931402,RISKBEH,LPA,CrdPrv,Physical Inactivity
2023,NC,North Carolina,Forsyth,37067,37067003308,BRFSS,Health Risk Behaviors,No leisure-time physical activity among adults,%,Crude prevalence,22.1,18.5,26.1,8301,6396,"{'type': 'Point', 'coordinates': [-80.125362, 36.0934558]}",37067003308,RISKBEH,LPA,CrdPrv,Physical Inactivity
2023,NC,North Carolina,Gaston,37071,37071031600,BRFSS,Health Risk Behaviors,No leisure-time physical activity among adults,%,Crude prevalence,28.8,24.1,33.6,3591,2791,"{'type': 'Point', 'coordinates': [-81.2849294, 35.2681382]}",37071031600,RISKBEH,LPA,CrdPrv,Physical Inactivity
2023,NC,North Carolina,Haywood,37087,37087920102,BRFSS,Health Risk Behaviors,No leisure-time physical activity among adults,%,Crude prevalence,21.2,16.9,25.6,3997,3287,"{'type': 'Point', 'coordinates': [-82.9582344, 35.6767014]}",37087920102,RISKBEH,LPA,CrdPrv,Physical Inactivity
2023,NC,North Carolina,Guilford,37081,37081016201,BRFSS,Health Risk Behaviors,No leisure-time physical activity among adults,%,Crude prevalence,15.7,12.9,18.8,6753,4995,"{'type': 'Point', 'coordinates': [-79.9938054, 36.1294248]}",37081016201,RISKBEH,LPA,CrdPrv,Physical Inactivity
2023,NC,North Carolina,Granville,37077,37077970101,BRFSS,Health Risk Behaviors,No leisure-time physical activity among adults,%,Crude prevalence,27.7,22.9,32.6,4918,3955,"{'type': 'Point', 'coordinates': [-78.6229596, 36.4765759]}",37077970101,RISKBEH,LPA,CrdPrv,Physical Inactivity
2023,NC,North Carolina,Halifax,37083,37083930300,BRFSS,Health Risk Behaviors,No leisure-time physical activity among adults,%,Crude prevalence,26.0,21.5,31.3,4541,3404,"{'type': 'Point', 'coordinates': [-77.6622825, 36.4671938]}",37083930300,RISKBEH,LPA,CrdPrv,Physical Inactivity
2023,NC,North Carolina,Forsyth,37067,37067004010,BRFSS,Health Risk Behaviors,No leisure-time physical activity among adults,%,Crude prevalence,15.8,12.7,18.9,5145,3735,"{'type': 'Point', 'coordinates': [-80.3802057, 36.1072634]}",37067004010,RISKBEH,LPA,CrdPrv,Physical Inactivity
2023,NC,North Carolina,Gaston,37071,37071030404,BRFSS,Health Risk Behaviors,No leisure-time physical activity among adults,%,Crude prevalence,25.1,20.6,29.6,2732,2148,"{'type': 'Point', 'coordinates': [-81.2130128, 35.3151601]}",37071030404,RISKBEH,LPA,CrdPrv,Physical Inactivity
2023,NC,North Carolina,Forsyth,37067,37067003108,BRFSS,Health Risk Behaviors,No leisure-time physical activity among adults,%,Crude prevalence,31.4,26.5,36.6,3569,2715,"{'type': 'Point', 'coordinates': [-80.0523115, 36.1504043]}",37067003108,RISKBEH,LPA,CrdPrv,Physical Inactivity
2023,NC,North Carolina,Guilford,37081,37081017102,BRFSS,Health Risk Behaviors,No leisure-time physical activity among adults,%,Crude prevalence,20.2,16.4,24.3,2366,1927,"{'type': 'Point', 'coordinates': [-79.739965, 36.0063136]}",37081017102,RISKBEH,LPA,CrdPrv,Physical Inactivity
2023,NC,North Carolina,Forsyth,37067,37067004012,BRFSS,Health Risk Behaviors,No leisure-time physical activity among adults,%,Crude prevalence,21.2,17.2,25.4,6008,4647,"{'type': 'Point', 'coordinates': [-80.38339, 36.0580225]}",37067004012,RISKBEH,LPA,CrdPrv,Physical Inactivity
2023,NC,North Carolina,Franklin,37069,37069060602,BRFSS,Health Risk Behaviors,No leisure-time physical activity among adults,%,Crude prevalence,21.7,17.9,26.1,6640,5007,"{'type': 'Point', 'coordinates': [-78.3313554, 36.0032553]}",37069060602,RISKBEH,LPA,CrdPrv,Physical Inactivity
2023,NC,North Carolina,Guilford,37081,37081014300,BRFSS,Health Risk Behaviors,No leisure-time physical activity among adults,%,Crude prevalence,37.7,32.6,42.9,2943,2080,"{'type': 'Point', 'coordinates': [-80.0105656, 35.9411049]}",37081014300,RISKBEH,LPA,CrdPrv,Physical Inactivity
2023,NC,North Carolina,Henderson,37089,37089931801,BRFSS,Health Risk Behaviors,No leisure-time physical activity among adults,%,Crude prevalence,19.5,15.8,23.8,3319,2903,"{'type': 'Point', 'coordinates': [-82.5096253, 35.350939]}",37089931801,RISKBEH,LPA,CrdPrv,Physical Inactivity
2023,NC,North Carolina,Hoke,37093,37093970202,BRFSS,Health Risk Behaviors,No leisure-time physical activity among adults,%,Crude prevalence,35.1,29.9,40.6,3991,2929,"{'type': 'Point', 'coordinates': [-79.303226, 34.9282511]}",37093970202,RISKBEH,LPA,CrdPrv,Physical Inactivity
2023,NC,North Carolina,Guilford,37081,37081012610,BRFSS,Health Risk Behaviors,No leisure-time physical activity among adults,%,Crude prevalence,30.7,26.2,35.6,3219,2497,"{'type': 'Point', 'coordinates': [-79.8324917, 36.0333762]}",37081012610,RISKBEH,LPA,CrdPrv,Physical Inactivity
2023,NC,North Carolina,Guilford,37081,37081015902,BRFSS,Health Risk Behaviors,No leisure-time physical activity among adults,%,Crude prevalence,16.3,13.3,19.6,4615,3433,"{'type': 'Point', 'coordinates': [-80.0030013, 36.1852245]}",37081015902,RISKBEH,LPA,CrdPrv,Physical Inactivity
2023,NC,North Carolina,Greene,37079,37079950302,BRFSS,Health Risk Behaviors,No leisure-time physical activity among adults,%,Crude prevalence,36.4,30.7,42.7,2729,2152,"{'type': 'Point', 'coordinates': [-77.7064154, 35.443765]}",37079950302,RISKBEH,LPA,CrdPrv,Physical Inactivity
2023,NC,North Carolina,Granville,37077,37077970601,BRFSS,Health Risk Behaviors,No leisure-time physical activity among adults,%,Crude prevalence,19.9,16.2,24.1,6305,4873,"{'type': 'Point', 'coordinates': [-78.6048685, 36.1618372]}",37077970601,RISKBEH,LPA,CrdPrv,Physical Inactivity
2023,NC,North Carolina,Harnett,37085,37085071202,BRFSS,Health Risk Behaviors,No leisure-time physical activity among adults,%,Crude prevalence,26.9,22.1,32.0,4551,3120,"{'type': 'Point', 'coordinates': [-78.9493467, 35.2432524]}",37085071202,RISKBEH,LPA,CrdPrv,Physical Inactivity
2023,NC,North Carolina,Forsyth,37067,37067003906,BRFSS,Health Risk Behaviors,No leisure-time physical activity among adults,%,Crude prevalence,14.9,11.9,18.6,3657,2771,"{'type': 'Point', 'coordinates': [-80.322602, 36.1013163]}",37067003906,RISKBEH,LPA,CrdPrv,Physical Inactivity
2023,NC,North Carolina,Haywood,37087,37087920202,BRFSS,Health Risk Behaviors,No leisure-time physical activity among adults,%,Crude prevalence,20.8,16.7,25.1,5239,4257,"{'type': 'Point', 'coordinates': [-82.8146429, 35.5746611]}",37087920202,RISKBEH,LPA,CrdPrv,Physical Inactivity
2023,NC,North Carolina,Guilford,37081,37081012508,BRFSS,Health Risk Behaviors,No leisure-time physical activity among adults,%,Crude prevalence,18.7,15.0,22.9,3411,2783,"{'type': 'Point', 'coordinates': [-79.8269283, 36.1024266]}",37081012508,RISKBEH,LPA,CrdPrv,Physical Inactivity
2023,NC,North Carolina,Forsyth,37067,37067003703,BRFSS,Health Risk Behaviors,No leisure-time physical activity among adults,%,Crude prevalence,19.8,16.3,23.7,8478,6439,"{'type': 'Point', 'coordinates': [-80.2816743, 36.0117087]}",37067003703,RISKBEH,LPA,CrdPrv,Physical Inactivity
2023,NC,North Carolina,Harnett,37085,37085070401,BRFSS,Health Risk Behaviors,No leisure-time physical activity among adults,%,Crude prevalence,25.2,21.0,29.7,4133,3128,"{'type': 'Point', 'coordinates': [-78.6942919, 35.3841878]}",37085070401,RISKBEH,LPA,CrdPrv,Physical Inactivity
2023,NC,North Carolina,Forsyth,37067,37067004005,BRFSS,Health Risk Behaviors,No leisure-time physical activity among adults,%,Crude prevalence,18.1,14.6,22.4,4870,3935,"{'type': 'Point', 'coordinates': [-80.4023669, 36.0069988]}",37067004005,RISKBEH,LPA,CrdPrv,Physical Inactivity
2023,NC,North Carolina,Henderson,37089,37089931200,BRFSS,Health Risk Behaviors,No leisure-time physical activity among adults,%,Crude prevalence,27.5,22.7,32.7,2291,1846,"{'type': 'Point', 'coordinates': [-82.4659348, 35.3154556]}",37089931200,RISKBEH,LPA,CrdPrv,Physical Inactivity
2023,NC,North Carolina,Gaston,37071,37071030302,BRFSS,Health Risk Behaviors,No leisure-time physical activity among adults,%,Crude prevalence,26.6,21.7,31.7,2587,2036,"{'type': 'Point', 'coordinates': [-81.149462, 35.3325638]}",37071030302,RISKBEH,LPA,CrdPrv,Physical Inactivity
2023,NC,North Carolina,Guilford,37081,37081014501,BRFSS,Health Risk Behaviors,No leisure-time physical activity among adults,%,Crude prevalence,42.4,36.9,47.9,1225,927,"{'type': 'Point', 'coordinates': [-80.0020003, 35.9297773]}",37081014501,RISKBEH,LPA,CrdPrv,Physical Inactivity
2023,NC,North Carolina,Guilford,37081,37081017200,BRFSS,Health Risk Behaviors,No leisure-time physical activity among adults,%,Crude prevalence,22.0,18.6,25.8,9369,7167,"{'type': 'Point', 'coordinates': [-79.6124744, 36.0327205]}",37081017200,RISKBEH,LPA,CrdPrv,Physical Inactivity
2023,NC,North Carolina,Gaston,37071,37071031102,BRFSS,Health Risk Behaviors,No leisure-time physical activity among adults,%,Crude prevalence,27.1,22.6,31.6,2207,1706,"{'type': 'Point', 'coordinates': [-81.0159429, 35.2904844]}",37071031102,RISKBEH,LPA,CrdPrv,Physical Inactivity
2023,NC,North Carolina,Guilford,37081,37081011000,BRFSS,Health Risk Behaviors,No leisure-time physical activity among adults,%,Crude prevalence,30.3,24.4,36.7,5224,4907,"{'type': 'Point', 'coordinates': [-79.7691959, 36.07788]}",37081011000,RISKBEH,LPA,CrdPrv,Physical Inactivity
2023,NC,North Carolina,Gaston,37071,37071031703,BRFSS,Health Risk Behaviors,No leisure-time physical activity among adults,%,Crude prevalence,28.4,23.7,33.1,2990,2349,"{'type': 'Point', 'coordinates': [-81.2536358, 35.2392151]}",37071031703,RISKBEH,LPA,CrdPrv,Physical Inactivity
2023,NC,North Carolina,Forsyth,37067,37067004104,BRFSS,Health Risk Behaviors,No leisure-time physical activity among adults,%,Crude prevalence,18.9,15.4,22.7,4607,3475,"{'type': 'Point', 'coordinates': [-80.3813276, 36.1685797]}",37067004104,RISKBEH,LPA,CrdPrv,Physical Inactivity
2023,NC,North Carolina,Forsyth,37067,37067003315,BRFSS,Health Risk Behaviors,No leisure-time physical activity among adults,%,Crude prevalence,25.9,21.6,30.8,3729,3065,"{'type': 'Point', 'coordinates': [-80.066387, 36.0966244]}",37067003315,RISKBEH,LPA,CrdPrv,Physical Inactivity
2023,NC,North Carolina,Harnett,37085,37085071302,BRFSS,Health Risk Behaviors,No leisure-time physical activity among adults,%,Crude prevalence,23.1,19.4,27.4,7127,4750,"{'type': 'Point', 'coordinates': [-79.0601902, 35.3033559]}",37085071302,RISKBEH,LPA,CrdPrv,Physical Inactivity
2023,NC,North Carolina,Guilford,37081,37081014412,BRFSS,Health Risk Behaviors,No leisure-time physical activity among adults,%,Crude prevalence,27.4,22.5,32.5,2823,2319,"{'type': 'Point', 'coordinates': [-79.9714595, 35.9948446]}",37081014412,RISKBEH,LPA,CrdPrv,Physical Inactivity
2023,NC,North Carolina,Guilford,37081,37081012620,BRFSS,Health Risk Behaviors,No leisure-time physical activity among adults,%,Crude prevalence,33.0,28.3,38.4,3806,2954,"{'type': 'Point', 'coordinates': [-79.8484253, 36.0314872]}",37081012620,RISKBEH,LPA,CrdPrv,Physical Inactivity
2023,NC,North Carolina,Forsyth,37067,37067004013,BRFSS,Health Risk Behaviors,No leisure-time physical activity among adults,%,Crude prevalence,20.6,16.9,24.8,4104,3155,"{'type': 'Point', 'coordinates': [-80.3979649, 36.0355127]}",37067004013,RISKBEH,LPA,CrdPrv,Physical Inactivity
2023,NC,North Carolina,Henderson,37089,37089931500,BRFSS,Health Risk Behaviors,No leisure-time physical activity among adults,%,Crude prevalence,18.7,15.1,22.8,3982,3598,"{'type': 'Point', 'coordinates': [-82.4612728, 35.2521299]}",37089931500,RISKBEH,LPA,CrdPrv,Physical Inactivity
2023,NC,North Carolina,Granville,37077,37077970704,BRFSS,Health Risk Behaviors,No leisure-time physical activity among adults,%,Crude prevalence,28.2,22.9,33.8,2032,2023,"{'type': 'Point', 'coordinates': [-78.7934856, 36.1547908]}",37077970704,RISKBEH,LPA,CrdPrv,Physical Inactivity
2023,NC,North Carolina,Guilford,37081,37081016010,BRFSS,Health Risk Behaviors,No leisure-time physical activity among adults,%,Crude prevalence,19.4,15.6,23.9,2698,2361,"{'type': 'Point', 'coordinates': [-79.8990006, 36.1080983]}",37081016010,RISKBEH,LPA,CrdPrv,Physical Inactivity
2023,NC,North Carolina,Gaston,37071,37071032900,BRFSS,Health Risk Behaviors,No leisure-time physical activity among adults,%,Crude prevalence,28.6,23.9,33.6,3759,2926,"{'type': 'Point', 'coordinates': [-81.19709, 35.252896]}",37071032900,RISKBEH,LPA,CrdPrv,Physical Inactivity
2023,NC,North Carolina,Guilford,37081,37081016410,BRFSS,Health Risk Behaviors,No leisure-time physical activity among adults,%,Crude prevalence,21.8,18.3,25.7,5450,4171,"{'type': 'Point', 'coordinates': [-79.938687, 35.9749053]}",37081016410,RISKBEH,LPA,CrdPrv,Physical Inactivity
2023,NC,North Carolina,Guilford,37081,37081013601,BRFSS,Health Risk Behaviors,No leisure-time physical activity among adults,%,Crude prevalence,16.9,13.6,21.2,4668,4467,"{'type': 'Point', 'coordinates': [-79.9934269, 35.9749396]}",37081013601,RISKBEH,LPA,CrdPrv,Physical Inactivity
2023,NC,North Carolina,Guilford,37081,37081016406,BRFSS,Health Risk Behaviors,No leisure-time physical activity among adults,%,Crude prevalence,16.8,13.8,20.2,4228,3552,"{'type': 'Point', 'coordinates': [-79.9501594, 36.049501]}",37081016406,RISKBEH,LPA,CrdPrv,Physical Inactivity
2023,NC,North Carolina,Harnett,37085,37085071101,BRFSS,Health Risk Behaviors,No leisure-time physical activity among adults,%,Crude prevalence,24.9,20.9,29.4,3366,2520,"{'type': 'Point', 'coordinates': [-78.9456639, 35.4586669]}",37085071101,RISKBEH,LPA,CrdPrv,Physical Inactivity
2023,NC,North Carolina,Guilford,37081,37081016303,BRFSS,Health Risk Behaviors,No leisure-time physical activity among adults,%,Crude prevalence,21.7,17.5,26.5,3380,2797,"{'type': 'Point', 'coordinates': [-80.0259832, 36.0222544]}",37081016303,RISKBEH,LPA,CrdPrv,Physical Inactivity
2023,NC,North Carolina,Guilford,37081,37081010701,BRFSS,Health Risk Behaviors,No leisure-time physical activity among adults,%,Crude prevalence,15.9,12.9,19.1,2036,1801,"{'type': 'Point', 'coordinates': [-79.8041505, 36.0772082]}",37081010701,RISKBEH,LPA,CrdPrv,Physical Inactivity
2023,NC,North Carolina,Forsyth,37067,37067003805,BRFSS,Health Risk Behaviors,No leisure-time physical activity among adults,%,Crude prevalence,27.5,23.0,32.4,6598,5244,"{'type': 'Point', 'coordinates': [-80.325224, 36.0643272]}",37067003805,RISKBEH,LPA,CrdPrv,Physical Inactivity
2023,NC,North Carolina,Granville,37077,37077970607,BRFSS,Health Risk Behaviors,No leisure-time physical activity among adults,%,Crude prevalence,23.5,19.2,28.2,4945,3723,"{'type': 'Point', 'coordinates': [-78.7210803, 36.1007064]}",37077970607,RISKBEH,LPA,CrdPrv,Physical Inactivity
2023,NC,North Carolina,Guilford,37081,37081015202,BRFSS,Health Risk Behaviors,No leisure-time physical activity among adults,%,Crude prevalence,18.0,15.0,21.5,6477,4732,"{'type': 'Point', 'coordinates': [-79.5723452, 36.0791797]}",37081015202,RISKBEH,LPA,CrdPrv,Physical Inactivity
2023,NC,North Carolina,Harnett,37085,37085070904,BRFSS,Health Risk Behaviors,No leisure-time physical activity among adults,%,Crude prevalence,24.5,20.3,29.0,3937,2970,"{'type': 'Point', 'coordinates': [-78.7730372, 35.4942599]}",37085070904,RISKBEH,LPA,CrdPrv,Physical Inactivity
2023,NC,North Carolina,Harnett,37085,37085071203,BRFSS,Health Risk Behaviors,No leisure-time physical activity among adults,%,Crude prevalence,26.9,22.5,31.9,2692,1789,"{'type': 'Point', 'coordinates': [-78.9722256, 35.2317358]}",37085071203,RISKBEH,LPA,CrdPrv,Physical Inactivity
2023,NC,North Carolina,Guilford,37081,37081012704,BRFSS,Health Risk Behaviors,No leisure-time physical activity among adults,%,Crude prevalence,38.8,33.6,44.1,3654,2736,"{'type': 'Point', 'coordinates': [-79.7666195, 36.1189867]}",37081012704,RISKBEH,LPA,CrdPrv,Physical Inactivity
2023,NC,North Carolina,Gaston,37071,37071033501,BRFSS,Health Risk Behaviors,No leisure-time physical activity among adults,%,Crude prevalence,26.3,21.9,30.8,2495,1985,"{'type': 'Point', 'coordinates': [-81.1246404, 35.349078]}",37071033501,RISKBEH,LPA,CrdPrv,Physical Inactivity
2023,NC,North Carolina,Guilford,37081,37081016408,BRFSS,Health Risk Behaviors,No leisure-time physical activity among adults,%,Crude prevalence,15.6,12.6,18.8,1972,1600,"{'type': 'Point', 'coordinates': [-79.9324417, 36.0224838]}",37081016408,RISKBEH,LPA,CrdPrv,Physical Inactivity
2023,NC,North Carolina,Forsyth,37067,37067003402,BRFSS,Health Risk Behaviors,No leisure-time physical activity among adults,%,Crude prevalence,27.5,23.2,32.1,2396,1889,"{'type': 'Point', 'coordinates': [-80.1437212, 36.0388638]}",37067003402,RISKBEH,LPA,CrdPrv,Physical Inactivity
2023,NC,North Carolina,Guilford,37081,37081012509,BRFSS,Health Risk Behaviors,No leisure-time physical activity among adults,%,Crude prevalence,15.0,12.1,18.3,2325,1854,"{'type': 'Point', 'coordinates': [-79.8383895, 36.0971345]}",37081012509,RISKBEH,LPA,CrdPrv,Physical Inactivity
2023,NC,North Carolina,Gaston,37071,37071030206,BRFSS,Health Risk Behaviors,No leisure-time physical activity among adults,%,Crude prevalence,18.8,15.0,22.8,2380,1688,"{'type': 'Point', 'coordinates': [-81.0329737, 35.352732]}",37071030206,RISKBEH,LPA,CrdPrv,Physical Inactivity
2023,NC,North Carolina,Guilford,37081,37081012504,BRFSS,Health Risk Behaviors,No leisure-time physical activity among adults,%,Crude prevalence,26.1,21.9,30.5,3645,2583,"{'type': 'Point', 'coordinates': [-79.8595757, 36.0744839]}",37081012504,RISKBEH,LPA,CrdPrv,Physical Inactivity
2023,NC,North Carolina,Forsyth,37067,37067003310,BRFSS,Health Risk Behaviors,No leisure-time physical activity among adults,%,Crude prevalence,24.6,20.5,29.1,4258,3049,"{'type': 'Point', 'coordinates': [-80.1529227, 36.0741018]}",37067003310,RISKBEH,LPA,CrdPrv,Physical Inactivity
2023,NC,North Carolina,Gaston,37071,37071032509,BRFSS,Health Risk Behaviors,No leisure-time physical activity among adults,%,Crude prevalence,18.0,14.4,21.8,2043,1469,"{'type': 'Point', 'coordinates': [-81.0906692, 35.2087744]}",37071032509,RISKBEH,LPA,CrdPrv,Physical Inactivity
2023,NC,North Carolina,Halifax,37083,37083930501,BRFSS,Health Risk Behaviors,No leisure-time physical activity among adults,%,Crude prevalence,36.7,32.1,42.5,3813,2854,"{'type': 'Point', 'coordinates': [-77.6822176, 36.4475685]}",37083930501,RISKBEH,LPA,CrdPrv,Physical Inactivity
2023,NC,North Carolina,Forsyth,37067,37067003002,BRFSS,Health Risk Behaviors,No leisure-time physical activity among adults,%,Crude prevalence,25.9,21.8,30.2,4235,3292,"{'type': 'Point', 'coordinates': [-80.1744504, 36.1515087]}",37067003002,RISKBEH,LPA,CrdPrv,Physical Inactivity
2023,NC,North Carolina,Gaston,37071,37071033502,BRFSS,Health Risk Behaviors,No leisure-time physical activity among adults,%,Crude prevalence,20.4,16.8,24.5,2674,2089,"{'type': 'Point', 'coordinates': [-81.0954438, 35.3329807]}",37071033502,RISKBEH,LPA,CrdPrv,Physical Inactivity
2023,NC,North Carolina,Guilford,37081,37081014000,BRFSS,Health Risk Behaviors,No leisure-time physical activity among adults,%,Crude prevalence,40.0,34.5,45.7,3197,2459,"{'type': 'Point', 'coordinates': [-80.0243309, 35.9486397]}",37081014000,RISKBEH,LPA,CrdPrv,Physical Inactivity
2023,NC,North Carolina,Forsyth,37067,37067003106,BRFSS,Health Risk Behaviors,No leisure-time physical activity among adults,%,Crude prevalence,25.0,20.6,29.5,3152,2595,"{'type': 'Point', 'coordinates': [-80.1037472, 36.2326834]}",37067003106,RISKBEH,LPA,CrdPrv,Physical Inactivity
2023,NC,North Carolina,Forsyth,37067,37067003803,BRFSS,Health Risk Behaviors,No leisure-time physical activity among adults,%,Crude prevalence,22.7,18.9,27.0,4942,3969,"{'type': 'Point', 'coordinates': [-80.3174689, 36.0179795]}",37067003803,RISKBEH,LPA,CrdPrv,Physical Inactivity
2023,NC,North Carolina,Haywood,37087,37087921302,BRFSS,Health Risk Behaviors,No leisure-time physical activity among adults,%,Crude prevalence,29.7,23.8,35.9,5308,4307,"{'type': 'Point', 'coordinates': [-82.827011, 35.4220846]}",37087921302,RISKBEH,LPA,CrdPrv,Physical Inactivity
2023,NC,North Carolina,Guilford,37081,37081016702,BRFSS,Health Risk Behaviors,No leisure-time physical activity among adults,%,Crude prevalence,27.5,23.3,31.9,3754,2981,"{'type': 'Point', 'coordinates': [-79.8496292, 35.9413974]}",37081016702,RISKBEH,LPA,CrdPrv,Physical Inactivity
2023,NC,North Carolina,Guilford,37081,37081014411,BRFSS,Health Risk Behaviors,No leisure-time physical activity among adults,%,Crude prevalence,25.2,21.3,29.4,5480,4480,"{'type': 'Point', 'coordinates': [-79.9898959, 35.9877921]}",37081014411,RISKBEH,LPA,CrdPrv,Physical Inactivity
2023,NC,North Carolina,Harnett,37085,37085071102,BRFSS,Health Risk Behaviors,No leisure-time physical activity among adults,%,Crude prevalence,27.4,23.1,32.2,5014,3774,"{'type': 'Point', 'coordinates': [-78.9460203, 35.3947366]}",37085071102,RISKBEH,LPA,CrdPrv,Physical Inactivity
2023,NC,North Carolina,Iredell,37097,37097060400,BRFSS,Health Risk Behaviors,No leisure-time physical activity among adults,%,Crude prevalence,32.8,27.9,38.3,4042,3070,"{'type': 'Point', 'coordinates': [-80.9222068, 35.7835005]}",37097060400,RISKBEH,LPA,CrdPrv,Physical Inactivity
2023,NC,North Carolina,Gaston,37071,37071033312,BRFSS,Health Risk Behaviors,No leisure-time physical activity among adults,%,Crude prevalence,17.5,14.1,21.3,3800,2785,"{'type': 'Point', 'coordinates': [-81.1359826, 35.1993748]}",37071033312,RISKBEH,LPA,CrdPrv,Physical Inactivity
2023,NC,North Carolina,Gaston,37071,37071031401,BRFSS,Health Risk Behaviors,No leisure-time physical activity among adults,%,Crude prevalence,27.1,22.1,31.9,2743,2033,"{'type': 'Point', 'coordinates': [-81.1663396, 35.2841697]}",37071031401,RISKBEH,LPA,CrdPrv,Physical Inactivity
2023,NC,North Carolina,Halifax,37083,37083930100,BRFSS,Health Risk Behaviors,No leisure-time physical activity among adults,%,Crude prevalence,41.8,36.9,48.1,2908,2253,"{'type': 'Point', 'coordinates': [-77.5791475, 36.3950615]}",37083930100,RISKBEH,LPA,CrdPrv,Physical Inactivity
2023,NC,North Carolina,Haywood,37087,37087920400,BRFSS,Health Risk Behaviors,No leisure-time physical activity among adults,%,Crude prevalence,23.9,19.6,28.9,1964,1529,"{'type': 'Point', 'coordinates': [-82.8622926, 35.5287032]}",37087920400,RISKBEH,LPA,CrdPrv,Physical Inactivity
2023,NC,North Carolina,Guilford,37081,37081011905,BRFSS,Health Risk Behaviors,No leisure-time physical activity among adults,%,Crude prevalence,32.0,27.1,37.3,4781,3435,"{'type': 'Point', 'coordinates': [-79.7548017, 36.1329176]}",37081011905,RISKBEH,LPA,CrdPrv,Physical Inactivity
2023,NC,North Carolina,Gaston,37071,37071033203,BRFSS,Health Risk Behaviors,No leisure-time physical activity among adults,%,Crude prevalence,30.4,25.3,35.3,2521,1894,"{'type': 'Point', 'coordinates': [-81.2062389, 35.2412072]}",37071033203,RISKBEH,LPA,CrdPrv,Physical Inactivity
2023,NC,North Carolina,Gaston,37071,37071031001,BRFSS,Health Risk Behaviors,No leisure-time physical activity among adults,%,Crude prevalence,32.7,27.3,37.9,2712,2123,"{'type': 'Point', 'coordinates': [-81.0840997, 35.2951447]}",37071031001,RISKBEH,LPA,CrdPrv,Physical Inactivity
2023,NC,North Carolina,Gaston,37071,37071030902,BRFSS,Health Risk Behaviors,No leisure-time physical activity among adults,%,Crude prevalence,29.1,24.5,33.9,5069,3550,"{'type': 'Point', 'coordinates': [-81.1592915, 35.3079782]}",37071030902,RISKBEH,LPA,CrdPrv,Physical Inactivity
2023,NC,North Carolina,Guilford,37081,37081010900,BRFSS,Health Risk Behaviors,No leisure-time physical activity among adults,%,Crude prevalence,22.9,18.7,27.4,2387,2188,"{'type': 'Point', 'coordinates': [-79.7815192, 36.0823022]}",37081010900,RISKBEH,LPA,CrdPrv,Physical Inactivity
2023,NC,North Carolina,Harnett,37085,37085070600,BRFSS,Health Risk Behaviors,No leisure-time physical activity among adults,%,Crude prevalence,27.3,23.3,31.9,4497,3463,"{'type': 'Point', 'coordinates': [-78.7851793, 35.2977993]}",37085070600,RISKBEH,LPA,CrdPrv,Physical Inactivity
2023,NC,North Carolina,Forsyth,37067,37067003600,BRFSS,Health Risk Behaviors,No leisure-time physical activity among adults,%,Crude prevalence,26.4,22.3,31.1,7037,5185,"{'type': 'Point', 'coordinates': [-80.2425765, 36.0191245]}",37067003600,RISKBEH,LPA,CrdPrv,Physical Inactivity
2023,NC,North Carolina,Guilford,37081,37081012607,BRFSS,Health Risk Behaviors,No leisure-time physical activity among adults,%,Crude prevalence,27.8,23.2,32.7,2698,2115,"{'type': 'Point', 'coordinates': [-79.883235, 36.0434419]}",37081012607,RISKBEH,LPA,CrdPrv,Physical Inactivity
2023,NC,North Carolina,Gates,37073,37073970100,BRFSS,Health Risk Behaviors,No leisure-time physical activity among adults,%,Crude prevalence,31.6,26.6,37.2,4117,3359,"{'type': 'Point', 'coordinates': [-76.6002026, 36.4300832]}",37073970100,RISKBEH,LPA,CrdPrv,Physical Inactivity
2023,NC,North Carolina,Granville,37077,37077970702,BRFSS,Health Risk Behaviors,No leisure-time physical activity among adults,%,Crude prevalence,40.5,34.6,47.0,2462,1881,"{'type': 'Point', 'coordinates': [-78.746937, 36.1419414]}",37077970702,RISKBEH,LPA,CrdPrv,Physical Inactivity
2023,NC,North Carolina,Forsyth,37067,37067003105,BRFSS,Health Risk Behaviors,No leisure-time physical activity among adults,%,Crude prevalence,24.9,21.1,29.3,3914,3100,"{'type': 'Point', 'coordinates': [-80.143791, 36.1887253]}",37067003105,RISKBEH,LPA,CrdPrv,Physical Inactivity
2023,NC,North Carolina,Graham,37075,37075920100,BRFSS,Health Risk Behaviors,No leisure-time physical activity among adults,%,Crude prevalence,26.1,21.5,31.4,2019,1680,"{'type': 'Point', 'coordinates': [-83.794181, 35.3959955]}",37075920100,RISKBEH,LPA,CrdPrv,Physical Inactivity
2023,NC,North Carolina,Forsyth,37067,37067003202,BRFSS,Health Risk Behaviors,No leisure-time physical activity among adults,%,Crude prevalence,28.5,23.8,33.5,4244,3293,"{'type': 'Point', 'coordinates': [-80.0574823, 36.1225268]}",37067003202,RISKBEH,LPA,CrdPrv,Physical Inactivity
2023,NC,North Carolina,Halifax,37083,37083931000,BRFSS,Health Risk Behaviors,No leisure-time physical activity among adults,%,Crude prevalence,35.7,30.4,42.6,3059,2761,"{'type': 'Point', 'coordinates': [-77.5165168, 36.2733034]}",37083931000,RISKBEH,LPA,CrdPrv,Physical Inactivity
2023,NC,North Carolina,Gaston,37071,37071031101,BRFSS,Health Risk Behaviors,No leisure-time physical activity among adults,%,Crude prevalence,24.2,20.0,29.0,2808,2204,"{'type': 'Point', 'coordinates': [-81.0343985, 35.3211129]}",37071031101,RISKBEH,LPA,CrdPrv,Physical Inactivity
2023,NC,North Carolina,Guilford,37081,37081010601,BRFSS,Health Risk Behaviors,No leisure-time physical activity among adults,%,Crude prevalence,16.4,13.1,20.2,2857,2475,"{'type': 'Point', 'coordinates': [-79.8389812, 36.067725]}",37081010601,RISKBEH,LPA,CrdPrv,Physical Inactivity
2023,NC,North Carolina,Gaston,37071,37071030700,BRFSS,Health Risk Behaviors,No leisure-time physical activity among adults,%,Crude prevalence,24.2,19.9,29.0,3215,2568,"{'type': 'Point', 'coordinates': [-81.3767593, 35.3621629]}",37071030700,RISKBEH,LPA,CrdPrv,Physical Inactivity
2023,NC,North Carolina,Gaston,37071,37071032301,BRFSS,Health Risk Behaviors,No leisure-time physical activity among adults,%,Crude prevalence,19.7,16.2,23.3,3309,2701,"{'type': 'Point', 'coordinates': [-81.0602906, 35.2517527]}",37071032301,RISKBEH,LPA,CrdPrv,Physical Inactivity
2023,NC,North Carolina,Haywood,37087,37087920900,BRFSS,Health Risk Behaviors,No leisure-time physical activity among adults,%,Crude prevalence,25.9,20.6,31.8,1819,1554,"{'type': 'Point', 'coordinates': [-82.9957015, 35.4931326]}",37087920900,RISKBEH,LPA,CrdPrv,Physical Inactivity
2023,NC,North Carolina,Franklin,37069,37069060501,BRFSS,Health Risk Behaviors,No leisure-time physical activity among adults,%,Crude prevalence,19.9,16.4,23.8,9585,7264,"{'type': 'Point', 'coordinates': [-78.5238358, 36.0584269]}",37069060501,RISKBEH,LPA,CrdPrv,Physical Inactivity
2023,NC,North Carolina,Gaston,37071,37071031402,BRFSS,Health Risk Behaviors,No leisure-time physical activity among adults,%,Crude prevalence,25.0,20.6,29.5,2364,1947,"{'type': 'Point', 'coordinates': [-81.1490327, 35.2954562]}",37071031402,RISKBEH,LPA,CrdPrv,Physical Inactivity
2023,NC,North Carolina,Guilford,37081,37081015302,BRFSS,Health Risk Behaviors,No leisure-time physical activity among adults,%,Crude prevalence,24.2,20.3,28.5,4621,3342,"{'type': 'Point', 'coordinates': [-79.6665816, 36.0710568]}",37081015302,RISKBEH,LPA,CrdPrv,Physical Inactivity
2023,NC,North Carolina,Guilford,37081,37081017101,BRFSS,Health Risk Behaviors,No leisure-time physical activity among adults,%,Crude prevalence,17.9,14.4,21.4,5582,4430,"{'type': 'Point', 'coordinates': [-79.7000063, 35.9863801]}",37081017101,RISKBEH,LPA,CrdPrv,Physical Inactivity
2023,NC,North Carolina,Gaston,37071,37071030501,BRFSS,Health Risk Behaviors,No leisure-time physical activity among adults,%,Crude prevalence,25.9,21.5,30.2,2524,2004,"{'type': 'Point', 'coordinates': [-81.2927207, 35.3901247]}",37071030501,RISKBEH,LPA,CrdPrv,Physical Inactivity
2023,NC,North Carolina,Harnett,37085,37085071201,BRFSS,Health Risk Behaviors,No leisure-time physical activity among adults,%,Crude prevalence,25.2,21.2,29.9,3164,2242,"{'type': 'Point', 'coordinates': [-78.8761742, 35.2809614]}",37085071201,RISKBEH,LPA,CrdPrv,Physical Inactivity
2023,NC,North Carolina,Henderson,37089,37089930502,BRFSS,Health Risk Behaviors,No leisure-time physical activity among adults,%,Crude prevalence,22.2,18.2,26.6,4897,3801,"{'type': 'Point', 'coordinates': [-82.4592153, 35.4298083]}",37089930502,RISKBEH,LPA,CrdPrv,Physical Inactivity
2023,NC,North Carolina,Guilford,37081,37081011102,BRFSS,Health Risk Behaviors,No leisure-time physical activity among adults,%,Crude prevalence,33.6,28.4,39.0,2753,2157,"{'type': 'Point', 'coordinates': [-79.7574125, 36.0534918]}",37081011102,RISKBEH,LPA,CrdPrv,Physical Inactivity
2023,NC,North Carolina,Hoke,37093,37093970104,BRFSS,Health Risk Behaviors,No leisure-time physical activity among adults,%,Crude prevalence,26.9,22.2,32.1,4622,3323,"{'type': 'Point', 'coordinates': [-79.1911685, 35.0306868]}",37093970104,RISKBEH,LPA,CrdPrv,Physical Inactivity
2023,NC,North Carolina,Forsyth,37067,37067003904,BRFSS,Health Risk Behaviors,No leisure-time physical activity among adults,%,Crude prevalence,21.5,17.8,25.7,6820,5536,"{'type': 'Point', 'coordinates': [-80.3556017, 36.0705939]}",37067003904,RISKBEH,LPA,CrdPrv,Physical Inactivity
2023,NC,North Carolina,Henderson,37089,37089931000,BRFSS,Health Risk Behaviors,No leisure-time physical activity among adults,%,Crude prevalence,30.7,25.2,36.7,6081,4998,"{'type': 'Point', 'coordinates': [-82.4401677, 35.338238]}",37089931000,RISKBEH,LPA,CrdPrv,Physical Inactivity
2023,NC,North Carolina,Henderson,37089,37089930201,BRFSS,Health Risk Behaviors,No leisure-time physical activity among adults,%,Crude prevalence,27.4,22.8,32.4,3974,3067,"{'type': 'Point', 'coordinates': [-82.3610945, 35.3206024]}",37089930201,RISKBEH,LPA,CrdPrv,Physical Inactivity
2023,NC,North Carolina,Guilford,37081,37081015601,BRFSS,Health Risk Behaviors,No leisure-time physical activity among adults,%,Crude prevalence,15.0,11.9,18.2,5439,3880,"{'type': 'Point', 'coordinates': [-79.8192149, 36.2187975]}",37081015601,RISKBEH,LPA,CrdPrv,Physical Inactivity
2023,NC,North Carolina,Guilford,37081,37081016407,BRFSS,Health Risk Behaviors,No leisure-time physical activity among adults,%,Crude prevalence,20.0,16.6,24.0,4496,3519,"{'type': 'Point', 'coordinates': [-79.9458424, 36.0307798]}",37081016407,RISKBEH,LPA,CrdPrv,Physical Inactivity
2023,NC,North Carolina,Guilford,37081,37081016003,BRFSS,Health Risk Behaviors,No leisure-time physical activity among adults,%,Crude prevalence,16.7,13.8,20.2,4902,3541,"{'type': 'Point', 'coordinates': [-79.9489202, 36.1563065]}",37081016003,RISKBEH,LPA,CrdPrv,Physical Inactivity
2023,NC,North Carolina,Iredell,37097,37097060500,BRFSS,Health Risk Behaviors,No leisure-time physical activity among adults,%,Crude prevalence,23.9,19.5,28.5,4342,3464,"{'type': 'Point', 'coordinates': [-80.9003531, 35.793133]}",37097060500,RISKBEH,LPA,CrdPrv,Physical Inactivity
2023,NC,North Carolina,Guilford,37081,37081015602,BRFSS,Health Risk Behaviors,No leisure-time physical activity among adults,%,Crude prevalence,19.0,15.7,22.7,6245,4613,"{'type': 'Point', 'coordinates': [-79.7413592, 36.2190976]}",37081015602,RISKBEH,LPA,CrdPrv,Physical Inactivity
2023,NC,North Carolina,Harnett,37085,37085070402,BRFSS,Health Risk Behaviors,No leisure-time physical activity among adults,%,Crude prevalence,29.6,25.1,34.3,6658,4973,"{'type': 'Point', 'coordinates': [-78.6334382, 35.4045082]}",37085070402,RISKBEH,LPA,CrdPrv,Physical Inactivity
2023,NC,North Carolina,Gaston,37071,37071033100,BRFSS,Health Risk Behaviors,No leisure-time physical activity among adults,%,Crude prevalence,29.9,24.8,35.0,3162,2381,"{'type': 'Point', 'coordinates': [-81.2251732, 35.2504071]}",37071033100,RISKBEH,LPA,CrdPrv,Physical Inactivity
2023,NC,North Carolina,Gaston,37071,37071030901,BRFSS,Health Risk Behaviors,No leisure-time physical activity among adults,%,Crude prevalence,23.5,19.3,28.0,2534,1987,"{'type': 'Point', 'coordinates': [-81.1811328, 35.31226]}",37071030901,RISKBEH,LPA,CrdPrv,Physical Inactivity
2023,NC,North Carolina,Guilford,37081,37081014410,BRFSS,Health Risk Behaviors,No leisure-time physical activity among adults,%,Crude prevalence,26.3,22.2,30.8,3974,3118,"{'type': 'Point', 'coordinates': [-80.0047969, 35.9942197]}",37081014410,RISKBEH,LPA,CrdPrv,Physical Inactivity
2023,NC,North Carolina,Forsyth,37067,37067004011,BRFSS,Health Risk Behaviors,No leisure-time physical activity among adults,%,Crude prevalence,20.2,16.4,24.3,5908,4537,"{'type': 'Point', 'coordinates': [-80.3943403, 36.0892576]}",37067004011,RISKBEH,LPA,CrdPrv,Physical Inactivity
2023,NC,North Carolina,Harnett,37085,37085070200,BRFSS,Health Risk Behaviors,No leisure-time physical activity among adults,%,Crude prevalence,32.4,27.4,37.3,2937,2281,"{'type': 'Point', 'coordinates': [-78.5643994, 35.3382477]}",37085070200,RISKBEH,LPA,CrdPrv,Physical Inactivity
2023,NC,North Carolina,Guilford,37081,37081015201,BRFSS,Health Risk Behaviors,No leisure-time physical activity among adults,%,Crude prevalence,24.8,21.1,29.2,5363,4236,"{'type': 'Point', 'coordinates': [-79.5689372, 36.135389]}",37081015201,RISKBEH,LPA,CrdPrv,Physical Inactivity
2023,NC,North Carolina,Harnett,37085,37085071003,BRFSS,Health Risk Behaviors,No leisure-time physical activity among adults,%,Crude prevalence,23.0,18.8,27.9,4034,3107,"{'type': 'Point', 'coordinates': [-78.8361484, 35.4955449]}",37085071003,RISKBEH,LPA,CrdPrv,Physical Inactivity
2023,NC,North Carolina,Franklin,37069,37069060302,BRFSS,Health Risk Behaviors,No leisure-time physical activity among adults,%,Crude prevalence,34.2,29.3,39.7,2647,2071,"{'type': 'Point', 'coordinates': [-78.3155603, 36.0702219]}",37069060302,RISKBEH,LPA,CrdPrv,Physical Inactivity
2023,NC,North Carolina,Guilford,37081,37081016103,BRFSS,Health Risk Behaviors,No leisure-time physical activity among adults,%,Crude prevalence,21.8,18.2,25.7,5299,4087,"{'type': 'Point', 'coordinates': [-79.8800506, 36.0787129]}",37081016103,RISKBEH,LPA,CrdPrv,Physical Inactivity
2023,NC,North Carolina,Forsyth,37067,37067003107,BRFSS,Health Risk Behaviors,No leisure-time physical activity among adults,%,Crude prevalence,22.8,19.0,27.3,4346,3460,"{'type': 'Point', 'coordinates': [-80.0931188, 36.1484335]}",37067003107,RISKBEH,LPA,CrdPrv,Physical Inactivity
2023,NC,North Carolina,Gaston,37071,37071032704,BRFSS,Health Risk Behaviors,No leisure-time physical activity among adults,%,Crude prevalence,27.1,22.4,32.1,4838,3929,"{'type': 'Point', 'coordinates': [-81.1600547, 35.2460806]}",37071032704,RISKBEH,LPA,CrdPrv,Physical Inactivity
2023,NC,North Carolina,Guilford,37081,37081010500,BRFSS,Health Risk Behaviors,No leisure-time physical activity among adults,%,Crude prevalence,14.6,11.8,18.0,2102,1816,"{'type': 'Point', 'coordinates': [-79.8193859, 36.0820551]}",37081010500,RISKBEH,LPA,CrdPrv,Physical Inactivity
2023,NC,North Carolina,Gaston,37071,37071032510,BRFSS,Health Risk Behaviors,No leisure-time physical activity among adults,%,Crude prevalence,16.7,13.3,20.2,2550,2081,"{'type': 'Point', 'coordinates': [-81.0461407, 35.1807155]}",37071032510,RISKBEH,LPA,CrdPrv,Physical Inactivity
2023,NC,North Carolina,Henderson,37089,37089930202,BRFSS,Health Risk Behaviors,No leisure-time physical activity among adults,%,Crude prevalence,26.5,22.1,31.3,3340,2490,"{'type': 'Point', 'coordinates': [-82.3166263, 35.3698348]}",37089930202,RISKBEH,LPA,CrdPrv,Physical Inactivity
2023,NC,North Carolina,Guilford,37081,37081015901,BRFSS,Health Risk Behaviors,No leisure-time physical activity among adults,%,Crude prevalence,19.8,16.4,23.5,6175,4676,"{'type': 'Point', 'coordinates': [-79.9645667, 36.2337111]}",37081015901,RISKBEH,LPA,CrdPrv,Physical Inactivity
2023,NC,North Carolina,Gaston,37071,37071033303,BRFSS,Health Risk Behaviors,No leisure-time physical activity among adults,%,Crude prevalence,17.9,14.4,21.5,3602,2874,"{'type': 'Point', 'coordinates': [-81.1381122, 35.2208105]}",37071033303,RISKBEH,LPA,CrdPrv,Physical Inactivity
2023,NC,North Carolina,Guilford,37081,37081013800,BRFSS,Health Risk Behaviors,No leisure-time physical activity among adults,%,Crude prevalence,41.5,35.9,46.9,3977,2915,"{'type': 'Point', 'coordinates': [-79.9903354, 35.9687471]}",37081013800,RISKBEH,LPA,CrdPrv,Physical Inactivity
2023,NC,North Carolina,Guilford,37081,37081012707,BRFSS,Health Risk Behaviors,No leisure-time physical activity among adults,%,Crude prevalence,37.6,32.4,42.5,2677,1916,"{'type': 'Point', 'coordinates': [-79.746533, 36.0814312]}",37081012707,RISKBEH,LPA,CrdPrv,Physical Inactivity
2023,NC,North Carolina,Guilford,37081,37081012503,BRFSS,Health Risk Behaviors,No leisure-time physical activity among adults,%,Crude prevalence,17.3,13.8,21.0,4361,3488,"{'type': 'Point', 'coordinates': [-79.8133306, 36.1137261]}",37081012503,RISKBEH,LPA,CrdPrv,Physical Inactivity
2023,NC,North Carolina,Granville,37077,37077970606,BRFSS,Health Risk Behaviors,No leisure-time physical activity among adults,%,Crude prevalence,21.7,17.8,26.1,2239,1745,"{'type': 'Point', 'coordinates': [-78.6859427, 36.1203981]}",37077970606,RISKBEH,LPA,CrdPrv,Physical Inactivity
2023,NC,North Carolina,Guilford,37081,37081010800,BRFSS,Health Risk Behaviors,No leisure-time physical activity among adults,%,Crude prevalence,20.7,16.7,25.0,2946,2753,"{'type': 'Point', 'coordinates': [-79.7920619, 36.0777887]}",37081010800,RISKBEH,LPA,CrdPrv,Physical Inactivity
2023,NC,North Carolina,Gaston,37071,37071032405,BRFSS,Health Risk Behaviors,No leisure-time physical activity among adults,%,Crude prevalence,14.8,11.7,18.1,3342,2510,"{'type': 'Point', 'coordinates': [-81.0335589, 35.2079533]}",37071032405,RISKBEH,LPA,CrdPrv,Physical Inactivity
2023,NC,North Carolina,Forsyth,37067,37067003500,BRFSS,Health Risk Behaviors,No leisure-time physical activity among adults,%,Crude prevalence,34.8,29.7,40.3,8076,5771,"{'type': 'Point', 'coordinates': [-80.203143, 36.036302]}",37067003500,RISKBEH,LPA,CrdPrv,Physical Inactivity
2023,NC,North Carolina,Henderson,37089,37089931600,BRFSS,Health Risk Behaviors,No leisure-time physical activity among adults,%,Crude prevalence,23.5,19.5,27.8,4874,4136,"{'type': 'Point', 'coordinates': [-82.4867345, 35.2896309]}",37089931600,RISKBEH,LPA,CrdPrv,Physical Inactivity
2023,NC,North Carolina,Guilford,37081,37081016502,BRFSS,Health Risk Behaviors,No leisure-time physical activity among adults,%,Crude prevalence,19.8,16.3,23.4,6553,5364,"{'type': 'Point', 'coordinates': [-79.8875909, 36.0019267]}",37081016502,RISKBEH,LPA,CrdPrv,Physical Inactivity
2023,NC,North Carolina,Guilford,37081,37081015705,BRFSS,Health Risk Behaviors,No leisure-time physical activity among adults,%,Crude prevalence,20.0,16.6,24.0,2966,2566,"{'type': 'Point', 'coordinates': [-79.8416502, 36.1290904]}",37081015705,RISKBEH,LPA,CrdPrv,Physical Inactivity
2023,NC,North Carolina,Gaston,37071,37071030207,BRFSS,Health Risk Behaviors,No leisure-time physical activity among adults,%,Crude prevalence,27.4,22.0,32.7,1149,976,"{'type': 'Point', 'coordinates': [-81.0582473, 35.3473021]}",37071030207,RISKBEH,LPA,CrdPrv,Physical Inactivity
2023,NC,North Carolina,Iredell,37097,37097060200,BRFSS,Health Risk Behaviors,No leisure-time physical activity among adults,%,Crude prevalence,35.3,29.7,40.9,2085,1411,"{'type': 'Point', 'coordinates': [-80.8731599, 35.7628534]}",37097060200,RISKBEH,LPA,CrdPrv,Physical Inactivity
2023,NC,North Carolina,Halifax,37083,37083930200,BRFSS,Health Risk Behaviors,No leisure-time physical activity among adults,%,Crude prevalence,24.3,20.0,29.7,5164,4092,"{'type': 'Point', 'coordinates': [-77.6411545, 36.4552388]}",37083930200,RISKBEH,LPA,CrdPrv,Physical Inactivity
2023,NC,North Carolina,Gaston,37071,37071032505,BRFSS,Health Risk Behaviors,No leisure-time physical activity among adults,%,Crude prevalence,25.9,21.3,30.6,4541,3468,"{'type': 'Point', 'coordinates': [-81.14179, 35.2381008]}",37071032505,RISKBEH,LPA,CrdPrv,Physical Inactivity
2023,NC,North Carolina,Guilford,37081,37081015401,BRFSS,Health Risk Behaviors,No leisure-time physical activity among adults,%,Crude prevalence,21.3,17.9,25.1,5446,4282,"{'type': 'Point', 'coordinates': [-79.6554479, 36.1681144]}",37081015401,RISKBEH,LPA,CrdPrv,Physical Inactivity
2023,NC,North Carolina,Gaston,37071,37071033202,BRFSS,Health Risk Behaviors,No leisure-time physical activity among adults,%,Crude prevalence,20.5,16.6,24.4,2351,1820,"{'type': 'Point', 'coordinates': [-81.1846448, 35.2143245]}",37071033202,RISKBEH,LPA,CrdPrv,Physical Inactivity
2023,NC,North Carolina,Gaston,37071,37071031004,BRFSS,Health Risk Behaviors,No leisure-time physical activity among adults,%,Crude prevalence,27.3,22.6,31.9,3296,2600,"{'type': 'Point', 'coordinates': [-81.0542132, 35.2888975]}",37071031004,RISKBEH,LPA,CrdPrv,Physical Inactivity
2023,NC,North Carolina,Forsyth,37067,37067003314,BRFSS,Health Risk Behaviors,No leisure-time physical activity among adults,%,Crude prevalence,19.6,16.0,23.4,2935,2364,"{'type': 'Point', 'coordinates': [-80.0549305, 36.067314]}",37067003314,RISKBEH,LPA,CrdPrv,Physical Inactivity
2023,NC,North Carolina,Hyde,37095,37095920101,BRFSS,Health Risk Behaviors,No leisure-time physical activity among adults,%,Crude prevalence,33.9,28.6,39.2,2305,1866,"{'type': 'Point', 'coordinates': [-76.0944931, 35.5791213]}",37095920101,RISKBEH,LPA,CrdPrv,Physical Inactivity
2023,NC,North Carolina,Halifax,37083,37083930400,BRFSS,Health Risk Behaviors,No leisure-time physical activity among adults,%,Crude prevalence,37.3,32.2,43.6,3467,2647,"{'type': 'Point', 'coordinates': [-77.6467436, 36.4389277]}",37083930400,RISKBEH,LPA,CrdPrv,Physical Inactivity
2023,NC,North Carolina,Guilford,37081,37081014407,BRFSS,Health Risk Behaviors,No leisure-time physical activity among adults,%,Crude prevalence,19.3,15.9,23.3,6129,4913,"{'type': 'Point', 'coordinates': [-80.0382873, 35.9780686]}",37081014407,RISKBEH,LPA,CrdPrv,Physical Inactivity
2023,NC,North Carolina,Halifax,37083,37083931101,BRFSS,Health Risk Behaviors,No leisure-time physical activity among adults,%,Crude prevalence,31.1,26.4,37.2,1303,1115,"{'type': 'Point', 'coordinates': [-77.4458717, 36.1532403]}",37083931101,RISKBEH,LPA,CrdPrv,Physical Inactivity
2023,NC,North Carolina,Gaston,37071,37071030301,BRFSS,Health Risk Behaviors,No leisure-time physical activity among adults,%,Crude prevalence,26.8,22.1,31.5,2337,1898,"{'type': 'Point', 'coordinates': [-81.1865121, 35.3793266]}",37071030301,RISKBEH,LPA,CrdPrv,Physical Inactivity
2023,NC,North Carolina,Forsyth,37067,37067003909,BRFSS,Health Risk Behaviors,No leisure-time physical activity among adults,%,Crude prevalence,16.4,13.0,20.5,4671,3686,"{'type': 'Point', 'coordinates': [-80.3470823, 36.0962361]}",37067003909,RISKBEH,LPA,CrdPrv,Physical Inactivity
2023,NC,North Carolina,Hoke,37093,37093970401,BRFSS,Health Risk Behaviors,No leisure-time physical activity among adults,%,Crude prevalence,34.0,28.8,39.4,3507,2670,"{'type': 'Point', 'coordinates': [-79.1356766, 34.9036131]}",37093970401,RISKBEH,LPA,CrdPrv,Physical Inactivity
2023,NC,North Carolina,Halifax,37083,37083930701,BRFSS,Health Risk Behaviors,No leisure-time physical activity among adults,%,Crude prevalence,35.5,30.3,41.4,1111,928,"{'type': 'Point', 'coordinates': [-77.8337694, 36.4135812]}",37083930701,RISKBEH,LPA,CrdPrv,Physical Inactivity
2023,NC,North Carolina,Haywood,37087,37087921100,BRFSS,Health Risk Behaviors,No leisure-time physical activity among adults,%,Crude prevalence,30.1,24.7,36.1,2620,2157,"{'type': 'Point', 'coordinates': [-82.9768496, 35.4681455]}",37087921100,RISKBEH,LPA,CrdPrv,Physical Inactivity
2023,NC,North Carolina,Franklin,37069,37069060403,BRFSS,Health Risk Behaviors,No leisure-time physical activity among adults,%,Crude prevalence,25.7,21.4,30.3,2593,1992,"{'type': 'Point', 'coordinates': [-78.4143263, 36.1369493]}",37069060403,RISKBEH,LPA,CrdPrv,Physical Inactivity
2023,NC,North Carolina,Haywood,37087,37087920601,BRFSS,Health Risk Behaviors,No leisure-time physical activity among adults,%,Crude prevalence,28.2,23.3,33.5,2326,1944,"{'type': 'Point', 'coordinates': [-82.9911707, 35.5451842]}",37087920601,RISKBEH,LPA,CrdPrv,Physical Inactivity
2023,NC,North Carolina,Forsyth,37067,37067004007,BRFSS,Health Risk Behaviors,No leisure-time physical activity among adults,%,Crude prevalence,19.8,16.4,23.6,8016,6073,"{'type': 'Point', 'coordinates': [-80.454634, 36.056003]}",37067004007,RISKBEH,LPA,CrdPrv,Physical Inactivity
2023,NC,North Carolina,Guilford,37081,37081016008,BRFSS,Health Risk Behaviors,No leisure-time physical activity among adults,%,Crude prevalence,18.7,15.5,22.6,7620,5641,"{'type': 'Point', 'coordinates': [-79.936705, 36.1341881]}",37081016008,RISKBEH,LPA,CrdPrv,Physical Inactivity
2023,NC,North Carolina,Guilford,37081,37081011202,BRFSS,Health Risk Behaviors,No leisure-time physical activity among adults,%,Crude prevalence,41.3,35.6,47.5,2818,1908,"{'type': 'Point', 'coordinates': [-79.7767022, 36.0607543]}",37081011202,RISKBEH,LPA,CrdPrv,Physical Inactivity
2023,NC,North Carolina,Greene,37079,37079950101,BRFSS,Health Risk Behaviors,No leisure-time physical activity among adults,%,Crude prevalence,32.4,27.1,38.0,3451,2689,"{'type': 'Point', 'coordinates': [-77.6948177, 35.5656998]}",37079950101,RISKBEH,LPA,CrdPrv,Physical Inactivity
2023,NC,North Carolina,Franklin,37069,37069060601,BRFSS,Health Risk Behaviors,No leisure-time physical activity among adults,%,Crude prevalence,18.8,15.3,23.1,2946,2226,"{'type': 'Point', 'coordinates': [-78.3682364, 35.9612073]}",37069060601,RISKBEH,LPA,CrdPrv,Physical Inactivity
2023,NC,North Carolina,Harnett,37085,37085071002,BRFSS,Health Risk Behaviors,No leisure-time physical activity among adults,%,Crude prevalence,23.4,19.3,27.8,3593,2787,"{'type': 'Point', 'coordinates': [-78.9005571, 35.5143505]}",37085071002,RISKBEH,LPA,CrdPrv,Physical Inactivity
2023,NC,North Carolina,Franklin,37069,37069060801,BRFSS,Health Risk Behaviors,No leisure-time physical activity among adults,%,Crude prevalence,29.3,25.0,34.3,4142,3353,"{'type': 'Point', 'coordinates': [-78.2546194, 35.9439097]}",37069060801,RISKBEH,LPA,CrdPrv,Physical Inactivity
2023,NC,North Carolina,Guilford,37081,37081012803,BRFSS,Health Risk Behaviors,No leisure-time physical activity among adults,%,Crude prevalence,24.2,20.5,28.4,9306,6830,"{'type': 'Point', 'coordinates': [-79.7184436, 36.0723607]}",37081012803,RISKBEH,LPA,CrdPrv,Physical Inactivity
2023,NC,North Carolina,Gaston,37071,37071030208,BRFSS,Health Risk Behaviors,No leisure-time physical activity among adults,%,Crude prevalence,17.8,14.1,21.9,599,486,"{'type': 'Point', 'coordinates': [-81.0573713, 35.3875584]}",37071030208,RISKBEH,LPA,CrdPrv,Physical Inactivity
2023,NC,North Carolina,Guilford,37081,37081016203,BRFSS,Health Risk Behaviors,No leisure-time physical activity among adults,%,Crude prevalence,20.8,17.1,24.6,5221,4198,"{'type': 'Point', 'coordinates': [-80.0311459, 36.0688847]}",37081016203,RISKBEH,LPA,CrdPrv,Physical Inactivity
2023,NC,North Carolina,Gaston,37071,37071032404,BRFSS,Health Risk Behaviors,No leisure-time physical activity among adults,%,Crude prevalence,17.2,13.6,21.3,3183,2366,"{'type': 'Point', 'coordinates': [-81.0361668, 35.2347023]}",37071032404,RISKBEH,LPA,CrdPrv,Physical Inactivity
2023,NC,North Carolina,Forsyth,37067,37067003403,BRFSS,Health Risk Behaviors,No leisure-time physical activity among adults,%,Crude prevalence,37.0,31.7,42.6,3375,2297,"{'type': 'Point', 'coordinates': [-80.1859501, 36.0576259]}",37067003403,RISKBEH,LPA,CrdPrv,Physical Inactivity
2023,NC,North Carolina,Guilford,37081,37081012510,BRFSS,Health Risk Behaviors,No leisure-time physical activity among adults,%,Crude prevalence,15.5,12.2,19.1,3262,2669,"{'type': 'Point', 'coordinates': [-79.8556627, 36.1196164]}",37081012510,RISKBEH,LPA,CrdPrv,Physical Inactivity
2023,NC,North Carolina,Guilford,37081,37081016101,BRFSS,Health Risk Behaviors,No leisure-time physical activity among adults,%,Crude prevalence,22.9,17.9,28.0,4684,4203,"{'type': 'Point', 'coordinates': [-79.8871073, 36.1005022]}",37081016101,RISKBEH,LPA,CrdPrv,Physical Inactivity
2023,NC,North Carolina,Guilford,37081,37081010100,BRFSS,Health Risk Behaviors,No leisure-time physical activity among adults,%,Crude prevalence,37.3,32.0,43.0,1626,1143,"{'type': 'Point', 'coordinates': [-79.7611076, 36.0931506]}",37081010100,RISKBEH,LPA,CrdPrv,Physical Inactivity
2023,NC,North Carolina,Gaston,37071,37071033400,BRFSS,Health Risk Behaviors,No leisure-time physical activity among adults,%,Crude prevalence,31.4,26.6,36.5,2673,2063,"{'type': 'Point', 'coordinates': [-81.2084633, 35.188247]}",37071033400,RISKBEH,LPA,CrdPrv,Physical Inactivity
2023,NC,North Carolina,Guilford,37081,37081011101,BRFSS,Health Risk Behaviors,No leisure-time physical activity among adults,%,Crude prevalence,38.1,32.2,44.0,4194,2942,"{'type': 'Point', 'coordinates': [-79.7555793, 36.069281]}",37081011101,RISKBEH,LPA,CrdPrv,Physical Inactivity
2023,NC,North Carolina,Gaston,37071,37071030403,BRFSS,Health Risk Behaviors,No leisure-time physical activity among adults,%,Crude prevalence,24.7,20.2,29.2,2002,1610,"{'type': 'Point', 'coordinates': [-81.2558992, 35.333922]}",37071030403,RISKBEH,LPA,CrdPrv,Physical Inactivity
2023,NC,North Carolina,Haywood,37087,37087920602,BRFSS,Health Risk Behaviors,No leisure-time physical activity among adults,%,Crude prevalence,21.8,17.6,26.2,2772,2354,"{'type': 'Point', 'coordinates': [-82.9844116, 35.5220196]}",37087920602,RISKBEH,LPA,CrdPrv,Physical Inactivity
2023,NC,North Carolina,Henderson,37089,37089930302,BRFSS,Health Risk Behaviors,No leisure-time physical activity among adults,%,Crude prevalence,34.0,29.0,39.4,3892,3104,"{'type': 'Point', 'coordinates': [-82.4002855, 35.3194367]}",37089930302,RISKBEH,LPA,CrdPrv,Physical Inactivity
2023,NC,North Carolina,Gaston,37071,37071032600,BRFSS,Health Risk Behaviors,No leisure-time physical activity among adults,%,Crude prevalence,20.0,16.2,24.3,3959,3190,"{'type': 'Point', 'coordinates': [-81.1315668, 35.2525577]}",37071032600,RISKBEH,LPA,CrdPrv,Physical Inactivity
2023,NC,North Carolina,Forsyth,37067,37067003908,BRFSS,Health Risk Behaviors,No leisure-time physical activity among adults,%,Crude prevalence,15.9,12.7,19.2,3265,2533,"{'type': 'Point', 'coordinates': [-80.336836, 36.11267]}",37067003908,RISKBEH,LPA,CrdPrv,Physical Inactivity
2023,NC,North Carolina,Forsyth,37067,37067003003,BRFSS,Health Risk Behaviors,No leisure-time physical activity among adults,%,Crude prevalence,28.2,23.8,32.8,3610,2824,"{'type': 'Point', 'coordinates': [-80.1526445, 36.1327751]}",37067003003,RISKBEH,LPA,CrdPrv,Physical Inactivity
2023,NC,North Carolina,Henderson,37089,37089930702,BRFSS,Health Risk Behaviors,No leisure-time physical activity among adults,%,Crude prevalence,20.9,16.6,25.5,4644,3747,"{'type': 'Point', 'coordinates': [-82.6145278, 35.3737029]}",37089930702,RISKBEH,LPA,CrdPrv,Physical Inactivity
2023,NC,North Carolina,Guilford,37081,37081013700,BRFSS,Health Risk Behaviors,No leisure-time physical activity among adults,%,Crude prevalence,18.0,14.2,22.1,4123,3346,"{'type': 'Point', 'coordinates': [-80.0257281, 35.96786]}",37081013700,RISKBEH,LPA,CrdPrv,Physical Inactivity
2023,NC,North Carolina,Forsyth,37067,37067003309,BRFSS,Health Risk Behaviors,No leisure-time physical activity among adults,%,Crude prevalence,31.7,27.1,36.5,5603,4040,"{'type': 'Point', 'coordinates': [-80.1737012, 36.089206]}",37067003309,RISKBEH,LPA,CrdPrv,Physical Inactivity
2023,NC,North Carolina,Gaston,37071,37071031800,BRFSS,Health Risk Behaviors,No leisure-time physical activity among adults,%,Crude prevalence,41.7,35.9,47.4,3351,2401,"{'type': 'Point', 'coordinates': [-81.2292201, 35.2623339]}",37071031800,RISKBEH,LPA,CrdPrv,Physical Inactivity
2023,NC,North Carolina,Guilford,37081,37081014503,BRFSS,Health Risk Behaviors,No leisure-time physical activity among adults,%,Crude prevalence,40.8,35.4,46.3,3435,2488,"{'type': 'Point', 'coordinates': [-79.9634463, 35.9598744]}",37081014503,RISKBEH,LPA,CrdPrv,Physical Inactivity
2023,NC,North Carolina,Guilford,37081,37081012612,BRFSS,Health Risk Behaviors,No leisure-time physical activity among adults,%,Crude prevalence,32.1,27.3,37.6,6304,4745,"{'type': 'Point', 'coordinates': [-79.8168078, 36.0163122]}",37081012612,RISKBEH,LPA,CrdPrv,Physical Inactivity
2023,NC,North Carolina,Harnett,37085,37085071303,BRFSS,Health Risk Behaviors,No leisure-time physical activity among adults,%,Crude prevalence,18.2,14.9,22.0,12164,8255,"{'type': 'Point', 'coordinates': [-79.018001, 35.2816455]}",37085071303,RISKBEH,LPA,CrdPrv,Physical Inactivity
2023,NC,North Carolina,Forsyth,37067,37067003313,BRFSS,Health Risk Behaviors,No leisure-time physical activity among adults,%,Crude prevalence,24.4,20.2,29.1,1516,1196,"{'type': 'Point', 'coordinates': [-80.0681912, 36.0279627]}",37067003313,RISKBEH,LPA,CrdPrv,Physical Inactivity
2023,NC,North Carolina,Guilford,37081,37081010401,BRFSS,Health Risk Behaviors,No leisure-time physical activity among adults,%,Crude prevalence,16.6,13.1,20.6,1484,1257,"{'type': 'Point', 'coordinates': [-79.8048832, 36.0896695]}",37081010401,RISKBEH,LPA,CrdPrv,Physical Inactivity
2023,NC,North Carolina,Guilford,37081,37081016006,BRFSS,Health Risk Behaviors,No leisure-time physical activity among adults,%,Crude prevalence,17.9,14.5,21.6,4211,3307,"{'type': 'Point', 'coordinates': [-79.8803102, 36.1340395]}",37081016006,RISKBEH,LPA,CrdPrv,Physical Inactivity
2023,NC,North Carolina,Gaston,37071,37071033313,BRFSS,Health Risk Behaviors,No leisure-time physical activity among adults,%,Crude prevalence,16.7,13.3,20.8,2297,1829,"{'type': 'Point', 'coordinates': [-81.1504089, 35.2091753]}",37071033313,RISKBEH,LPA,CrdPrv,Physical Inactivity
2023,NC,North Carolina,Guilford,37081,37081014406,BRFSS,Health Risk Behaviors,No leisure-time physical activity among adults,%,Crude prevalence,31.8,27.1,36.9,2511,1940,"{'type': 'Point', 'coordinates': [-79.9628057, 35.980962]}",37081014406,RISKBEH,LPA,CrdPrv,Physical Inactivity
2023,NC,North Carolina,Guilford,37081,37081016305,BRFSS,Health Risk Behaviors,No leisure-time physical activity among adults,%,Crude prevalence,17.9,14.3,21.9,3484,2794,"{'type': 'Point', 'coordinates': [-79.9796032, 36.024914]}",37081016305,RISKBEH,LPA,CrdPrv,Physical Inactivity
2023,NC,North Carolina,Forsyth,37067,37067003004,BRFSS,Health Risk Behaviors,No leisure-time physical activity among adults,%,Crude prevalence,21.1,17.1,25.6,3824,3032,"{'type': 'Point', 'coordinates': [-80.1265259, 36.1208277]}",37067003004,RISKBEH,LPA,CrdPrv,Physical Inactivity
2023,NC,North Carolina,Haywood,37087,37087921202,BRFSS,Health Risk Behaviors,No leisure-time physical activity among adults,%,Crude prevalence,26.6,21.8,31.7,4115,3428,"{'type': 'Point', 'coordinates': [-83.0108423, 35.4222498]}",37087921202,RISKBEH,LPA,CrdPrv,Physical Inactivity
2023,NC,North Carolina,Gaston,37071,37071031202,BRFSS,Health Risk Behaviors,No leisure-time physical activity among adults,%,Crude prevalence,24.3,19.9,29.1,2467,2145,"{'type': 'Point', 'coordinates': [-81.0428099, 35.2697071]}",37071031202,RISKBEH,LPA,CrdPrv,Physical Inactivity
2023,NC,North Carolina,Guilford,37081,37081013602,BRFSS,Health Risk Behaviors,No leisure-time physical activity among adults,%,Crude prevalence,29.9,25.3,35.0,4111,3095,"{'type': 'Point', 'coordinates': [-80.0094987, 35.9767856]}",37081013602,RISKBEH,LPA,CrdPrv,Physical Inactivity
2023,NC,North Carolina,Guilford,37081,37081016900,BRFSS,Health Risk Behaviors,No leisure-time physical activity among adults,%,Crude prevalence,22.0,18.4,25.9,4697,3844,"{'type': 'Point', 'coordinates': [-79.7548197, 35.9409969]}",37081016900,RISKBEH,LPA,CrdPrv,Physical Inactivity
2023,NC,North Carolina,Gaston,37071,37071031704,BRFSS,Health Risk Behaviors,No leisure-time physical activity among adults,%,Crude prevalence,26.8,22.2,32.0,3681,2852,"{'type': 'Point', 'coordinates': [-81.2641614, 35.2196895]}",37071031704,RISKBEH,LPA,CrdPrv,Physical Inactivity
2023,NC,North Carolina,Guilford,37081,37081011602,BRFSS,Health Risk Behaviors,No leisure-time physical activity among adults,%,Crude prevalence,33.8,28.8,39.0,3140,2272,"{'type': 'Point', 'coordinates': [-79.843589, 36.0528836]}",37081011602,RISKBEH,LPA,CrdPrv,Physical Inactivity
2023,NC,North Carolina,Iredell,37097,37097060300,BRFSS,Health Risk Behaviors,No leisure-time physical activity among adults,%,Crude prevalence,33.4,28.3,38.6,2648,1903,"{'type': 'Point', 'coordinates': [-80.8969415, 35.7646685]}",37097060300,RISKBEH,LPA,CrdPrv,Physical Inactivity
2023,NC,North Carolina,Henderson,37089,37089930703,BRFSS,Health Risk Behaviors,No leisure-time physical activity among adults,%,Crude prevalence,24.6,20.3,29.2,5849,4799,"{'type': 'Point', 'coordinates': [-82.5949296, 35.3283433]}",37089930703,RISKBEH,LPA,CrdPrv,Physical Inactivity
2023,NC,North Carolina,Gaston,37071,37071033308,BRFSS,Health Risk Behaviors,No leisure-time physical activity among adults,%,Crude prevalence,24.1,19.4,28.5,1311,1061,"{'type': 'Point', 'coordinates': [-81.0914182, 35.1604968]}",37071033308,RISKBEH,LPA,CrdPrv,Physical Inactivity
2023,NC,North Carolina,Harnett,37085,37085071301,BRFSS,Health Risk Behaviors,No leisure-time physical activity among adults,%,Crude prevalence,26.8,22.5,31.6,4293,3198,"{'type': 'Point', 'coordinates': [-79.0452464, 35.3618359]}",37085071301,RISKBEH,LPA,CrdPrv,Physical Inactivity
2023,NC,North Carolina,Henderson,37089,37089931901,BRFSS,Health Risk Behaviors,No leisure-time physical activity among adults,%,Crude prevalence,18.8,15.0,23.2,4086,3472,"{'type': 'Point', 'coordinates': [-82.5690391, 35.2952319]}",37089931901,RISKBEH,LPA,CrdPrv,Physical Inactivity
2023,NC,North Carolina,Gaston,37071,37071033309,BRFSS,Health Risk Behaviors,No leisure-time physical activity among adults,%,Crude prevalence,21.9,17.8,26.2,1933,1522,"{'type': 'Point', 'coordinates': [-81.1652069, 35.1837013]}",37071033309,RISKBEH,LPA,CrdPrv,Physical Inactivity
2023,NC,North Carolina,Guilford,37081,37081011601,BRFSS,Health Risk Behaviors,No leisure-time physical activity among adults,%,Crude prevalence,38.8,33.6,44.2,2578,1961,"{'type': 'Point', 'coordinates': [-79.823434, 36.0535511]}",37081011601,RISKBEH,LPA,CrdPrv,Physical Inactivity
2023,NC,North Carolina,Forsyth,37067,37067003404,BRFSS,Health Risk Behaviors,No leisure-time physical activity among adults,%,Crude prevalence,45.2,39.7,50.9,3876,2734,"{'type': 'Point', 'coordinates': [-80.1940192, 36.0683381]}",37067003404,RISKBEH,LPA,CrdPrv,Physical Inactivity
2023,NC,North Carolina,Gaston,37071,37071030105,BRFSS,Health Risk Behaviors,No leisure-time physical activity among adults,%,Crude prevalence,19.8,15.9,23.9,3148,2414,"{'type': 'Point', 'coordinates': [-81.0128409, 35.3230934]}",37071030105,RISKBEH,LPA,CrdPrv,Physical Inactivity
2023,NC,North Carolina,Henderson,37089,37089931401,BRFSS,Health Risk Behaviors,No leisure-time physical activity among adults,%,Crude prevalence,32.8,27.9,38.4,3965,3018,"{'type': 'Point', 'coordinates': [-82.4016904, 35.2733439]}",37089931401,RISKBEH,LPA,CrdPrv,Physical Inactivity
2023,NC,North Carolina,Granville,37077,37077970500,BRFSS,Health Risk Behaviors,No leisure-time physical activity among adults,%,Crude prevalence,26.3,21.7,31.2,3787,2990,"{'type': 'Point', 'coordinates': [-78.5609, 36.2440321]}",37077970500,RISKBEH,LPA,CrdPrv,Physical Inactivity
2023,NC,North Carolina,Gaston,37071,37071030106,BRFSS,Health Risk Behaviors,No leisure-time physical activity among adults,%,Crude prevalence,19.0,15.3,22.9,1306,1013,"{'type': 'Point', 'coordinates': [-80.9956129, 35.326547]}",37071030106,RISKBEH,LPA,CrdPrv,Physical Inactivity
2023,NC,North Carolina,Franklin,37069,37069060100,BRFSS,Health Risk Behaviors,No leisure-time physical activity among adults,%,Crude prevalence,31.5,26.7,36.6,4420,3512,"{'type': 'Point', 'coordinates': [-78.261764, 36.2051863]}",37069060100,RISKBEH,LPA,CrdPrv,Physical Inactivity
2023,NC,North Carolina,Gaston,37071,37071032201,BRFSS,Health Risk Behaviors,No leisure-time physical activity among adults,%,Crude prevalence,20.4,16.4,24.2,2436,1960,"{'type': 'Point', 'coordinates': [-81.0877232, 35.2537875]}",37071032201,RISKBEH,LPA,CrdPrv,Physical Inactivity
2023,NC,North Carolina,Gaston,37071,37071030602,BRFSS,Health Risk Behaviors,No leisure-time physical activity among adults,%,Crude prevalence,30.5,25.6,35.6,2469,1978,"{'type': 'Point', 'coordinates': [-81.4198853, 35.3982755]}",37071030602,RISKBEH,LPA,CrdPrv,Physical Inactivity
2023,NC,North Carolina,Guilford,37081,37081010602,BRFSS,Health Risk Behaviors,No leisure-time physical activity among adults,%,Crude prevalence,17.5,13.7,21.7,6114,5629,"{'type': 'Point', 'coordinates': [-79.8230971, 36.0682088]}",37081010602,RISKBEH,LPA,CrdPrv,Physical Inactivity
2023,NC,North Carolina,Haywood,37087,37087921201,BRFSS,Health Risk Behaviors,No leisure-time physical activity among adults,%,Crude prevalence,26.1,21.2,31.6,1800,1483,"{'type': 'Point', 'coordinates': [-83.0034989, 35.4769051]}",37087921201,RISKBEH,LPA,CrdPrv,Physical Inactivity
2023,NC,North Carolina,Harnett,37085,37085070100,BRFSS,Health Risk Behaviors,No leisure-time physical activity among adults,%,Crude prevalence,30.1,25.3,35.0,3870,2931,"{'type': 'Point', 'coordinates': [-78.618099, 35.2786325]}",37085070100,RISKBEH,LPA,CrdPrv,Physical Inactivity
2023,NC,North Carolina,Henderson,37089,37089930501,BRFSS,Health Risk Behaviors,No leisure-time physical activity among adults,%,Crude prevalence,19.5,16.0,23.8,5566,4334,"{'type': 'Point', 'coordinates': [-82.4940408, 35.3972583]}",37089930501,RISKBEH,LPA,CrdPrv,Physical Inactivity
2023,NC,North Carolina,Guilford,37081,37081014409,BRFSS,Health Risk Behaviors,No leisure-time physical activity among adults,%,Crude prevalence,25.4,20.9,30.4,3038,2455,"{'type': 'Point', 'coordinates': [-80.0206346, 36.0018883]}",37081014409,RISKBEH,LPA,CrdPrv,Physical Inactivity
2023,NC,North Carolina,Guilford,37081,37081016600,BRFSS,Health Risk Behaviors,No leisure-time physical activity among adults,%,Crude prevalence,31.4,26.8,36.3,2452,1958,"{'type': 'Point', 'coordinates': [-79.918624, 35.9467019]}",37081016600,RISKBEH,LPA,CrdPrv,Physical Inactivity
2023,NC,North Carolina,Guilford,37081,37081010403,BRFSS,Health Risk Behaviors,No leisure-time physical activity among adults,%,Crude prevalence,16.6,13.4,20.3,1634,1324,"{'type': 'Point', 'coordinates': [-79.8152179, 36.1048626]}",37081010403,RISKBEH,LPA,CrdPrv,Physical Inactivity
2023,NC,North Carolina,Guilford,37081,37081016304,BRFSS,Health Risk Behaviors,No leisure-time physical activity among adults,%,Crude prevalence,17.6,14.1,21.6,3688,2997,"{'type': 'Point', 'coordinates': [-80.0034769, 36.0201771]}",37081016304,RISKBEH,LPA,CrdPrv,Physical Inactivity
2023,NC,North Carolina,Henderson,37089,37089930301,BRFSS,Health Risk Behaviors,No leisure-time physical activity among adults,%,Crude prevalence,27.2,22.7,32.1,4089,3351,"{'type': 'Point', 'coordinates': [-82.3894118, 35.3643901]}",37089930301,RISKBEH,LPA,CrdPrv,Physical Inactivity
2023,NC,North Carolina,Forsyth,37067,37067002904,BRFSS,Health Risk Behaviors,No leisure-time physical activity among adults,%,Crude prevalence,26.7,22.3,31.4,2027,1669,"{'type': 'Point', 'coordinates': [-80.1734388, 36.2106829]}",37067002904,RISKBEH,LPA,CrdPrv,Physical Inactivity
2023,NC,North Carolina,Gaston,37071,37071032100,BRFSS,Health Risk Behaviors,No leisure-time physical activity among adults,%,Crude prevalence,32.8,27.4,37.9,2862,2263,"{'type': 'Point', 'coordinates': [-81.1479165, 35.2691316]}",37071032100,RISKBEH,LPA,CrdPrv,Physical Inactivity
2023,NC,North Carolina,Forsyth,37067,37067004015,BRFSS,Health Risk Behaviors,No leisure-time physical activity among adults,%,Crude prevalence,20.1,16.5,24.2,4624,3504,"{'type': 'Point', 'coordinates': [-80.3624518, 36.004688]}",37067004015,RISKBEH,LPA,CrdPrv,Physical Inactivity
2023,NC,North Carolina,Henderson,37089,37089930100,BRFSS,Health Risk Behaviors,No leisure-time physical activity among adults,%,Crude prevalence,23.8,19.6,28.2,4622,3673,"{'type': 'Point', 'coordinates': [-82.3488867, 35.446124]}",37089930100,RISKBEH,LPA,CrdPrv,Physical Inactivity
2023,NC,North Carolina,Harnett,37085,37085071402,BRFSS,Health Risk Behaviors,No leisure-time physical activity among adults,%,Crude prevalence,24.7,20.3,29.2,11784,7089,"{'type': 'Point', 'coordinates': [-79.1255869, 35.2299302]}",37085071402,RISKBEH,LPA,CrdPrv,Physical Inactivity
2023,NC,North Carolina,Guilford,37081,37081011904,BRFSS,Health Risk Behaviors,No leisure-time physical activity among adults,%,Crude prevalence,29.0,24.0,34.0,5263,3774,"{'type': 'Point', 'coordinates': [-79.773038, 36.1324986]}",37081011904,RISKBEH,LPA,CrdPrv,Physical Inactivity
2023,NC,North Carolina,Guilford,37081,37081015706,BRFSS,Health Risk Behaviors,No leisure-time physical activity among adults,%,Crude prevalence,16.9,14.0,20.5,6193,4807,"{'type': 'Point', 'coordinates': [-79.7995088, 36.1612028]}",37081015706,RISKBEH,LPA,CrdPrv,Physical Inactivity
2023,NC,North Carolina,Gaston,37071,37071032507,BRFSS,Health Risk Behaviors,No leisure-time physical activity among adults,%,Crude prevalence,18.4,14.7,22.4,4031,3043,"{'type': 'Point', 'coordinates': [-81.1064682, 35.2290136]}",37071032507,RISKBEH,LPA,CrdPrv,Physical Inactivity
2023,NC,North Carolina,Harnett,37085,37085070901,BRFSS,Health Risk Behaviors,No leisure-time physical activity among adults,%,Crude prevalence,28.6,23.9,33.8,2844,2139,"{'type': 'Point', 'coordinates': [-78.7219318, 35.5126734]}",37085070901,RISKBEH,LPA,CrdPrv,Physical Inactivity
2023,NC,North Carolina,Halifax,37083,37083930702,BRFSS,Health Risk Behaviors,No leisure-time physical activity among adults,%,Crude prevalence,28.7,24.2,34.7,2468,2119,"{'type': 'Point', 'coordinates': [-77.8480987, 36.4681732]}",37083930702,RISKBEH,LPA,CrdPrv,Physical Inactivity
2023,NC,North Carolina,Guilford,37081,37081013900,BRFSS,Health Risk Behaviors,No leisure-time physical activity among adults,%,Crude prevalence,51.0,45.2,56.8,4425,2997,"{'type': 'Point', 'coordinates': [-79.9872123, 35.9590203]}",37081013900,RISKBEH,LPA,CrdPrv,Physical Inactivity
2023,NC,North Carolina,Gaston,37071,37071032801,BRFSS,Health Risk Behaviors,No leisure-time physical activity among adults,%,Crude prevalence,28.9,24.1,33.8,2439,1981,"{'type': 'Point', 'coordinates': [-81.1803647, 35.249347]}",37071032801,RISKBEH,LPA,CrdPrv,Physical Inactivity
2023,NC,North Carolina,Hoke,37093,37093970402,BRFSS,Health Risk Behaviors,No leisure-time physical activity among adults,%,Crude prevalence,37.2,31.7,43.0,2742,2043,"{'type': 'Point', 'coordinates': [-79.2356703, 34.8906225]}",37093970402,RISKBEH,LPA,CrdPrv,Physical Inactivity
2023,NC,North Carolina,Guilford,37081,37081016701,BRFSS,Health Risk Behaviors,No leisure-time physical activity among adults,%,Crude prevalence,26.8,22.7,31.4,6046,4649,"{'type': 'Point', 'coordinates': [-79.8425974, 35.9850667]}",37081016701,RISKBEH,LPA,CrdPrv,Physical Inactivity
2023,NC,North Carolina,Franklin,37069,37069060802,BRFSS,Health Risk Behaviors,No leisure-time physical activity among adults,%,Crude prevalence,26.3,21.6,31.5,5319,4139,"{'type': 'Point', 'coordinates': [-78.2724225, 35.8909038]}",37069060802,RISKBEH,LPA,CrdPrv,Physical Inactivity
2023,NC,North Carolina,Hoke,37093,37093970108,BRFSS,Health Risk Behaviors,No leisure-time physical activity among adults,%,Crude prevalence,23.2,19.3,27.5,5264,3796,"{'type': 'Point', 'coordinates': [-79.0752051, 34.9727686]}",37093970108,RISKBEH,LPA,CrdPrv,Physical Inactivity
2023,NC,North Carolina,Guilford,37081,37081016204,BRFSS,Health Risk Behaviors,No leisure-time physical activity among adults,%,Crude prevalence,16.8,13.8,20.3,4557,3285,"{'type': 'Point', 'coordinates': [-79.9824065, 36.0653798]}",37081016204,RISKBEH,LPA,CrdPrv,Physical Inactivity
2023,NC,North Carolina,Guilford,37081,37081011300,BRFSS,Health Risk Behaviors,No leisure-time physical activity among adults,%,Crude prevalence,37.8,32.1,43.7,2956,2281,"{'type': 'Point', 'coordinates': [-79.7823577, 36.049721]}",37081011300,RISKBEH,LPA,CrdPrv,Physical Inactivity
2023,NC,North Carolina,Guilford,37081,37081015100,BRFSS,Health Risk Behaviors,No leisure-time physical activity among adults,%,Crude prevalence,23.3,19.3,27.3,5594,4355,"{'type': 'Point', 'coordinates': [-79.6136675, 36.2150623]}",37081015100,RISKBEH,LPA,CrdPrv,Physical Inactivity
2023,NC,North Carolina,Gates,37073,37073970200,BRFSS,Health Risk Behaviors,No leisure-time physical activity among adults,%,Crude prevalence,27.9,23.3,32.9,3476,2762,"{'type': 'Point', 'coordinates': [-76.7196874, 36.4659822]}",37073970200,RISKBEH,LPA,CrdPrv,Physical Inactivity
2023,NC,North Carolina,Iredell,37097,37097060601,BRFSS,Health Risk Behaviors,No leisure-time physical activity among adults,%,Crude prevalence,27.8,23.2,33.0,6425,4967,"{'type': 'Point', 'coordinates': [-80.8501803, 35.7949144]}",37097060601,RISKBEH,LPA,CrdPrv,Physical Inactivity
2023,NC,North Carolina,Forsyth,37067,37067003701,BRFSS,Health Risk Behaviors,No leisure-time physical activity among adults,%,Crude prevalence,28.9,24.4,33.6,4686,3650,"{'type': 'Point', 'coordinates': [-80.2697237, 36.0559665]}",37067003701,RISKBEH,LPA,CrdPrv,Physical Inactivity
2023,NC,North Carolina,Forsyth,37067,37067003307,BRFSS,Health Risk Behaviors,No leisure-time physical activity among adults,%,Crude prevalence,23.4,19.6,27.7,3798,2995,"{'type': 'Point', 'coordinates': [-80.1014698, 36.1013733]}",37067003307,RISKBEH,LPA,CrdPrv,Physical Inactivity
2023,NC,North Carolina,Gaston,37071,37071030503,BRFSS,Health Risk Behaviors,No leisure-time physical activity among adults,%,Crude prevalence,28.9,24.1,33.7,2192,1707,"{'type': 'Point', 'coordinates': [-81.3417749, 35.3225796]}",37071030503,RISKBEH,LPA,CrdPrv,Physical Inactivity
2023,NC,North Carolina,Henderson,37089,37089930701,BRFSS,Health Risk Behaviors,No leisure-time physical activity among adults,%,Crude prevalence,18.0,14.2,22.3,3669,2894,"{'type': 'Point', 'coordinates': [-82.5982944, 35.4214341]}",37089930701,RISKBEH,LPA,CrdPrv,Physical Inactivity
2023,NC,North Carolina,Gaston,37071,37071032202,BRFSS,Health Risk Behaviors,No leisure-time physical activity among adults,%,Crude prevalence,23.0,18.5,27.8,1858,1504,"{'type': 'Point', 'coordinates': [-81.0759183, 35.2394533]}",37071032202,RISKBEH,LPA,CrdPrv,Physical Inactivity
2023,NC,North Carolina,Gaston,37071,37071032702,BRFSS,Health Risk Behaviors,No leisure-time physical activity among adults,%,Crude prevalence,23.3,18.5,27.8,2212,1850,"{'type': 'Point', 'coordinates': [-81.1636087, 35.2269909]}",37071032702,RISKBEH,LPA,CrdPrv,Physical Inactivity
2023,NC,North Carolina,Gaston,37071,37071031204,BRFSS,Health Risk Behaviors,No leisure-time physical activity among adults,%,Crude prevalence,25.2,21.0,29.6,1596,1302,"{'type': 'Point', 'coordinates': [-81.028482, 35.279353]}",37071031204,RISKBEH,LPA,CrdPrv,Physical Inactivity
2023,NC,North Carolina,Franklin,37069,37069060703,BRFSS,Health Risk Behaviors,No leisure-time physical activity among adults,%,Crude prevalence,22.5,18.1,27.4,2423,2041,"{'type': 'Point', 'coordinates': [-78.2049592, 35.9669955]}",37069060703,RISKBEH,LPA,CrdPrv,Physical Inactivity
2023,NC,North Carolina,Guilford,37081,37081015301,BRFSS,Health Risk Behaviors,No leisure-time physical activity among adults,%,Crude prevalence,21.9,18.3,25.8,5506,4370,"{'type': 'Point', 'coordinates': [-79.62691, 36.103609]}",37081015301,RISKBEH,LPA,CrdPrv,Physical Inactivity
2023,NC,North Carolina,Gaston,37071,37071031303,BRFSS,Health Risk Behaviors,No leisure-time physical activity among adults,%,Crude prevalence,30.3,25.4,35.0,1727,1310,"{'type': 'Point', 'coordinates': [-81.1174215, 35.2673233]}",37071031303,RISKBEH,LPA,CrdPrv,Physical Inactivity
2023,NC,North Carolina,Forsyth,37067,37067003903,BRFSS,Health Risk Behaviors,No leisure-time physical activity among adults,%,Crude prevalence,32.1,27.1,37.4,4860,3763,"{'type': 'Point', 'coordinates': [-80.3190051, 36.0831166]}",37067003903,RISKBEH,LPA,CrdPrv,Physical Inactivity
2023,NC,North Carolina,Gaston,37071,37071030104,BRFSS,Health Risk Behaviors,No leisure-time physical activity among adults,%,Crude prevalence,17.4,14.0,20.8,2307,1840,"{'type': 'Point', 'coordinates': [-80.9937695, 35.3919499]}",37071030104,RISKBEH,LPA,CrdPrv,Physical Inactivity
2023,NC,North Carolina,Guilford,37081,37081010404,BRFSS,Health Risk Behaviors,No leisure-time physical activity among adults,%,Crude prevalence,12.6,9.7,15.8,2533,2004,"{'type': 'Point', 'coordinates': [-79.7995353, 36.1011893]}",37081010404,RISKBEH,LPA,CrdPrv,Physical Inactivity
2023,NC,North Carolina,Gaston,37071,37071032403,BRFSS,Health Risk Behaviors,No leisure-time physical activity among adults,%,Crude prevalence,20.5,16.6,24.8,2961,2375,"{'type': 'Point', 'coordinates': [-81.0536046, 35.2270898]}",37071032403,RISKBEH,LPA,CrdPrv,Physical Inactivity
2023,NC,North Carolina,Henderson,37089,37089930402,BRFSS,Health Risk Behaviors,No leisure-time physical activity among adults,%,Crude prevalence,26.7,22.2,31.8,3021,2503,"{'type': 'Point', 'coordinates': [-82.4031908, 35.3878393]}",37089930402,RISKBEH,LPA,CrdPrv,Physical Inactivity
2023,NC,North Carolina,Halifax,37083,37083930902,BRFSS,Health Risk Behaviors,No leisure-time physical activity among adults,%,Crude prevalence,45.0,39.6,51.7,2764,2174,"{'type': 'Point', 'coordinates': [-77.6398018, 36.1630097]}",37083930902,RISKBEH,LPA,CrdPrv,Physical Inactivity
2023,NC,North Carolina,Gaston,37071,37071030504,BRFSS,Health Risk Behaviors,No leisure-time physical activity among adults,%,Crude prevalence,22.2,18.0,26.6,1682,1364,"{'type': 'Point', 'coordinates': [-81.3105183, 35.3347485]}",37071030504,RISKBEH,LPA,CrdPrv,Physical Inactivity
2023,NC,North Carolina,Henderson,37089,37089930900,BRFSS,Health Risk Behaviors,No leisure-time physical activity among adults,%,Crude prevalence,20.9,17.1,24.7,3346,2713,"{'type': 'Point', 'coordinates': [-82.4887503, 35.3526442]}",37089930900,RISKBEH,LPA,CrdPrv,Physical Inactivity
2023,NC,North Carolina,Forsyth,37067,37067003312,BRFSS,Health Risk Behaviors,No leisure-time physical activity among adults,%,Crude prevalence,20.5,16.8,24.6,4537,3624,"{'type': 'Point', 'coordinates': [-80.0901788, 36.0596689]}",37067003312,RISKBEH,LPA,CrdPrv,Physical Inactivity
2023,NC,North Carolina,Guilford,37081,37081012505,BRFSS,Health Risk Behaviors,No leisure-time physical activity among adults,%,Crude prevalence,12.8,10.3,15.9,4410,3530,"{'type': 'Point', 'coordinates': [-79.8560549, 36.0862135]}",37081012505,RISKBEH,LPA,CrdPrv,Physical Inactivity
2023,NC,North Carolina,Franklin,37069,37069060200,BRFSS,Health Risk Behaviors,No leisure-time physical activity among adults,%,Crude prevalence,27.2,22.9,32.4,3279,2665,"{'type': 'Point', 'coordinates': [-78.1213975, 36.1481014]}",37069060200,RISKBEH,LPA,CrdPrv,Physical Inactivity
2023,NC,North Carolina,Iredell,37097,37097060100,BRFSS,Health Risk Behaviors,No leisure-time physical activity among adults,%,Crude prevalence,26.4,21.6,32.0,5926,4668,"{'type': 'Point', 'coordinates': [-80.871839, 35.7902418]}",37097060100,RISKBEH,LPA,CrdPrv,Physical Inactivity
2023,NC,North Carolina,Granville,37077,37077970701,BRFSS,Health Risk Behaviors,No leisure-time physical activity among adults,%,Crude prevalence,23.9,19.7,28.6,5437,4221,"{'type': 'Point', 'coordinates': [-78.7481981, 36.2292223]}",37077970701,RISKBEH,LPA,CrdPrv,Physical Inactivity
2023,NC,North Carolina,Gaston,37071,37071031901,BRFSS,Health Risk Behaviors,No leisure-time physical activity among adults,%,Crude prevalence,36.5,30.7,42.2,585,453,"{'type': 'Point', 'coordinates': [-81.1867031, 35.2624255]}",37071031901,RISKBEH,LPA,CrdPrv,Physical Inactivity
2023,NC,North Carolina,Hertford,37091,37091950201,BRFSS,Health Risk Behaviors,No leisure-time physical activity among adults,%,Crude prevalence,31.9,26.9,37.1,2182,1737,"{'type': 'Point', 'coordinates': [-76.8205937, 36.3048813]}",37091950201,RISKBEH,LPA,CrdPrv,Physical Inactivity
2023,NC,North Carolina,Mecklenburg,37119,37119001911,BRFSS,Health Risk Behaviors,No leisure-time physical activity among adults,%,Crude prevalence,26.0,22.1,30.1,5812,4339,"{'type': 'Point', 'coordinates': [-80.7185457, 35.1890033]}",37119001911,RISKBEH,LPA,CrdPrv,Physical Inactivity
2023,NC,North Carolina,Iredell,37097,37097061503,BRFSS,Health Risk Behaviors,No leisure-time physical activity among adults,%,Crude prevalence,19.4,15.6,23.6,4928,3692,"{'type': 'Point', 'coordinates': [-80.7960929, 35.5582608]}",37097061503,RISKBEH,LPA,CrdPrv,Physical Inactivity
2023,NC,North Carolina,Lee,37105,37105030506,BRFSS,Health Risk Behaviors,No leisure-time physical activity among adults,%,Crude prevalence,27.1,22.3,32.0,1385,1038,"{'type': 'Point', 'coordinates': [-79.1284479, 35.4177001]}",37105030506,RISKBEH,LPA,CrdPrv,Physical Inactivity
2023,NC,North Carolina,Johnston,37101,37101040205,BRFSS,Health Risk Behaviors,No leisure-time physical activity among adults,%,Crude prevalence,21.8,18.0,26.1,6321,4748,"{'type': 'Point', 'coordinates': [-78.3150263, 35.7140168]}",37101040205,RISKBEH,LPA,CrdPrv,Physical Inactivity
2023,NC,North Carolina,Mecklenburg,37119,37119003110,BRFSS,Health Risk Behaviors,No leisure-time physical activity among adults,%,Crude prevalence,12.9,10.4,15.8,2141,1879,"{'type': 'Point', 'coordinates': [-80.8693938, 35.1689417]}",37119003110,RISKBEH,LPA,CrdPrv,Physical Inactivity
2023,NC,North Carolina,Mecklenburg,37119,37119000102,BRFSS,Health Risk Behaviors,No leisure-time physical activity among adults,%,Crude prevalence,11.4,9.1,14.3,2749,2665,"{'type': 'Point', 'coordinates': [-80.8490392, 35.2255892]}",37119000102,RISKBEH,LPA,CrdPrv,Physical Inactivity
2023,NC,North Carolina,McDowell,37111,37111970903,BRFSS,Health Risk Behaviors,No leisure-time physical activity among adults,%,Crude prevalence,23.7,19.3,28.7,4704,3935,"{'type': 'Point', 'coordinates': [-81.9358395, 35.594445]}",37111970903,RISKBEH,LPA,CrdPrv,Physical Inactivity
2023,NC,North Carolina,Mecklenburg,37119,37119005610,BRFSS,Health Risk Behaviors,No leisure-time physical activity among adults,%,Crude prevalence,23.0,19.2,27.1,3315,2619,"{'type': 'Point', 'coordinates': [-80.7067301, 35.3215573]}",37119005610,RISKBEH,LPA,CrdPrv,Physical Inactivity
2023,NC,North Carolina,Mecklenburg,37119,37119002005,BRFSS,Health Risk Behaviors,No leisure-time physical activity among adults,%,Crude prevalence,15.1,12.2,18.3,2568,2042,"{'type': 'Point', 'coordinates': [-80.7979076, 35.1654866]}",37119002005,RISKBEH,LPA,CrdPrv,Physical Inactivity
2023,NC,North Carolina,Mecklenburg,37119,37119005100,BRFSS,Health Risk Behaviors,No leisure-time physical activity among adults,%,Crude prevalence,43.3,38.0,49.0,2522,1884,"{'type': 'Point', 'coordinates': [-80.8268574, 35.2624641]}",37119005100,RISKBEH,LPA,CrdPrv,Physical Inactivity
2023,NC,North Carolina,Mecklenburg,37119,37119001921,BRFSS,Health Risk Behaviors,No leisure-time physical activity among adults,%,Crude prevalence,29.8,25.3,34.4,2454,1798,"{'type': 'Point', 'coordinates': [-80.7310428, 35.1717585]}",37119001921,RISKBEH,LPA,CrdPrv,Physical Inactivity
2023,NC,North Carolina,Johnston,37101,37101040210,BRFSS,Health Risk Behaviors,No leisure-time physical activity among adults,%,Crude prevalence,16.5,13.2,20.1,2303,1679,"{'type': 'Point', 'coordinates': [-78.4118509, 35.6761417]}",37101040210,RISKBEH,LPA,CrdPrv,Physical Inactivity
2023,NC,North Carolina,Mecklenburg,37119,37119001910,BRFSS,Health Risk Behaviors,No leisure-time physical activity among adults,%,Crude prevalence,36.5,31.6,41.3,5007,3646,"{'type': 'Point', 'coordinates': [-80.7337135, 35.1946576]}",37119001910,RISKBEH,LPA,CrdPrv,Physical Inactivity
2023,NC,North Carolina,Lenoir,37107,37107010800,BRFSS,Health Risk Behaviors,No leisure-time physical activity among adults,%,Crude prevalence,35.6,30.0,41.4,4952,4107,"{'type': 'Point', 'coordinates': [-77.6136934, 35.2829952]}",37107010800,RISKBEH,LPA,CrdPrv,Physical Inactivity
2023,NC,North Carolina,Lenoir,37107,37107010300,BRFSS,Health Risk Behaviors,No leisure-time physical activity among adults,%,Crude prevalence,49.9,42.8,56.8,1465,929,"{'type': 'Point', 'coordinates': [-77.57055, 35.2458858]}",37107010300,RISKBEH,LPA,CrdPrv,Physical Inactivity
2023,NC,North Carolina,Iredell,37097,37097061406,BRFSS,Health Risk Behaviors,No leisure-time physical activity among adults,%,Crude prevalence,14.0,10.7,17.8,5067,3844,"{'type': 'Point', 'coordinates': [-80.929258, 35.5285745]}",37097061406,RISKBEH,LPA,CrdPrv,Physical Inactivity
2023,NC,North Carolina,Mecklenburg,37119,37119001917,BRFSS,Health Risk Behaviors,No leisure-time physical activity among adults,%,Crude prevalence,36.5,31.9,41.1,3775,2805,"{'type': 'Point', 'coordinates': [-80.6892184, 35.2009127]}",37119001917,RISKBEH,LPA,CrdPrv,Physical Inactivity
2023,NC,North Carolina,Mecklenburg,37119,37119003500,BRFSS,Health Risk Behaviors,No leisure-time physical activity among adults,%,Crude prevalence,10.4,8.4,12.6,2901,2499,"{'type': 'Point', 'coordinates': [-80.8456285, 35.2075371]}",37119003500,RISKBEH,LPA,CrdPrv,Physical Inactivity
2023,NC,North Carolina,Mecklenburg,37119,37119001607,BRFSS,Health Risk Behaviors,No leisure-time physical activity among adults,%,Crude prevalence,38.2,33.1,43.6,2629,1882,"{'type': 'Point', 'coordinates': [-80.7462235, 35.2093483]}",37119001607,RISKBEH,LPA,CrdPrv,Physical Inactivity
2023,NC,North Carolina,Mecklenburg,37119,37119002905,BRFSS,Health Risk Behaviors,No leisure-time physical activity among adults,%,Crude prevalence,12.7,10.3,15.8,3784,2805,"{'type': 'Point', 'coordinates': [-80.8220097, 35.1698353]}",37119002905,RISKBEH,LPA,CrdPrv,Physical Inactivity
2023,NC,North Carolina,Mecklenburg,37119,37119004306,BRFSS,Health Risk Behaviors,No leisure-time physical activity among adults,%,Crude prevalence,35.4,30.4,40.8,2570,1832,"{'type': 'Point', 'coordinates': [-80.9117199, 35.2422404]}",37119004306,RISKBEH,LPA,CrdPrv,Physical Inactivity
2023,NC,North Carolina,Johnston,37101,37101040101,BRFSS,Health Risk Behaviors,No leisure-time physical activity among adults,%,Crude prevalence,26.4,22.1,31.0,2802,2148,"{'type': 'Point', 'coordinates': [-78.1325843, 35.5908521]}",37101040101,RISKBEH,LPA,CrdPrv,Physical Inactivity
2023,NC,North Carolina,Lincoln,37109,37109070400,BRFSS,Health Risk Behaviors,No leisure-time physical activity among adults,%,Crude prevalence,26.2,21.3,31.3,5881,4713,"{'type': 'Point', 'coordinates': [-81.2838635, 35.435001]}",37109070400,RISKBEH,LPA,CrdPrv,Physical Inactivity
2023,NC,North Carolina,Mecklenburg,37119,37119005530,BRFSS,Health Risk Behaviors,No leisure-time physical activity among adults,%,Crude prevalence,17.4,14.2,20.8,3832,2889,"{'type': 'Point', 'coordinates': [-80.7778091, 35.3594366]}",37119005530,RISKBEH,LPA,CrdPrv,Physical Inactivity
2023,NC,North Carolina,Mecklenburg,37119,37119005308,BRFSS,Health Risk Behaviors,No leisure-time physical activity among adults,%,Crude prevalence,43.0,37.1,49.0,3110,2067,"{'type': 'Point', 'coordinates': [-80.7709241, 35.2746194]}",37119005308,RISKBEH,LPA,CrdPrv,Physical Inactivity
2023,NC,North Carolina,Macon,37113,37113970501,BRFSS,Health Risk Behaviors,No leisure-time physical activity among adults,%,Crude prevalence,23.3,18.3,28.4,1604,1390,"{'type': 'Point', 'coordinates': [-83.2189368, 35.0926118]}",37113970501,RISKBEH,LPA,CrdPrv,Physical Inactivity
2023,NC,North Carolina,Mecklenburg,37119,37119005829,BRFSS,Health Risk Behaviors,No leisure-time physical activity among adults,%,Crude prevalence,20.0,16.7,23.5,2511,2057,"{'type': 'Point', 'coordinates': [-80.8718492, 35.0921183]}",37119005829,RISKBEH,LPA,CrdPrv,Physical Inactivity
2023,NC,North Carolina,Johnston,37101,37101041510,BRFSS,Health Risk Behaviors,No leisure-time physical activity among adults,%,Crude prevalence,25.0,20.5,29.6,1983,1470,"{'type': 'Point', 'coordinates': [-78.5710772, 35.4458095]}",37101041510,RISKBEH,LPA,CrdPrv,Physical Inactivity
2023,NC,North Carolina,Macon,37113,37113970303,BRFSS,Health Risk Behaviors,No leisure-time physical activity among adults,%,Crude prevalence,28.6,23.2,34.1,2126,1719,"{'type': 'Point', 'coordinates': [-83.3819902, 35.208622]}",37113970303,RISKBEH,LPA,CrdPrv,Physical Inactivity
2023,NC,North Carolina,Mecklenburg,37119,37119005811,BRFSS,Health Risk Behaviors,No leisure-time physical activity among adults,%,Crude prevalence,21.4,17.5,25.5,4433,3720,"{'type': 'Point', 'coordinates': [-80.7544662, 35.1392464]}",37119005811,RISKBEH,LPA,CrdPrv,Physical Inactivity
2023,NC,North Carolina,Mecklenburg,37119,37119005716,BRFSS,Health Risk Behaviors,No leisure-time physical activity among adults,%,Crude prevalence,25.2,21.3,29.5,4892,3672,"{'type': 'Point', 'coordinates': [-80.7198741, 35.167439]}",37119005716,RISKBEH,LPA,CrdPrv,Physical Inactivity
2023,NC,North Carolina,Mecklenburg,37119,37119005828,BRFSS,Health Risk Behaviors,No leisure-time physical activity among adults,%,Crude prevalence,15.7,12.3,19.6,3783,3010,"{'type': 'Point', 'coordinates': [-80.8687767, 35.1052181]}",37119005828,RISKBEH,LPA,CrdPrv,Physical Inactivity
2023,NC,North Carolina,Mecklenburg,37119,37119003109,BRFSS,Health Risk Behaviors,No leisure-time physical activity among adults,%,Crude prevalence,32.9,27.9,38.4,4076,3126,"{'type': 'Point', 'coordinates': [-80.8768584, 35.1208375]}",37119003109,RISKBEH,LPA,CrdPrv,Physical Inactivity
2023,NC,North Carolina,Mecklenburg,37119,37119001608,BRFSS,Health Risk Behaviors,No leisure-time physical activity among adults,%,Crude prevalence,36.4,31.3,41.5,4104,3033,"{'type': 'Point', 'coordinates': [-80.7615384, 35.2362394]}",37119001608,RISKBEH,LPA,CrdPrv,Physical Inactivity
2023,NC,North Carolina,Mecklenburg,37119,37119005856,BRFSS,Health Risk Behaviors,No leisure-time physical activity among adults,%,Crude prevalence,13.9,11.3,17.0,2848,1929,"{'type': 'Point', 'coordinates': [-80.8629072, 35.0351819]}",37119005856,RISKBEH,LPA,CrdPrv,Physical Inactivity
2023,NC,North Carolina,Mecklenburg,37119,37119005860,BRFSS,Health Risk Behaviors,No leisure-time physical activity among adults,%,Crude prevalence,15.3,12.5,18.5,4157,2972,"{'type': 'Point', 'coordinates': [-80.8392606, 35.049106]}",37119005860,RISKBEH,LPA,CrdPrv,Physical Inactivity
2023,NC,North Carolina,McDowell,37111,37111970101,BRFSS,Health Risk Behaviors,No leisure-time physical activity among adults,%,Crude prevalence,26.7,21.9,31.7,2058,1654,"{'type': 'Point', 'coordinates': [-82.0851231, 35.7890067]}",37111970101,RISKBEH,LPA,CrdPrv,Physical Inactivity
2023,NC,North Carolina,Mecklenburg,37119,37119005618,BRFSS,Health Risk Behaviors,No leisure-time physical activity among adults,%,Crude prevalence,20.2,16.8,24.1,3272,2536,"{'type': 'Point', 'coordinates': [-80.6865346, 35.2661197]}",37119005618,RISKBEH,LPA,CrdPrv,Physical Inactivity
2023,NC,North Carolina,Johnston,37101,37101040400,BRFSS,Health Risk Behaviors,No leisure-time physical activity among adults,%,Crude prevalence,24.4,20.4,28.9,5070,3787,"{'type': 'Point', 'coordinates': [-78.2322791, 35.5132516]}",37101040400,RISKBEH,LPA,CrdPrv,Physical Inactivity
2023,NC,North Carolina,Lee,37105,37105030401,BRFSS,Health Risk Behaviors,No leisure-time physical activity among adults,%,Crude prevalence,34.6,29.2,40.4,3777,2729,"{'type': 'Point', 'coordinates': [-79.1331218, 35.4831283]}",37105030401,RISKBEH,LPA,CrdPrv,Physical Inactivity
2023,NC,North Carolina,Mecklenburg,37119,37119005839,BRFSS,Health Risk Behaviors,No leisure-time physical activity among adults,%,Crude prevalence,16.5,13.7,20.0,2763,2286,"{'type': 'Point', 'coordinates': [-80.8369114, 35.0711566]}",37119005839,RISKBEH,LPA,CrdPrv,Physical Inactivity
2023,NC,North Carolina,Mecklenburg,37119,37119005511,BRFSS,Health Risk Behaviors,No leisure-time physical activity among adults,%,Crude prevalence,20.9,17.2,25.0,4242,3428,"{'type': 'Point', 'coordinates': [-80.8100015, 35.3358195]}",37119005511,RISKBEH,LPA,CrdPrv,Physical Inactivity
2023,NC,North Carolina,Mecklenburg,37119,37119005522,BRFSS,Health Risk Behaviors,No leisure-time physical activity among adults,%,Crude prevalence,19.7,16.2,23.4,4793,3774,"{'type': 'Point', 'coordinates': [-80.7869611, 35.3207514]}",37119005522,RISKBEH,LPA,CrdPrv,Physical Inactivity
2023,NC,North Carolina,Mecklenburg,37119,37119003802,BRFSS,Health Risk Behaviors,No leisure-time physical activity among adults,%,Crude prevalence,27.9,23.2,33.1,3615,2831,"{'type': 'Point', 'coordinates': [-80.8880917, 35.191232]}",37119003802,RISKBEH,LPA,CrdPrv,Physical Inactivity
2023,NC,North Carolina,Mecklenburg,37119,37119002202,BRFSS,Health Risk Behaviors,No leisure-time physical activity among adults,%,Crude prevalence,14.7,11.7,18.1,3184,2453,"{'type': 'Point', 'coordinates': [-80.8100907, 35.1800114]}",37119002202,RISKBEH,LPA,CrdPrv,Physical Inactivity
2023,NC,North Carolina,Mecklenburg,37119,37119005849,BRFSS,Health Risk Behaviors,No leisure-time physical activity among adults,%,Crude prevalence,18.8,15.2,22.9,3826,2871,"{'type': 'Point', 'coordinates': [-80.7227446, 35.081645]}",37119005849,RISKBEH,LPA,CrdPrv,Physical Inactivity
2023,NC,North Carolina,Mecklenburg,37119,37119005525,BRFSS,Health Risk Behaviors,No leisure-time physical activity among adults,%,Crude prevalence,23.1,19.3,27.2,4350,3291,"{'type': 'Point', 'coordinates': [-80.7939954, 35.371374]}",37119005525,RISKBEH,LPA,CrdPrv,Physical Inactivity
2023,NC,North Carolina,McDowell,37111,37111970102,BRFSS,Health Risk Behaviors,No leisure-time physical activity among adults,%,Crude prevalence,25.0,20.4,30.6,3264,2579,"{'type': 'Point', 'coordinates': [-81.9504607, 35.8595212]}",37111970102,RISKBEH,LPA,CrdPrv,Physical Inactivity
2023,NC,North Carolina,Johnston,37101,37101040501,BRFSS,Health Risk Behaviors,No leisure-time physical activity among adults,%,Crude prevalence,30.8,25.9,35.8,4735,3540,"{'type': 'Point', 'coordinates': [-78.1990242, 35.4268123]}",37101040501,RISKBEH,LPA,CrdPrv,Physical Inactivity
2023,NC,North Carolina,Iredell,37097,37097061201,BRFSS,Health Risk Behaviors,No leisure-time physical activity among adults,%,Crude prevalence,18.7,15.2,22.7,5186,3960,"{'type': 'Point', 'coordinates': [-80.9088695, 35.7360998]}",37097061201,RISKBEH,LPA,CrdPrv,Physical Inactivity
2023,NC,North Carolina,Mecklenburg,37119,37119003401,BRFSS,Health Risk Behaviors,No leisure-time physical activity among adults,%,Crude prevalence,8.5,6.8,10.5,2168,1892,"{'type': 'Point', 'coordinates': [-80.8590305, 35.2028641]}",37119003401,RISKBEH,LPA,CrdPrv,Physical Inactivity
2023,NC,North Carolina,Johnston,37101,37101041507,BRFSS,Health Risk Behaviors,No leisure-time physical activity among adults,%,Crude prevalence,20.9,16.9,25.2,4192,3132,"{'type': 'Point', 'coordinates': [-78.6072792, 35.5431655]}",37101041507,RISKBEH,LPA,CrdPrv,Physical Inactivity
2023,NC,North Carolina,Mecklenburg,37119,37119005850,BRFSS,Health Risk Behaviors,No leisure-time physical activity among adults,%,Crude prevalence,13.7,11.3,16.2,2848,2211,"{'type': 'Point', 'coordinates': [-80.7599197, 35.0514308]}",37119005850,RISKBEH,LPA,CrdPrv,Physical Inactivity
2023,NC,North Carolina,Johnston,37101,37101041106,BRFSS,Health Risk Behaviors,No leisure-time physical activity among adults,%,Crude prevalence,18.7,15.1,22.6,5392,3780,"{'type': 'Point', 'coordinates': [-78.4936845, 35.5425719]}",37101041106,RISKBEH,LPA,CrdPrv,Physical Inactivity
2023,NC,North Carolina,Mecklenburg,37119,37119005405,BRFSS,Health Risk Behaviors,No leisure-time physical activity among adults,%,Crude prevalence,23.5,19.4,28.2,3295,2406,"{'type': 'Point', 'coordinates': [-80.8412338, 35.2911864]}",37119005405,RISKBEH,LPA,CrdPrv,Physical Inactivity
2023,NC,North Carolina,Mecklenburg,37119,37119002800,BRFSS,Health Risk Behaviors,No leisure-time physical activity among adults,%,Crude prevalence,11.6,9.3,14.3,3901,2826,"{'type': 'Point', 'coordinates': [-80.8212067, 35.1922203]}",37119002800,RISKBEH,LPA,CrdPrv,Physical Inactivity
2023,NC,North Carolina,Mecklenburg,37119,37119005526,BRFSS,Health Risk Behaviors,No leisure-time physical activity among adults,%,Crude prevalence,17.4,14.4,20.8,3622,2740,"{'type': 'Point', 'coordinates': [-80.8027882, 35.3597254]}",37119005526,RISKBEH,LPA,CrdPrv,Physical Inactivity
2023,NC,North Carolina,Mecklenburg,37119,37119000104,BRFSS,Health Risk Behaviors,No leisure-time physical activity among adults,%,Crude prevalence,11.8,9.6,14.3,1876,1781,"{'type': 'Point', 'coordinates': [-80.8388942, 35.2284742]}",37119000104,RISKBEH,LPA,CrdPrv,Physical Inactivity
2023,NC,North Carolina,Mecklenburg,37119,37119005720,BRFSS,Health Risk Behaviors,No leisure-time physical activity among adults,%,Crude prevalence,20.6,17.2,24.4,2510,2050,"{'type': 'Point', 'coordinates': [-80.6922947, 35.1591217]}",37119005720,RISKBEH,LPA,CrdPrv,Physical Inactivity
2023,NC,North Carolina,Mecklenburg,37119,37119004600,BRFSS,Health Risk Behaviors,No leisure-time physical activity among adults,%,Crude prevalence,37.7,32.3,43.5,2987,2340,"{'type': 'Point', 'coordinates': [-80.8610607, 35.2615509]}",37119004600,RISKBEH,LPA,CrdPrv,Physical Inactivity
2023,NC,North Carolina,Mecklenburg,37119,37119005840,BRFSS,Health Risk Behaviors,No leisure-time physical activity among adults,%,Crude prevalence,14.7,11.6,17.9,2156,1607,"{'type': 'Point', 'coordinates': [-80.8313712, 35.061931]}",37119005840,RISKBEH,LPA,CrdPrv,Physical Inactivity
2023,NC,North Carolina,Mecklenburg,37119,37119003105,BRFSS,Health Risk Behaviors,No leisure-time physical activity among adults,%,Crude prevalence,15.0,12.1,18.3,3733,3060,"{'type': 'Point', 'coordinates': [-80.8604187, 35.1318254]}",37119003105,RISKBEH,LPA,CrdPrv,Physical Inactivity
2023,NC,North Carolina,Johnston,37101,37101040502,BRFSS,Health Risk Behaviors,No leisure-time physical activity among adults,%,Crude prevalence,19.9,15.9,24.3,2269,1706,"{'type': 'Point', 'coordinates': [-78.1550137, 35.4928373]}",37101040502,RISKBEH,LPA,CrdPrv,Physical Inactivity
2023,NC,North Carolina,Macon,37113,37113970502,BRFSS,Health Risk Behaviors,No leisure-time physical activity among adults,%,Crude prevalence,22.3,17.4,27.1,1882,1659,"{'type': 'Point', 'coordinates': [-83.23509, 35.01812]}",37113970502,RISKBEH,LPA,CrdPrv,Physical Inactivity
2023,NC,North Carolina,Johnston,37101,37101040800,BRFSS,Health Risk Behaviors,No leisure-time physical activity among adults,%,Crude prevalence,31.6,26.1,37.2,3495,2769,"{'type': 'Point', 'coordinates': [-78.3609628, 35.4994835]}",37101040800,RISKBEH,LPA,CrdPrv,Physical Inactivity
2023,NC,North Carolina,Mecklenburg,37119,37119005615,BRFSS,Health Risk Behaviors,No leisure-time physical activity among adults,%,Crude prevalence,19.4,16.0,22.8,2548,1891,"{'type': 'Point', 'coordinates': [-80.6861106, 35.2859186]}",37119005615,RISKBEH,LPA,CrdPrv,Physical Inactivity
2023,NC,North Carolina,Mecklenburg,37119,37119003203,BRFSS,Health Risk Behaviors,No leisure-time physical activity among adults,%,Crude prevalence,17.3,14.3,21.0,2888,2475,"{'type': 'Point', 'coordinates': [-80.86335, 35.1773334]}",37119003203,RISKBEH,LPA,CrdPrv,Physical Inactivity
2023,NC,North Carolina,Mecklenburg,37119,37119005623,BRFSS,Health Risk Behaviors,No leisure-time physical activity among adults,%,Crude prevalence,20.5,17.0,24.6,4654,3837,"{'type': 'Point', 'coordinates': [-80.7374432, 35.2897889]}",37119005623,RISKBEH,LPA,CrdPrv,Physical Inactivity
2023,NC,North Carolina,Mecklenburg,37119,37119004303,BRFSS,Health Risk Behaviors,No leisure-time physical activity among adults,%,Crude prevalence,26.4,22.5,30.6,2910,2287,"{'type': 'Point', 'coordinates': [-80.9342155, 35.2550206]}",37119004303,RISKBEH,LPA,CrdPrv,Physical Inactivity
2023,NC,North Carolina,McDowell,37111,37111970902,BRFSS,Health Risk Behaviors,No leisure-time physical activity among adults,%,Crude prevalence,26.7,21.6,32.1,5026,3926,"{'type': 'Point', 'coordinates': [-82.0998778, 35.5621397]}",37111970902,RISKBEH,LPA,CrdPrv,Physical Inactivity
2023,NC,North Carolina,Mecklenburg,37119,37119003020,BRFSS,Health Risk Behaviors,No leisure-time physical activity among adults,%,Crude prevalence,13.9,10.7,17.9,4648,3415,"{'type': 'Point', 'coordinates': [-80.8116744, 35.1149709]}",37119003020,RISKBEH,LPA,CrdPrv,Physical Inactivity
2023,NC,North Carolina,Mecklenburg,37119,37119001508,BRFSS,Health Risk Behaviors,No leisure-time physical activity among adults,%,Crude prevalence,24.9,20.9,29.2,6762,5059,"{'type': 'Point', 'coordinates': [-80.7271364, 35.2425999]}",37119001508,RISKBEH,LPA,CrdPrv,Physical Inactivity
2023,NC,North Carolina,Mecklenburg,37119,37119005835,BRFSS,Health Risk Behaviors,No leisure-time physical activity among adults,%,Crude prevalence,15.2,12.1,18.6,2666,2004,"{'type': 'Point', 'coordinates': [-80.7001724, 35.0975502]}",37119005835,RISKBEH,LPA,CrdPrv,Physical Inactivity
2023,NC,North Carolina,Lincoln,37109,37109070800,BRFSS,Health Risk Behaviors,No leisure-time physical activity among adults,%,Crude prevalence,26.7,22.2,32.0,6249,4864,"{'type': 'Point', 'coordinates': [-81.2381198, 35.5236608]}",37109070800,RISKBEH,LPA,CrdPrv,Physical Inactivity
2023,NC,North Carolina,Jackson,37099,37099950900,BRFSS,Health Risk Behaviors,No leisure-time physical activity among adults,%,Crude prevalence,18.5,14.7,22.6,2835,2528,"{'type': 'Point', 'coordinates': [-83.0933261, 35.0495435]}",37099950900,RISKBEH,LPA,CrdPrv,Physical Inactivity
2023,NC,North Carolina,Lenoir,37107,37107010700,BRFSS,Health Risk Behaviors,No leisure-time physical activity among adults,%,Crude prevalence,42.1,35.9,48.1,2116,1763,"{'type': 'Point', 'coordinates': [-77.5945171, 35.2647871]}",37107010700,RISKBEH,LPA,CrdPrv,Physical Inactivity
2023,NC,North Carolina,Lee,37105,37105030703,BRFSS,Health Risk Behaviors,No leisure-time physical activity among adults,%,Crude prevalence,22.8,18.4,27.7,1922,1465,"{'type': 'Point', 'coordinates': [-79.1438828, 35.5863886]}",37105030703,RISKBEH,LPA,CrdPrv,Physical Inactivity
2023,NC,North Carolina,Mecklenburg,37119,37119005536,BRFSS,Health Risk Behaviors,No leisure-time physical activity among adults,%,Crude prevalence,16.7,13.6,20.1,5887,4682,"{'type': 'Point', 'coordinates': [-80.7730234, 35.2984939]}",37119005536,RISKBEH,LPA,CrdPrv,Physical Inactivity
2023,NC,North Carolina,Lee,37105,37105030402,BRFSS,Health Risk Behaviors,No leisure-time physical activity among adults,%,Crude prevalence,34.9,29.7,40.1,7165,5202,"{'type': 'Point', 'coordinates': [-79.1674901, 35.4446386]}",37105030402,RISKBEH,LPA,CrdPrv,Physical Inactivity
2023,NC,North Carolina,Mecklenburg,37119,37119005529,BRFSS,Health Risk Behaviors,No leisure-time physical activity among adults,%,Crude prevalence,22.7,18.6,27.0,1783,1322,"{'type': 'Point', 'coordinates': [-80.7645353, 35.3696403]}",37119005529,RISKBEH,LPA,CrdPrv,Physical Inactivity
2023,NC,North Carolina,Jackson,37099,37099950600,BRFSS,Health Risk Behaviors,No leisure-time physical activity among adults,%,Crude prevalence,21.6,16.9,27.5,11518,10420,"{'type': 'Point', 'coordinates': [-83.1866496, 35.2596836]}",37099950600,RISKBEH,LPA,CrdPrv,Physical Inactivity
2023,NC,North Carolina,Mecklenburg,37119,37119003903,BRFSS,Health Risk Behaviors,No leisure-time physical activity among adults,%,Crude prevalence,45.7,39.6,51.9,2411,1393,"{'type': 'Point', 'coordinates': [-80.9206437, 35.2076512]}",37119003903,RISKBEH,LPA,CrdPrv,Physical Inactivity
2023,NC,North Carolina,Mecklenburg,37119,37119003809,BRFSS,Health Risk Behaviors,No leisure-time physical activity among adults,%,Crude prevalence,30.3,25.2,35.3,3362,2658,"{'type': 'Point', 'coordinates': [-80.917683, 35.151696]}",37119003809,RISKBEH,LPA,CrdPrv,Physical Inactivity
2023,NC,North Carolina,Johnston,37101,37101040304,BRFSS,Health Risk Behaviors,No leisure-time physical activity among adults,%,Crude prevalence,23.4,18.9,28.1,2188,1680,"{'type': 'Point', 'coordinates': [-78.2976147, 35.5957488]}",37101040304,RISKBEH,LPA,CrdPrv,Physical Inactivity
2023,NC,North Carolina,Iredell,37097,37097060801,BRFSS,Health Risk Behaviors,No leisure-time physical activity among adults,%,Crude prevalence,25.2,21.0,30.1,3503,2734,"{'type': 'Point', 'coordinates': [-80.7588864, 35.9991529]}",37097060801,RISKBEH,LPA,CrdPrv,Physical Inactivity
2023,NC,North Carolina,Mecklenburg,37119,37119002007,BRFSS,Health Risk Behaviors,No leisure-time physical activity among adults,%,Crude prevalence,24.2,19.7,28.5,2578,2019,"{'type': 'Point', 'coordinates': [-80.7583285, 35.1599505]}",37119002007,RISKBEH,LPA,CrdPrv,Physical Inactivity
2023,NC,North Carolina,Mecklenburg,37119,37119003702,BRFSS,Health Risk Behaviors,No leisure-time physical activity among adults,%,Crude prevalence,21.0,17.0,25.8,2280,1797,"{'type': 'Point', 'coordinates': [-80.8760961, 35.2030429]}",37119003702,RISKBEH,LPA,CrdPrv,Physical Inactivity
2023,NC,North Carolina,Mecklenburg,37119,37119002910,BRFSS,Health Risk Behaviors,No leisure-time physical activity among adults,%,Crude prevalence,12.6,10.1,15.3,3452,2817,"{'type': 'Point', 'coordinates': [-80.8423, 35.1603554]}",37119002910,RISKBEH,LPA,CrdPrv,Physical Inactivity
2023,NC,North Carolina,Johnston,37101,37101040209,BRFSS,Health Risk Behaviors,No leisure-time physical activity among adults,%,Crude prevalence,19.8,16.4,23.6,6811,4565,"{'type': 'Point', 'coordinates': [-78.3975758, 35.7137466]}",37101040209,RISKBEH,LPA,CrdPrv,Physical Inactivity
2023,NC,North Carolina,Mecklenburg,37119,37119003811,BRFSS,Health Risk Behaviors,No leisure-time physical activity among adults,%,Crude prevalence,24.7,20.4,28.8,2793,2147,"{'type': 'Point', 'coordinates': [-80.8965101, 35.1692129]}",37119003811,RISKBEH,LPA,CrdPrv,Physical Inactivity
2023,NC,North Carolina,Iredell,37097,37097061402,BRFSS,Health Risk Behaviors,No leisure-time physical activity among adults,%,Crude prevalence,15.8,12.7,19.5,7339,5723,"{'type': 'Point', 'coordinates': [-80.9025212, 35.5915725]}",37097061402,RISKBEH,LPA,CrdPrv,Physical Inactivity
2023,NC,North Carolina,Johnston,37101,37101041504,BRFSS,Health Risk Behaviors,No leisure-time physical activity among adults,%,Crude prevalence,20.4,16.7,24.5,4004,2967,"{'type': 'Point', 'coordinates': [-78.5356489, 35.5300834]}",37101041504,RISKBEH,LPA,CrdPrv,Physical Inactivity
2023,NC,North Carolina,Johnston,37101,37101041506,BRFSS,Health Risk Behaviors,No leisure-time physical activity among adults,%,Crude prevalence,21.0,17.3,25.1,2333,1774,"{'type': 'Point', 'coordinates': [-78.5930894, 35.5400494]}",37101041506,RISKBEH,LPA,CrdPrv,Physical Inactivity
2023,NC,North Carolina,Mecklenburg,37119,37119001400,BRFSS,Health Risk Behaviors,No leisure-time physical activity among adults,%,Crude prevalence,15.3,12.0,19.2,3594,3073,"{'type': 'Point', 'coordinates': [-80.7965034, 35.2463014]}",37119001400,RISKBEH,LPA,CrdPrv,Physical Inactivity
2023,NC,North Carolina,Mecklenburg,37119,37119005847,BRFSS,Health Risk Behaviors,No leisure-time physical activity among adults,%,Crude prevalence,14.3,11.6,17.6,5101,3830,"{'type': 'Point', 'coordinates': [-80.7624516, 35.0760158]}",37119005847,RISKBEH,LPA,CrdPrv,Physical Inactivity
2023,NC,North Carolina,McDowell,37111,37111970500,BRFSS,Health Risk Behaviors,No leisure-time physical activity among adults,%,Crude prevalence,28.8,24.1,34.0,3877,3047,"{'type': 'Point', 'coordinates': [-81.9899273, 35.662158]}",37111970500,RISKBEH,LPA,CrdPrv,Physical Inactivity
2023,NC,North Carolina,Mecklenburg,37119,37119000402,BRFSS,Health Risk Behaviors,No leisure-time physical activity among adults,%,Crude prevalence,9.8,7.6,12.8,2132,2073,"{'type': 'Point', 'coordinates': [-80.8584275, 35.2218499]}",37119000402,RISKBEH,LPA,CrdPrv,Physical Inactivity
2023,NC,North Carolina,McDowell,37111,37111970600,BRFSS,Health Risk Behaviors,No leisure-time physical activity among adults,%,Crude prevalence,25.0,20.3,30.1,3464,2804,"{'type': 'Point', 'coordinates': [-82.0659052, 35.6612068]}",37111970600,RISKBEH,LPA,CrdPrv,Physical Inactivity
2023,NC,North Carolina,Johnston,37101,37101040301,BRFSS,Health Risk Behaviors,No leisure-time physical activity among adults,%,Crude prevalence,29.7,25.0,34.7,4105,3024,"{'type': 'Point', 'coordinates': [-78.2486071, 35.5607778]}",37101040301,RISKBEH,LPA,CrdPrv,Physical Inactivity
2023,NC,North Carolina,Mecklenburg,37119,37119005830,BRFSS,Health Risk Behaviors,No leisure-time physical activity among adults,%,Crude prevalence,18.6,15.1,22.3,3718,3009,"{'type': 'Point', 'coordinates': [-80.8573425, 35.0741326]}",37119005830,RISKBEH,LPA,CrdPrv,Physical Inactivity
2023,NC,North Carolina,Mecklenburg,37119,37119004307,BRFSS,Health Risk Behaviors,No leisure-time physical activity among adults,%,Crude prevalence,29.4,24.8,34.1,3298,2487,"{'type': 'Point', 'coordinates': [-80.9114687, 35.2540734]}",37119004307,RISKBEH,LPA,CrdPrv,Physical Inactivity
2023,NC,North Carolina,Mecklenburg,37119,37119001603,BRFSS,Health Risk Behaviors,No leisure-time physical activity among adults,%,Crude prevalence,29.4,24.6,34.2,3974,3207,"{'type': 'Point', 'coordinates': [-80.7705875, 35.2327298]}",37119001603,RISKBEH,LPA,CrdPrv,Physical Inactivity
2023,NC,North Carolina,Iredell,37097,37097061002,BRFSS,Health Risk Behaviors,No leisure-time physical activity among adults,%,Crude prevalence,22.4,18.2,27.0,4063,3231,"{'type': 'Point', 'coordinates': [-80.969113, 35.8505382]}",37097061002,RISKBEH,LPA,CrdPrv,Physical Inactivity
2023,NC,North Carolina,Macon,37113,37113970600,BRFSS,Health Risk Behaviors,No leisure-time physical activity among adults,%,Crude prevalence,24.8,20.0,29.9,6343,5195,"{'type': 'Point', 'coordinates': [-83.3330402, 35.0860262]}",37113970600,RISKBEH,LPA,CrdPrv,Physical Inactivity
2023,NC,North Carolina,Johnston,37101,37101041108,BRFSS,Health Risk Behaviors,No leisure-time physical activity among adults,%,Crude prevalence,18.3,14.9,22.0,3910,2734,"{'type': 'Point', 'coordinates': [-78.5224281, 35.5762498]}",37101041108,RISKBEH,LPA,CrdPrv,Physical Inactivity
2023,NC,North Carolina,Lee,37105,37105030101,BRFSS,Health Risk Behaviors,No leisure-time physical activity among adults,%,Crude prevalence,28.2,23.0,33.6,4812,3662,"{'type': 'Point', 'coordinates': [-79.1922527, 35.4807747]}",37105030101,RISKBEH,LPA,CrdPrv,Physical Inactivity
2023,NC,North Carolina,Mecklenburg,37119,37119005532,BRFSS,Health Risk Behaviors,No leisure-time physical activity among adults,%,Crude prevalence,18.0,14.6,21.9,3657,3054,"{'type': 'Point', 'coordinates': [-80.7316091, 35.332301]}",37119005532,RISKBEH,LPA,CrdPrv,Physical Inactivity
2023,NC,North Carolina,Jackson,37099,37099950200,BRFSS,Health Risk Behaviors,No leisure-time physical activity among adults,%,Crude prevalence,20.7,16.3,25.2,1855,1549,"{'type': 'Point', 'coordinates': [-83.1048771, 35.4100945]}",37099950200,RISKBEH,LPA,CrdPrv,Physical Inactivity
2023,NC,North Carolina,Johnston,37101,37101040102,BRFSS,Health Risk Behaviors,No leisure-time physical activity among adults,%,Crude prevalence,32.7,27.8,38.0,2383,1806,"{'type': 'Point', 'coordinates': [-78.1914084, 35.6114511]}",37101040102,RISKBEH,LPA,CrdPrv,Physical Inactivity
2023,NC,North Carolina,Johnston,37101,37101041005,BRFSS,Health Risk Behaviors,No leisure-time physical activity among adults,%,Crude prevalence,20.9,17.1,24.9,4075,3116,"{'type': 'Point', 'coordinates': [-78.4608576, 35.6906087]}",37101041005,RISKBEH,LPA,CrdPrv,Physical Inactivity
2023,NC,North Carolina,Mecklenburg,37119,37119003018,BRFSS,Health Risk Behaviors,No leisure-time physical activity among adults,%,Crude prevalence,15.2,12.1,18.6,2743,2137,"{'type': 'Point', 'coordinates': [-80.7846345, 35.1059888]}",37119003018,RISKBEH,LPA,CrdPrv,Physical Inactivity
2023,NC,North Carolina,Mecklenburg,37119,37119001925,BRFSS,Health Risk Behaviors,No leisure-time physical activity among adults,%,Crude prevalence,35.8,31.1,41.0,4180,3021,"{'type': 'Point', 'coordinates': [-80.7270583, 35.2156689]}",37119001925,RISKBEH,LPA,CrdPrv,Physical Inactivity
2023,NC,North Carolina,Jackson,37099,37099950300,BRFSS,Health Risk Behaviors,No leisure-time physical activity among adults,%,Crude prevalence,28.2,23.5,33.2,5538,4425,"{'type': 'Point', 'coordinates': [-83.2051297, 35.4185853]}",37099950300,RISKBEH,LPA,CrdPrv,Physical Inactivity
2023,NC,North Carolina,Lenoir,37107,37107011301,BRFSS,Health Risk Behaviors,No leisure-time physical activity among adults,%,Crude prevalence,25.5,21.1,30.0,1665,1330,"{'type': 'Point', 'coordinates': [-77.5948593, 35.2259522]}",37107011301,RISKBEH,LPA,CrdPrv,Physical Inactivity
2023,NC,North Carolina,Macon,37113,37113970100,BRFSS,Health Risk Behaviors,No leisure-time physical activity among adults,%,Crude prevalence,27.0,21.4,32.3,2996,2507,"{'type': 'Point', 'coordinates': [-83.3852422, 35.2798149]}",37113970100,RISKBEH,LPA,CrdPrv,Physical Inactivity
2023,NC,North Carolina,Mecklenburg,37119,37119005846,BRFSS,Health Risk Behaviors,No leisure-time physical activity among adults,%,Crude prevalence,14.1,11.1,17.6,4059,2967,"{'type': 'Point', 'coordinates': [-80.7835757, 35.0394047]}",37119005846,RISKBEH,LPA,CrdPrv,Physical Inactivity
2023,NC,North Carolina,Lee,37105,37105030505,BRFSS,Health Risk Behaviors,No leisure-time physical activity among adults,%,Crude prevalence,26.3,21.8,31.4,3211,2526,"{'type': 'Point', 'coordinates': [-79.2229982, 35.3732353]}",37105030505,RISKBEH,LPA,CrdPrv,Physical Inactivity
2023,NC,North Carolina,Johnston,37101,37101041205,BRFSS,Health Risk Behaviors,No leisure-time physical activity among adults,%,Crude prevalence,28.0,23.4,33.2,2751,2042,"{'type': 'Point', 'coordinates': [-78.4425581, 35.4441761]}",37101041205,RISKBEH,LPA,CrdPrv,Physical Inactivity
2023,NC,North Carolina,Lenoir,37107,37107011100,BRFSS,Health Risk Behaviors,No leisure-time physical activity among adults,%,Crude prevalence,35.1,29.6,40.8,5366,4168,"{'type': 'Point', 'coordinates': [-77.7834968, 35.2987787]}",37107011100,RISKBEH,LPA,CrdPrv,Physical Inactivity
2023,NC,North Carolina,Mecklenburg,37119,37119005404,BRFSS,Health Risk Behaviors,No leisure-time physical activity among adults,%,Crude prevalence,26.0,21.5,30.6,5315,3987,"{'type': 'Point', 'coordinates': [-80.8140714, 35.286058]}",37119005404,RISKBEH,LPA,CrdPrv,Physical Inactivity
2023,NC,North Carolina,McDowell,37111,37111970800,BRFSS,Health Risk Behaviors,No leisure-time physical activity among adults,%,Crude prevalence,23.7,19.0,28.7,4381,3618,"{'type': 'Point', 'coordinates': [-82.1985985, 35.5947669]}",37111970800,RISKBEH,LPA,CrdPrv,Physical Inactivity
2023,NC,North Carolina,Mecklenburg,37119,37119005834,BRFSS,Health Risk Behaviors,No leisure-time physical activity among adults,%,Crude prevalence,17.3,14.0,21.1,4260,3151,"{'type': 'Point', 'coordinates': [-80.7118563, 35.1089933]}",37119005834,RISKBEH,LPA,CrdPrv,Physical Inactivity
2023,NC,North Carolina,Mecklenburg,37119,37119000900,BRFSS,Health Risk Behaviors,No leisure-time physical activity among adults,%,Crude prevalence,16.7,13.4,20.7,1853,1590,"{'type': 'Point', 'coordinates': [-80.8103873, 35.2373294]}",37119000900,RISKBEH,LPA,CrdPrv,Physical Inactivity
2023,NC,North Carolina,Lincoln,37109,37109070202,BRFSS,Health Risk Behaviors,No leisure-time physical activity among adults,%,Crude prevalence,23.3,18.7,28.2,3323,2676,"{'type': 'Point', 'coordinates': [-81.1914159, 35.4881474]}",37109070202,RISKBEH,LPA,CrdPrv,Physical Inactivity
2023,NC,North Carolina,Iredell,37097,37097061403,BRFSS,Health Risk Behaviors,No leisure-time physical activity among adults,%,Crude prevalence,18.7,14.9,23.0,3812,3060,"{'type': 'Point', 'coordinates': [-80.857034, 35.5817501]}",37097061403,RISKBEH,LPA,CrdPrv,Physical Inactivity
2023,NC,North Carolina,Mecklenburg,37119,37119002701,BRFSS,Health Risk Behaviors,No leisure-time physical activity among adults,%,Crude prevalence,13.2,10.7,16.2,2307,1944,"{'type': 'Point', 'coordinates': [-80.8309136, 35.2004703]}",37119002701,RISKBEH,LPA,CrdPrv,Physical Inactivity
2023,NC,North Carolina,Mecklenburg,37119,37119000600,BRFSS,Health Risk Behaviors,No leisure-time physical activity among adults,%,Crude prevalence,23.0,19.2,27.0,2753,2415,"{'type': 'Point', 'coordinates': [-80.8322606, 35.2251079]}",37119000600,RISKBEH,LPA,CrdPrv,Physical Inactivity
2023,NC,North Carolina,Mecklenburg,37119,37119005843,BRFSS,Health Risk Behaviors,No leisure-time physical activity among adults,%,Crude prevalence,17.7,14.2,21.5,3362,2466,"{'type': 'Point', 'coordinates': [-80.8214818, 35.0385569]}",37119005843,RISKBEH,LPA,CrdPrv,Physical Inactivity
2023,NC,North Carolina,McDowell,37111,37111970300,BRFSS,Health Risk Behaviors,No leisure-time physical activity among adults,%,Crude prevalence,26.8,22.1,31.9,3090,2447,"{'type': 'Point', 'coordinates': [-82.0002759, 35.70976]}",37111970300,RISKBEH,LPA,CrdPrv,Physical Inactivity
2023,NC,North Carolina,Mecklenburg,37119,37119005406,BRFSS,Health Risk Behaviors,No leisure-time physical activity among adults,%,Crude prevalence,28.8,23.9,33.8,3986,3086,"{'type': 'Point', 'coordinates': [-80.861712, 35.2913548]}",37119005406,RISKBEH,LPA,CrdPrv,Physical Inactivity
2023,NC,North Carolina,Mecklenburg,37119,37119005710,BRFSS,Health Risk Behaviors,No leisure-time physical activity among adults,%,Crude prevalence,27.1,23.1,31.3,4523,3381,"{'type': 'Point', 'coordinates': [-80.7043135, 35.1846665]}",37119005710,RISKBEH,LPA,CrdPrv,Physical Inactivity
2023,NC,North Carolina,Mecklenburg,37119,37119005826,BRFSS,Health Risk Behaviors,No leisure-time physical activity among adults,%,Crude prevalence,24.6,20.9,28.5,2912,2288,"{'type': 'Point', 'coordinates': [-80.872389, 35.0785473]}",37119005826,RISKBEH,LPA,CrdPrv,Physical Inactivity
2023,NC,North Carolina,Jones,37103,37103920100,BRFSS,Health Risk Behaviors,No leisure-time physical activity among adults,%,Crude prevalence,32.7,27.7,38.3,3431,2863,"{'type': 'Point', 'coordinates': [-77.2065662, 34.930856]}",37103920100,RISKBEH,LPA,CrdPrv,Physical Inactivity
2023,NC,North Carolina,Johnston,37101,37101041112,BRFSS,Health Risk Behaviors,No leisure-time physical activity among adults,%,Crude prevalence,17.9,14.3,21.9,6165,4367,"{'type': 'Point', 'coordinates': [-78.5831654, 35.5954751]}",37101041112,RISKBEH,LPA,CrdPrv,Physical Inactivity
2023,NC,North Carolina,Mecklenburg,37119,37119005534,BRFSS,Health Risk Behaviors,No leisure-time physical activity among adults,%,Crude prevalence,21.0,17.3,25.1,4990,4284,"{'type': 'Point', 'coordinates': [-80.7450808, 35.3174612]}",37119005534,RISKBEH,LPA,CrdPrv,Physical Inactivity
2023,NC,North Carolina,Mecklenburg,37119,37119003204,BRFSS,Health Risk Behaviors,No leisure-time physical activity among adults,%,Crude prevalence,16.3,13.0,20.2,3512,2926,"{'type': 'Point', 'coordinates': [-80.8541608, 35.1833716]}",37119003204,RISKBEH,LPA,CrdPrv,Physical Inactivity
2023,NC,North Carolina,Mecklenburg,37119,37119001505,BRFSS,Health Risk Behaviors,No leisure-time physical activity among adults,%,Crude prevalence,31.7,26.8,36.4,4325,3141,"{'type': 'Point', 'coordinates': [-80.7565551, 35.2743691]}",37119001505,RISKBEH,LPA,CrdPrv,Physical Inactivity
2023,NC,North Carolina,Mecklenburg,37119,37119005853,BRFSS,Health Risk Behaviors,No leisure-time physical activity among adults,%,Crude prevalence,20.0,16.3,23.8,2074,1771,"{'type': 'Point', 'coordinates': [-80.84384, 35.083166]}",37119005853,RISKBEH,LPA,CrdPrv,Physical Inactivity
2023,NC,North Carolina,Mecklenburg,37119,37119001300,BRFSS,Health Risk Behaviors,No leisure-time physical activity among adults,%,Crude prevalence,21.5,17.4,25.7,3850,3189,"{'type': 'Point', 'coordinates': [-80.7892612, 35.2377407]}",37119001300,RISKBEH,LPA,CrdPrv,Physical Inactivity
2023,NC,North Carolina,Mecklenburg,37119,37119001510,BRFSS,Health Risk Behaviors,No leisure-time physical activity among adults,%,Crude prevalence,32.4,27.5,37.6,3202,2502,"{'type': 'Point', 'coordinates': [-80.7463444, 35.2572728]}",37119001510,RISKBEH,LPA,CrdPrv,Physical Inactivity
2023,NC,North Carolina,Mecklenburg,37119,37119005613,BRFSS,Health Risk Behaviors,No leisure-time physical activity among adults,%,Crude prevalence,19.8,16.7,23.3,3313,2512,"{'type': 'Point', 'coordinates': [-80.7204021, 35.2801844]}",37119005613,RISKBEH,LPA,CrdPrv,Physical Inactivity
2023,NC,North Carolina,Mecklenburg,37119,37119005824,BRFSS,Health Risk Behaviors,No leisure-time physical activity among adults,%,Crude prevalence,23.6,19.9,27.4,4618,3396,"{'type': 'Point', 'coordinates': [-80.900015, 35.1084273]}",37119005824,RISKBEH,LPA,CrdPrv,Physical Inactivity
2023,NC,North Carolina,Johnston,37101,37101040207,BRFSS,Health Risk Behaviors,No leisure-time physical activity among adults,%,Crude prevalence,16.8,13.6,20.5,12721,8960,"{'type': 'Point', 'coordinates': [-78.3653307, 35.6480007]}",37101040207,RISKBEH,LPA,CrdPrv,Physical Inactivity
2023,NC,North Carolina,Mecklenburg,37119,37119001918,BRFSS,Health Risk Behaviors,No leisure-time physical activity among adults,%,Crude prevalence,33.1,27.9,38.2,3690,2795,"{'type': 'Point', 'coordinates': [-80.7567315, 35.1968425]}",37119001918,RISKBEH,LPA,CrdPrv,Physical Inactivity
2023,NC,North Carolina,Mecklenburg,37119,37119000401,BRFSS,Health Risk Behaviors,No leisure-time physical activity among adults,%,Crude prevalence,11.0,8.7,13.9,1886,1836,"{'type': 'Point', 'coordinates': [-80.8517089, 35.2154182]}",37119000401,RISKBEH,LPA,CrdPrv,Physical Inactivity
2023,NC,North Carolina,Mecklenburg,37119,37119005535,BRFSS,Health Risk Behaviors,No leisure-time physical activity among adults,%,Crude prevalence,21.0,17.1,25.0,3945,2971,"{'type': 'Point', 'coordinates': [-80.7918681, 35.305462]}",37119005535,RISKBEH,LPA,CrdPrv,Physical Inactivity
2023,NC,North Carolina,Mecklenburg,37119,37119005516,BRFSS,Health Risk Behaviors,No leisure-time physical activity among adults,%,Crude prevalence,15.1,12.2,18.1,1726,1252,"{'type': 'Point', 'coordinates': [-80.766735, 35.3843829]}",37119005516,RISKBEH,LPA,CrdPrv,Physical Inactivity
2023,NC,North Carolina,Iredell,37097,37097061408,BRFSS,Health Risk Behaviors,No leisure-time physical activity among adults,%,Crude prevalence,15.5,12.3,19.1,5389,3679,"{'type': 'Point', 'coordinates': [-80.760275, 35.5325488]}",37097061408,RISKBEH,LPA,CrdPrv,Physical Inactivity
2023,NC,North Carolina,Johnston,37101,37101041508,BRFSS,Health Risk Behaviors,No leisure-time physical activity among adults,%,Crude prevalence,23.5,19.2,28.1,2682,1990,"{'type': 'Point', 'coordinates': [-78.6627533, 35.5439737]}",37101041508,RISKBEH,LPA,CrdPrv,Physical Inactivity
2023,NC,North Carolina,Mecklenburg,37119,37119004700,BRFSS,Health Risk Behaviors,No leisure-time physical activity among adults,%,Crude prevalence,25.0,20.4,30.2,1719,1464,"{'type': 'Point', 'coordinates': [-80.8579236, 35.2446927]}",37119004700,RISKBEH,LPA,CrdPrv,Physical Inactivity
2023,NC,North Carolina,Mecklenburg,37119,37119005833,BRFSS,Health Risk Behaviors,No leisure-time physical activity among adults,%,Crude prevalence,17.8,13.8,22.3,4941,3959,"{'type': 'Point', 'coordinates': [-80.7394007, 35.1088595]}",37119005833,RISKBEH,LPA,CrdPrv,Physical Inactivity
2023,NC,North Carolina,Mecklenburg,37119,37119002600,BRFSS,Health Risk Behaviors,No leisure-time physical activity among adults,%,Crude prevalence,17.7,14.6,21.2,1521,1243,"{'type': 'Point', 'coordinates': [-80.8316138, 35.2100741]}",37119002600,RISKBEH,LPA,CrdPrv,Physical Inactivity
2023,NC,North Carolina,Johnston,37101,37101041402,BRFSS,Health Risk Behaviors,No leisure-time physical activity among adults,%,Crude prevalence,29.6,24.9,34.5,4435,3357,"{'type': 'Point', 'coordinates': [-78.5476282, 35.3763425]}",37101041402,RISKBEH,LPA,CrdPrv,Physical Inactivity
2023,NC,North Carolina,Jackson,37099,37099950700,BRFSS,Health Risk Behaviors,No leisure-time physical activity among adults,%,Crude prevalence,22.8,18.6,27.2,2950,2439,"{'type': 'Point', 'coordinates': [-83.0428781, 35.2762297]}",37099950700,RISKBEH,LPA,CrdPrv,Physical Inactivity
2023,NC,North Carolina,Mecklenburg,37119,37119005721,BRFSS,Health Risk Behaviors,No leisure-time physical activity among adults,%,Crude prevalence,20.4,16.7,24.5,3447,2792,"{'type': 'Point', 'coordinates': [-80.6741887, 35.1653045]}",37119005721,RISKBEH,LPA,CrdPrv,Physical Inactivity
2023,NC,North Carolina,McDowell,37111,37111970904,BRFSS,Health Risk Behaviors,No leisure-time physical activity among adults,%,Crude prevalence,24.3,19.7,29.5,3063,2453,"{'type': 'Point', 'coordinates': [-81.8776159, 35.636155]}",37111970904,RISKBEH,LPA,CrdPrv,Physical Inactivity
2023,NC,North Carolina,Mecklenburg,37119,37119003016,BRFSS,Health Risk Behaviors,No leisure-time physical activity among adults,%,Crude prevalence,14.0,11.2,17.1,5117,3581,"{'type': 'Point', 'coordinates': [-80.7671837, 35.1107441]}",37119003016,RISKBEH,LPA,CrdPrv,Physical Inactivity
2023,NC,North Carolina,Mecklenburg,37119,37119001701,BRFSS,Health Risk Behaviors,No leisure-time physical activity among adults,%,Crude prevalence,28.1,23.3,33.2,4004,3145,"{'type': 'Point', 'coordinates': [-80.7893958, 35.211891]}",37119001701,RISKBEH,LPA,CrdPrv,Physical Inactivity
2023,NC,North Carolina,Mecklenburg,37119,37119001504,BRFSS,Health Risk Behaviors,No leisure-time physical activity among adults,%,Crude prevalence,31.2,26.7,36.0,6620,4898,"{'type': 'Point', 'coordinates': [-80.7584093, 35.2440467]}",37119001504,RISKBEH,LPA,CrdPrv,Physical Inactivity
2023,NC,North Carolina,Lincoln,37109,37109070700,BRFSS,Health Risk Behaviors,No leisure-time physical activity among adults,%,Crude prevalence,22.9,18.8,27.3,3560,2743,"{'type': 'Point', 'coordinates': [-81.3241793, 35.5130364]}",37109070700,RISKBEH,LPA,CrdPrv,Physical Inactivity
2023,NC,North Carolina,Mecklenburg,37119,37119003017,BRFSS,Health Risk Behaviors,No leisure-time physical activity among adults,%,Crude prevalence,15.0,11.9,18.4,3808,2913,"{'type': 'Point', 'coordinates': [-80.8014403, 35.1004489]}",37119003017,RISKBEH,LPA,CrdPrv,Physical Inactivity
2023,NC,North Carolina,Mecklenburg,37119,37119004200,BRFSS,Health Risk Behaviors,No leisure-time physical activity among adults,%,Crude prevalence,30.5,25.8,35.5,3300,2510,"{'type': 'Point', 'coordinates': [-80.8830131, 35.2449093]}",37119004200,RISKBEH,LPA,CrdPrv,Physical Inactivity
2023,NC,North Carolina,Lee,37105,37105030200,BRFSS,Health Risk Behaviors,No leisure-time physical activity among adults,%,Crude prevalence,41.7,36.1,47.8,3265,2316,"{'type': 'Point', 'coordinates': [-79.1714991, 35.4870795]}",37105030200,RISKBEH,LPA,CrdPrv,Physical Inactivity
2023,NC,North Carolina,Macon,37113,37113970700,BRFSS,Health Risk Behaviors,No leisure-time physical activity among adults,%,Crude prevalence,31.4,25.6,37.1,6962,5554,"{'type': 'Point', 'coordinates': [-83.4312365, 35.0809925]}",37113970700,RISKBEH,LPA,CrdPrv,Physical Inactivity
2023,NC,North Carolina,Mecklenburg,37119,37119005512,BRFSS,Health Risk Behaviors,No leisure-time physical activity among adults,%,Crude prevalence,27.4,22.8,32.1,5246,3905,"{'type': 'Point', 'coordinates': [-80.8014721, 35.3116643]}",37119005512,RISKBEH,LPA,CrdPrv,Physical Inactivity
2023,NC,North Carolina,Lincoln,37109,37109070300,BRFSS,Health Risk Behaviors,No leisure-time physical activity among adults,%,Crude prevalence,25.2,20.8,30.0,4029,3300,"{'type': 'Point', 'coordinates': [-81.2181425, 35.4513497]}",37109070300,RISKBEH,LPA,CrdPrv,Physical Inactivity
2023,NC,North Carolina,Mecklenburg,37119,37119001000,BRFSS,Health Risk Behaviors,No leisure-time physical activity among adults,%,Crude prevalence,11.2,8.9,14.0,3466,2977,"{'type': 'Point', 'coordinates': [-80.808374, 35.2256272]}",37119001000,RISKBEH,LPA,CrdPrv,Physical Inactivity
2023,NC,North Carolina,Mecklenburg,37119,37119004000,BRFSS,Health Risk Behaviors,No leisure-time physical activity among adults,%,Crude prevalence,33.7,29.0,38.5,4546,3513,"{'type': 'Point', 'coordinates': [-80.9112968, 35.2334149]}",37119004000,RISKBEH,LPA,CrdPrv,Physical Inactivity
2023,NC,North Carolina,Mecklenburg,37119,37119005855,BRFSS,Health Risk Behaviors,No leisure-time physical activity among adults,%,Crude prevalence,18.4,14.7,22.2,5222,3907,"{'type': 'Point', 'coordinates': [-80.8513692, 35.0438334]}",37119005855,RISKBEH,LPA,CrdPrv,Physical Inactivity
2023,NC,North Carolina,Mecklenburg,37119,37119003701,BRFSS,Health Risk Behaviors,No leisure-time physical activity among adults,%,Crude prevalence,11.0,8.4,15.2,1978,1875,"{'type': 'Point', 'coordinates': [-80.867333, 35.2082797]}",37119003701,RISKBEH,LPA,CrdPrv,Physical Inactivity
2023,NC,North Carolina,Mecklenburg,37119,37119005609,BRFSS,Health Risk Behaviors,No leisure-time physical activity among adults,%,Crude prevalence,23.9,19.7,28.7,4240,3669,"{'type': 'Point', 'coordinates': [-80.7200438, 35.3223377]}",37119005609,RISKBEH,LPA,CrdPrv,Physical Inactivity
2023,NC,North Carolina,Johnston,37101,37101041301,BRFSS,Health Risk Behaviors,No leisure-time physical activity among adults,%,Crude prevalence,26.9,22.2,31.9,2133,1628,"{'type': 'Point', 'coordinates': [-78.2986758, 35.3633055]}",37101041301,RISKBEH,LPA,CrdPrv,Physical Inactivity
2023,NC,North Carolina,Mecklenburg,37119,37119000101,BRFSS,Health Risk Behaviors,No leisure-time physical activity among adults,%,Crude prevalence,13.6,10.8,16.7,1182,1131,"{'type': 'Point', 'coordinates': [-80.8451641, 35.2222238]}",37119000101,RISKBEH,LPA,CrdPrv,Physical Inactivity
2023,NC,North Carolina,Mecklenburg,37119,37119001609,BRFSS,Health Risk Behaviors,No leisure-time physical activity among adults,%,Crude prevalence,27.1,23.0,31.5,3202,2452,"{'type': 'Point', 'coordinates': [-80.7404058, 35.2193818]}",37119001609,RISKBEH,LPA,CrdPrv,Physical Inactivity
2023,NC,North Carolina,Iredell,37097,37097061601,BRFSS,Health Risk Behaviors,No leisure-time physical activity among adults,%,Crude prevalence,30.7,25.9,35.8,3402,2448,"{'type': 'Point', 'coordinates': [-80.8192486, 35.5864372]}",37097061601,RISKBEH,LPA,CrdPrv,Physical Inactivity
2023,NC,North Carolina,McDowell,37111,37111970200,BRFSS,Health Risk Behaviors,No leisure-time physical activity among adults,%,Crude prevalence,29.8,24.9,35.0,4993,4028,"{'type': 'Point', 'coordinates': [-81.9250992, 35.7036826]}",37111970200,RISKBEH,LPA,CrdPrv,Physical Inactivity
2023,NC,North Carolina,Iredell,37097,37097061404,BRFSS,Health Risk Behaviors,No leisure-time physical activity among adults,%,Crude prevalence,17.4,14.0,21.5,3115,2540,"{'type': 'Point', 'coordinates': [-80.8682226, 35.5519222]}",37097061404,RISKBEH,LPA,CrdPrv,Physical Inactivity
2023,NC,North Carolina,Johnston,37101,37101040906,BRFSS,Health Risk Behaviors,No leisure-time physical activity among adults,%,Crude prevalence,20.6,16.5,25.0,2313,1798,"{'type': 'Point', 'coordinates': [-78.4326873, 35.5863229]}",37101040906,RISKBEH,LPA,CrdPrv,Physical Inactivity
2023,NC,North Carolina,Lincoln,37109,37109071203,BRFSS,Health Risk Behaviors,No leisure-time physical activity among adults,%,Crude prevalence,16.8,13.4,20.4,6318,4765,"{'type': 'Point', 'coordinates': [-80.978055, 35.531621]}",37109071203,RISKBEH,LPA,CrdPrv,Physical Inactivity
2023,NC,North Carolina,Mecklenburg,37119,37119005517,BRFSS,Health Risk Behaviors,No leisure-time physical activity among adults,%,Crude prevalence,17.8,14.8,21.1,4347,3312,"{'type': 'Point', 'coordinates': [-80.7748527, 35.3818862]}",37119005517,RISKBEH,LPA,CrdPrv,Physical Inactivity
2023,NC,North Carolina,Mecklenburg,37119,37119005845,BRFSS,Health Risk Behaviors,No leisure-time physical activity among adults,%,Crude prevalence,16.8,13.5,20.2,5926,4131,"{'type': 'Point', 'coordinates': [-80.7838289, 35.0537552]}",37119005845,RISKBEH,LPA,CrdPrv,Physical Inactivity
2023,NC,North Carolina,Mecklenburg,37119,37119005528,BRFSS,Health Risk Behaviors,No leisure-time physical activity among adults,%,Crude prevalence,15.5,12.6,18.6,4253,3363,"{'type': 'Point', 'coordinates': [-80.7899929, 35.3314629]}",37119005528,RISKBEH,LPA,CrdPrv,Physical Inactivity
2023,NC,North Carolina,Iredell,37097,37097061001,BRFSS,Health Risk Behaviors,No leisure-time physical activity among adults,%,Crude prevalence,23.6,19.0,28.1,4048,3130,"{'type': 'Point', 'coordinates': [-80.8896402, 35.869567]}",37097061001,RISKBEH,LPA,CrdPrv,Physical Inactivity
2023,NC,North Carolina,Lincoln,37109,37109071202,BRFSS,Health Risk Behaviors,No leisure-time physical activity among adults,%,Crude prevalence,17.1,13.5,21.1,3995,3338,"{'type': 'Point', 'coordinates': [-80.9598295, 35.481978]}",37109071202,RISKBEH,LPA,CrdPrv,Physical Inactivity
2023,NC,North Carolina,Mecklenburg,37119,37119005307,BRFSS,Health Risk Behaviors,No leisure-time physical activity among adults,%,Crude prevalence,29.5,24.6,34.4,4222,3149,"{'type': 'Point', 'coordinates': [-80.7755245, 35.281548]}",37119005307,RISKBEH,LPA,CrdPrv,Physical Inactivity
2023,NC,North Carolina,Mecklenburg,37119,37119001702,BRFSS,Health Risk Behaviors,No leisure-time physical activity among adults,%,Crude prevalence,31.8,27.4,36.5,6094,4486,"{'type': 'Point', 'coordinates': [-80.7732945, 35.2081204]}",37119001702,RISKBEH,LPA,CrdPrv,Physical Inactivity
2023,NC,North Carolina,Mecklenburg,37119,37119003013,BRFSS,Health Risk Behaviors,No leisure-time physical activity among adults,%,Crude prevalence,11.8,9.5,14.6,5841,4284,"{'type': 'Point', 'coordinates': [-80.8060628, 35.1074537]}",37119003013,RISKBEH,LPA,CrdPrv,Physical Inactivity
2023,NC,North Carolina,Mecklenburg,37119,37119002300,BRFSS,Health Risk Behaviors,No leisure-time physical activity among adults,%,Crude prevalence,44.3,39.0,49.7,2937,1938,"{'type': 'Point', 'coordinates': [-80.8025508, 35.1957076]}",37119002300,RISKBEH,LPA,CrdPrv,Physical Inactivity
2023,NC,North Carolina,Mecklenburg,37119,37119005306,BRFSS,Health Risk Behaviors,No leisure-time physical activity among adults,%,Crude prevalence,34.6,29.7,39.6,2587,1869,"{'type': 'Point', 'coordinates': [-80.777272, 35.2629206]}",37119005306,RISKBEH,LPA,CrdPrv,Physical Inactivity
2023,NC,North Carolina,Lincoln,37109,37109070201,BRFSS,Health Risk Behaviors,No leisure-time physical activity among adults,%,Crude prevalence,28.7,24.1,33.7,4736,3715,"{'type': 'Point', 'coordinates': [-81.2268928, 35.4884909]}",37109070201,RISKBEH,LPA,CrdPrv,Physical Inactivity
2023,NC,North Carolina,Lincoln,37109,37109071002,BRFSS,Health Risk Behaviors,No leisure-time physical activity among adults,%,Crude prevalence,24.1,19.7,29.1,2719,2182,"{'type': 'Point', 'coordinates': [-81.0756946, 35.4309832]}",37109071002,RISKBEH,LPA,CrdPrv,Physical Inactivity
2023,NC,North Carolina,Mecklenburg,37119,37119001914,BRFSS,Health Risk Behaviors,No leisure-time physical activity among adults,%,Crude prevalence,31.7,27.0,36.6,3464,2633,"{'type': 'Point', 'coordinates': [-80.7625945, 35.1818052]}",37119001914,RISKBEH,LPA,CrdPrv,Physical Inactivity
2023,NC,North Carolina,Macon,37113,37113970304,BRFSS,Health Risk Behaviors,No leisure-time physical activity among adults,%,Crude prevalence,30.3,24.8,35.6,2187,1765,"{'type': 'Point', 'coordinates': [-83.3755121, 35.1799742]}",37113970304,RISKBEH,LPA,CrdPrv,Physical Inactivity
2023,NC,North Carolina,Macon,37113,37113970400,BRFSS,Health Risk Behaviors,No leisure-time physical activity among adults,%,Crude prevalence,25.1,20.0,30.4,4331,3568,"{'type': 'Point', 'coordinates': [-83.2927278, 35.1956877]}",37113970400,RISKBEH,LPA,CrdPrv,Physical Inactivity
2023,NC,North Carolina,Mecklenburg,37119,37119003019,BRFSS,Health Risk Behaviors,No leisure-time physical activity among adults,%,Crude prevalence,13.7,11.0,17.1,2482,1826,"{'type': 'Point', 'coordinates': [-80.8157866, 35.1299332]}",37119003019,RISKBEH,LPA,CrdPrv,Physical Inactivity
2023,NC,North Carolina,Iredell,37097,37097061407,BRFSS,Health Risk Behaviors,No leisure-time physical activity among adults,%,Crude prevalence,16.7,13.4,20.4,4506,3663,"{'type': 'Point', 'coordinates': [-80.8551849, 35.5238858]}",37097061407,RISKBEH,LPA,CrdPrv,Physical Inactivity
2023,NC,North Carolina,Jones,37103,37103920200,BRFSS,Health Risk Behaviors,No leisure-time physical activity among adults,%,Crude prevalence,35.1,29.5,40.5,2532,2040,"{'type': 'Point', 'coordinates': [-77.3561946, 35.0322677]}",37103920200,RISKBEH,LPA,CrdPrv,Physical Inactivity
2023,NC,North Carolina,Mecklenburg,37119,37119003008,BRFSS,Health Risk Behaviors,No leisure-time physical activity among adults,%,Crude prevalence,17.5,14.0,21.2,5742,4601,"{'type': 'Point', 'coordinates': [-80.8363517, 35.0972133]}",37119003008,RISKBEH,LPA,CrdPrv,Physical Inactivity
2023,NC,North Carolina,Mecklenburg,37119,37119005513,BRFSS,Health Risk Behaviors,No leisure-time physical activity among adults,%,Crude prevalence,18.3,14.8,21.9,4581,3443,"{'type': 'Point', 'coordinates': [-80.7908786, 35.3537821]}",37119005513,RISKBEH,LPA,CrdPrv,Physical Inactivity
2023,NC,North Carolina,Mecklenburg,37119,37119003022,BRFSS,Health Risk Behaviors,No leisure-time physical activity among adults,%,Crude prevalence,14.2,11.3,18.3,3822,3035,"{'type': 'Point', 'coordinates': [-80.8446014, 35.1376145]}",37119003022,RISKBEH,LPA,CrdPrv,Physical Inactivity
2023,NC,North Carolina,Mecklenburg,37119,37119001507,BRFSS,Health Risk Behaviors,No leisure-time physical activity among adults,%,Crude prevalence,40.2,34.7,45.8,4372,3119,"{'type': 'Point', 'coordinates': [-80.7397811, 35.2507947]}",37119001507,RISKBEH,LPA,CrdPrv,Physical Inactivity
2023,NC,North Carolina,Lenoir,37107,37107011302,BRFSS,Health Risk Behaviors,No leisure-time physical activity among adults,%,Crude prevalence,31.5,26.2,37.1,2912,2259,"{'type': 'Point', 'coordinates': [-77.6628175, 35.2117553]}",37107011302,RISKBEH,LPA,CrdPrv,Physical Inactivity
2023,NC,North Carolina,Johnston,37101,37101041204,BRFSS,Health Risk Behaviors,No leisure-time physical activity among adults,%,Crude prevalence,33.2,27.8,38.7,1625,1198,"{'type': 'Point', 'coordinates': [-78.3934336, 35.4314602]}",37101041204,RISKBEH,LPA,CrdPrv,Physical Inactivity
2023,NC,North Carolina,Martin,37117,37117970300,BRFSS,Health Risk Behaviors,No leisure-time physical activity among adults,%,Crude prevalence,34.8,29.6,40.7,3790,2944,"{'type': 'Point', 'coordinates': [-77.0867785, 35.8674648]}",37117970300,RISKBEH,LPA,CrdPrv,Physical Inactivity
2023,NC,North Carolina,Mecklenburg,37119,37119001606,BRFSS,Health Risk Behaviors,No leisure-time physical activity among adults,%,Crude prevalence,30.4,25.6,35.2,4104,3221,"{'type': 'Point', 'coordinates': [-80.7625195, 35.2184656]}",37119001606,RISKBEH,LPA,CrdPrv,Physical Inactivity
2023,NC,North Carolina,Mecklenburg,37119,37119001922,BRFSS,Health Risk Behaviors,No leisure-time physical activity among adults,%,Crude prevalence,33.8,29.0,38.5,4594,3316,"{'type': 'Point', 'coordinates': [-80.7061391, 35.2179009]}",37119001922,RISKBEH,LPA,CrdPrv,Physical Inactivity
2023,NC,North Carolina,Mecklenburg,37119,37119003102,BRFSS,Health Risk Behaviors,No leisure-time physical activity among adults,%,Crude prevalence,21.2,17.3,25.1,4455,3714,"{'type': 'Point', 'coordinates': [-80.8589655, 35.1556977]}",37119003102,RISKBEH,LPA,CrdPrv,Physical Inactivity
2023,NC,North Carolina,Martin,37117,37117970100,BRFSS,Health Risk Behaviors,No leisure-time physical activity among adults,%,Crude prevalence,31.3,26.2,36.5,3749,3039,"{'type': 'Point', 'coordinates': [-76.9186496, 35.7916489]}",37117970100,RISKBEH,LPA,CrdPrv,Physical Inactivity
2023,NC,North Carolina,Martin,37117,37117970600,BRFSS,Health Risk Behaviors,No leisure-time physical activity among adults,%,Crude prevalence,33.7,28.4,38.9,2813,2245,"{'type': 'Point', 'coordinates': [-77.2570433, 35.825916]}",37117970600,RISKBEH,LPA,CrdPrv,Physical Inactivity
2023,NC,North Carolina,Mecklenburg,37119,37119005627,BRFSS,Health Risk Behaviors,No leisure-time physical activity among adults,%,Crude prevalence,26.4,22.3,30.5,7602,5315,"{'type': 'Point', 'coordinates': [-80.6681109, 35.2240171]}",37119005627,RISKBEH,LPA,CrdPrv,Physical Inactivity
2023,NC,North Carolina,Johnston,37101,37101041505,BRFSS,Health Risk Behaviors,No leisure-time physical activity among adults,%,Crude prevalence,20.5,16.8,24.7,4434,3332,"{'type': 'Point', 'coordinates': [-78.4889655, 35.4692361]}",37101041505,RISKBEH,LPA,CrdPrv,Physical Inactivity
2023,NC,North Carolina,Mecklenburg,37119,37119003301,BRFSS,Health Risk Behaviors,No leisure-time physical activity among adults,%,Crude prevalence,11.1,8.3,14.7,1808,1718,"{'type': 'Point', 'coordinates': [-80.862625, 35.1990601]}",37119003301,RISKBEH,LPA,CrdPrv,Physical Inactivity
2023,NC,North Carolina,Mecklenburg,37119,37119001924,BRFSS,Health Risk Behaviors,No leisure-time physical activity among adults,%,Crude prevalence,41.1,35.6,46.4,2878,2003,"{'type': 'Point', 'coordinates': [-80.7352598, 35.2135207]}",37119001924,RISKBEH,LPA,CrdPrv,Physical Inactivity
2023,NC,North Carolina,Mecklenburg,37119,37119005626,BRFSS,Health Risk Behaviors,No leisure-time physical activity among adults,%,Crude prevalence,24.4,20.4,28.5,3637,2545,"{'type': 'Point', 'coordinates': [-80.695914, 35.2254015]}",37119005626,RISKBEH,LPA,CrdPrv,Physical Inactivity
2023,NC,North Carolina,Mecklenburg,37119,37119003808,BRFSS,Health Risk Behaviors,No leisure-time physical activity among adults,%,Crude prevalence,31.8,26.3,37.5,5562,3759,"{'type': 'Point', 'coordinates': [-80.88325, 35.1433446]}",37119003808,RISKBEH,LPA,CrdPrv,Physical Inactivity
2023,NC,North Carolina,Iredell,37097,37097060901,BRFSS,Health Risk Behaviors,No leisure-time physical activity among adults,%,Crude prevalence,27.1,22.4,32.1,3282,2579,"{'type': 'Point', 'coordinates': [-80.9225821, 36.0168216]}",37097060901,RISKBEH,LPA,CrdPrv,Physical Inactivity
2023,NC,North Carolina,Mecklenburg,37119,37119005714,BRFSS,Health Risk Behaviors,No leisure-time physical activity among adults,%,Crude prevalence,17.6,14.3,21.3,5816,4440,"{'type': 'Point', 'coordinates': [-80.6144334, 35.1838506]}",37119005714,RISKBEH,LPA,CrdPrv,Physical Inactivity
2023,NC,North Carolina,Mecklenburg,37119,37119003902,BRFSS,Health Risk Behaviors,No leisure-time physical activity among adults,%,Crude prevalence,39.7,34.3,45.4,4850,3482,"{'type': 'Point', 'coordinates': [-80.89993, 35.2099188]}",37119003902,RISKBEH,LPA,CrdPrv,Physical Inactivity
2023,NC,North Carolina,Lee,37105,37105030102,BRFSS,Health Risk Behaviors,No leisure-time physical activity among adults,%,Crude prevalence,19.8,15.9,24.5,5803,4590,"{'type': 'Point', 'coordinates': [-79.2107776, 35.4836311]}",37105030102,RISKBEH,LPA,CrdPrv,Physical Inactivity
2023,NC,North Carolina,Mecklenburg,37119,37119003012,BRFSS,Health Risk Behaviors,No leisure-time physical activity among adults,%,Crude prevalence,18.3,14.7,22.0,4419,3357,"{'type': 'Point', 'coordinates': [-80.8509381, 35.1108324]}",37119003012,RISKBEH,LPA,CrdPrv,Physical Inactivity
2023,NC,North Carolina,Johnston,37101,37101041104,BRFSS,Health Risk Behaviors,No leisure-time physical activity among adults,%,Crude prevalence,27.0,22.6,32.1,4880,3610,"{'type': 'Point', 'coordinates': [-78.4675603, 35.5872805]}",37101041104,RISKBEH,LPA,CrdPrv,Physical Inactivity
2023,NC,North Carolina,Johnston,37101,37101041001,BRFSS,Health Risk Behaviors,No leisure-time physical activity among adults,%,Crude prevalence,23.6,19.6,28.0,11160,8179,"{'type': 'Point', 'coordinates': [-78.4191813, 35.630875]}",37101041001,RISKBEH,LPA,CrdPrv,Physical Inactivity
2023,NC,North Carolina,Lenoir,37107,37107010500,BRFSS,Health Risk Behaviors,No leisure-time physical activity among adults,%,Crude prevalence,50.3,43.9,57.0,3257,2362,"{'type': 'Point', 'coordinates': [-77.5698721, 35.2833424]}",37107010500,RISKBEH,LPA,CrdPrv,Physical Inactivity
2023,NC,North Carolina,Iredell,37097,37097061502,BRFSS,Health Risk Behaviors,No leisure-time physical activity among adults,%,Crude prevalence,18.4,14.9,22.8,5000,3746,"{'type': 'Point', 'coordinates': [-80.7749212, 35.5754048]}",37097061502,RISKBEH,LPA,CrdPrv,Physical Inactivity
2023,NC,North Carolina,Iredell,37097,37097061104,BRFSS,Health Risk Behaviors,No leisure-time physical activity among adults,%,Crude prevalence,25.1,20.4,30.2,2194,1729,"{'type': 'Point', 'coordinates': [-80.9740504, 35.7606096]}",37097061104,RISKBEH,LPA,CrdPrv,Physical Inactivity
2023,NC,North Carolina,Mecklenburg,37119,37119005851,BRFSS,Health Risk Behaviors,No leisure-time physical activity among adults,%,Crude prevalence,19.8,16.4,23.5,4378,3137,"{'type': 'Point', 'coordinates': [-80.7377757, 35.0671447]}",37119005851,RISKBEH,LPA,CrdPrv,Physical Inactivity
2023,NC,North Carolina,Johnston,37101,37101041302,BRFSS,Health Risk Behaviors,No leisure-time physical activity among adults,%,Crude prevalence,28.3,23.7,33.3,3975,3009,"{'type': 'Point', 'coordinates': [-78.4447126, 35.3098465]}",37101041302,RISKBEH,LPA,CrdPrv,Physical Inactivity
2023,NC,North Carolina,Jones,37103,37103920300,BRFSS,Health Risk Behaviors,No leisure-time physical activity among adults,%,Crude prevalence,27.0,22.6,31.7,3209,2578,"{'type': 'Point', 'coordinates': [-77.5065297, 35.093232]}",37103920300,RISKBEH,LPA,CrdPrv,Physical Inactivity
2023,NC,North Carolina,Lenoir,37107,37107011201,BRFSS,Health Risk Behaviors,No leisure-time physical activity among adults,%,Crude prevalence,31.0,26.1,36.5,3295,2523,"{'type': 'Point', 'coordinates': [-77.6792159, 35.0829423]}",37107011201,RISKBEH,LPA,CrdPrv,Physical Inactivity
2023,NC,North Carolina,Lincoln,37109,37109071102,BRFSS,Health Risk Behaviors,No leisure-time physical activity among adults,%,Crude prevalence,19.5,15.7,23.8,6689,5373,"{'type': 'Point', 'coordinates': [-80.9968872, 35.4332824]}",37109071102,RISKBEH,LPA,CrdPrv,Physical Inactivity
2023,NC,North Carolina,Mecklenburg,37119,37119002400,BRFSS,Health Risk Behaviors,No leisure-time physical activity among adults,%,Crude prevalence,12.7,10.3,15.9,3100,2676,"{'type': 'Point', 'coordinates': [-80.8168867, 35.2072125]}",37119002400,RISKBEH,LPA,CrdPrv,Physical Inactivity
2023,NC,North Carolina,Mecklenburg,37119,37119004400,BRFSS,Health Risk Behaviors,No leisure-time physical activity among adults,%,Crude prevalence,33.6,29.1,38.2,4500,3238,"{'type': 'Point', 'coordinates': [-80.8787038, 35.2794178]}",37119004400,RISKBEH,LPA,CrdPrv,Physical Inactivity
2023,NC,North Carolina,Mecklenburg,37119,37119003201,BRFSS,Health Risk Behaviors,No leisure-time physical activity among adults,%,Crude prevalence,20.4,16.8,24.4,2430,1903,"{'type': 'Point', 'coordinates': [-80.8719805, 35.1843831]}",37119003201,RISKBEH,LPA,CrdPrv,Physical Inactivity
2023,NC,North Carolina,Johnston,37101,37101041105,BRFSS,Health Risk Behaviors,No leisure-time physical activity among adults,%,Crude prevalence,20.0,16.4,24.1,3918,2965,"{'type': 'Point', 'coordinates': [-78.5067522, 35.6076619]}",37101041105,RISKBEH,LPA,CrdPrv,Physical Inactivity
2023,NC,North Carolina,Mecklenburg,37119,37119005861,BRFSS,Health Risk Behaviors,No leisure-time physical activity among adults,%,Crude prevalence,18.4,14.7,22.5,3120,2494,"{'type': 'Point', 'coordinates': [-80.804241, 35.0443153]}",37119005861,RISKBEH,LPA,CrdPrv,Physical Inactivity
2023,NC,North Carolina,Mecklenburg,37119,37119005520,BRFSS,Health Risk Behaviors,No leisure-time physical activity among adults,%,Crude prevalence,21.5,17.7,25.6,4829,3594,"{'type': 'Point', 'coordinates': [-80.747846, 35.3464596]}",37119005520,RISKBEH,LPA,CrdPrv,Physical Inactivity
2023,NC,North Carolina,Mecklenburg,37119,37119003302,BRFSS,Health Risk Behaviors,No leisure-time physical activity among adults,%,Crude prevalence,13.1,10.4,16.2,2581,2130,"{'type': 'Point', 'coordinates': [-80.8605961, 35.1934579]}",37119003302,RISKBEH,LPA,CrdPrv,Physical Inactivity
2023,NC,North Carolina,Johnston,37101,37101041109,BRFSS,Health Risk Behaviors,No leisure-time physical activity among adults,%,Crude prevalence,20.6,16.7,25.2,3207,2461,"{'type': 'Point', 'coordinates': [-78.5419791, 35.5958655]}",37101041109,RISKBEH,LPA,CrdPrv,Physical Inactivity
2023,NC,North Carolina,Mecklenburg,37119,37119003805,BRFSS,Health Risk Behaviors,No leisure-time physical activity among adults,%,Crude prevalence,15.9,12.9,19.3,3228,2763,"{'type': 'Point', 'coordinates': [-80.9129153, 35.1749191]}",37119003805,RISKBEH,LPA,CrdPrv,Physical Inactivity
2023,NC,North Carolina,Mecklenburg,37119,37119004900,BRFSS,Health Risk Behaviors,No leisure-time physical activity among adults,%,Crude prevalence,26.5,21.7,31.9,702,551,"{'type': 'Point', 'coordinates': [-80.8428441, 35.2427609]}",37119004900,RISKBEH,LPA,CrdPrv,Physical Inactivity
2023,NC,North Carolina,Mecklenburg,37119,37119004101,BRFSS,Health Risk Behaviors,No leisure-time physical activity among adults,%,Crude prevalence,16.8,13.5,20.3,2061,1766,"{'type': 'Point', 'coordinates': [-80.8749966, 35.227531]}",37119004101,RISKBEH,LPA,CrdPrv,Physical Inactivity
2023,NC,North Carolina,Iredell,37097,37097061401,BRFSS,Health Risk Behaviors,No leisure-time physical activity among adults,%,Crude prevalence,14.6,11.2,18.4,5221,3871,"{'type': 'Point', 'coordinates': [-80.9387125, 35.5627265]}",37097061401,RISKBEH,LPA,CrdPrv,Physical Inactivity
2023,NC,North Carolina,Mecklenburg,37119,37119002006,BRFSS,Health Risk Behaviors,No leisure-time physical activity among adults,%,Crude prevalence,15.0,11.8,18.7,3998,3095,"{'type': 'Point', 'coordinates': [-80.7830693, 35.1706386]}",37119002006,RISKBEH,LPA,CrdPrv,Physical Inactivity
2023,NC,North Carolina,Mecklenburg,37119,37119000800,BRFSS,Health Risk Behaviors,No leisure-time physical activity among adults,%,Crude prevalence,22.1,18.3,26.3,2885,2290,"{'type': 'Point', 'coordinates': [-80.8194074, 35.2281854]}",37119000800,RISKBEH,LPA,CrdPrv,Physical Inactivity
2023,NC,North Carolina,Lenoir,37107,37107011400,BRFSS,Health Risk Behaviors,No leisure-time physical activity among adults,%,Crude prevalence,29.2,24.5,34.5,4220,3317,"{'type': 'Point', 'coordinates': [-77.5506355, 35.1959445]}",37107011400,RISKBEH,LPA,CrdPrv,Physical Inactivity
2023,NC,North Carolina,Iredell,37097,37097061003,BRFSS,Health Risk Behaviors,No leisure-time physical activity among adults,%,Crude prevalence,24.2,19.7,28.8,3848,3047,"{'type': 'Point', 'coordinates': [-80.9090498, 35.825128]}",37097061003,RISKBEH,LPA,CrdPrv,Physical Inactivity
2023,NC,North Carolina,Jackson,37099,37099950500,BRFSS,Health Risk Behaviors,No leisure-time physical activity among adults,%,Crude prevalence,23.7,19.3,28.6,5713,4566,"{'type': 'Point', 'coordinates': [-83.2852418, 35.3213823]}",37099950500,RISKBEH,LPA,CrdPrv,Physical Inactivity
2023,NC,North Carolina,Mecklenburg,37119,37119005531,BRFSS,Health Risk Behaviors,No leisure-time physical activity among adults,%,Crude prevalence,17.8,14.7,21.1,5678,4389,"{'type': 'Point', 'coordinates': [-80.7157898, 35.3433963]}",37119005531,RISKBEH,LPA,CrdPrv,Physical Inactivity
2023,NC,North Carolina,Lincoln,37109,37109070100,BRFSS,Health Risk Behaviors,No leisure-time physical activity among adults,%,Crude prevalence,28.7,23.6,33.9,4896,3900,"{'type': 'Point', 'coordinates': [-81.2529925, 35.4685281]}",37109070100,RISKBEH,LPA,CrdPrv,Physical Inactivity
2023,NC,North Carolina,Mecklenburg,37119,37119003402,BRFSS,Health Risk Behaviors,No leisure-time physical activity among adults,%,Crude prevalence,11.5,9.2,14.2,4111,3094,"{'type': 'Point', 'coordinates': [-80.8495383, 35.1989897]}",37119003402,RISKBEH,LPA,CrdPrv,Physical Inactivity
2023,NC,North Carolina,Mecklenburg,37119,37119001923,BRFSS,Health Risk Behaviors,No leisure-time physical activity among adults,%,Crude prevalence,30.1,25.3,34.8,3756,2831,"{'type': 'Point', 'coordinates': [-80.7174495, 35.2114472]}",37119001923,RISKBEH,LPA,CrdPrv,Physical Inactivity
2023,NC,North Carolina,Iredell,37097,37097061605,BRFSS,Health Risk Behaviors,No leisure-time physical activity among adults,%,Crude prevalence,16.5,13.2,20.0,3045,2168,"{'type': 'Point', 'coordinates': [-80.8313651, 35.5482192]}",37097061605,RISKBEH,LPA,CrdPrv,Physical Inactivity
2023,NC,North Carolina,Mecklenburg,37119,37119000103,BRFSS,Health Risk Behaviors,No leisure-time physical activity among adults,%,Crude prevalence,11.5,9.2,14.0,2000,1936,"{'type': 'Point', 'coordinates': [-80.8451688, 35.2316047]}",37119000103,RISKBEH,LPA,CrdPrv,Physical Inactivity
2023,NC,North Carolina,Mecklenburg,37119,37119002201,BRFSS,Health Risk Behaviors,No leisure-time physical activity among adults,%,Crude prevalence,13.5,10.5,16.9,2718,1968,"{'type': 'Point', 'coordinates': [-80.7991538, 35.1842483]}",37119002201,RISKBEH,LPA,CrdPrv,Physical Inactivity
2023,NC,North Carolina,Iredell,37097,37097061205,BRFSS,Health Risk Behaviors,No leisure-time physical activity among adults,%,Crude prevalence,21.7,17.5,26.9,3895,3270,"{'type': 'Point', 'coordinates': [-80.9503795, 35.6839974]}",37097061205,RISKBEH,LPA,CrdPrv,Physical Inactivity
2023,NC,North Carolina,Mecklenburg,37119,37119002004,BRFSS,Health Risk Behaviors,No leisure-time physical activity among adults,%,Crude prevalence,15.5,12.7,18.6,5189,3969,"{'type': 'Point', 'coordinates': [-80.779567, 35.1467548]}",37119002004,RISKBEH,LPA,CrdPrv,Physical Inactivity
2023,NC,North Carolina,Lee,37105,37105030702,BRFSS,Health Risk Behaviors,No leisure-time physical activity among adults,%,Crude prevalence,25.6,21.2,30.2,4368,3404,"{'type': 'Point', 'coordinates': [-79.0534716, 35.4940347]}",37105030702,RISKBEH,LPA,CrdPrv,Physical Inactivity
2023,NC,North Carolina,Jackson,37099,37099950400,BRFSS,Health Risk Behaviors,No leisure-time physical activity among adults,%,Crude prevalence,24.8,20.4,29.7,4335,3427,"{'type': 'Point', 'coordinates': [-83.1924421, 35.361038]}",37099950400,RISKBEH,LPA,CrdPrv,Physical Inactivity
2023,NC,North Carolina,Iredell,37097,37097060701,BRFSS,Health Risk Behaviors,No leisure-time physical activity among adults,%,Crude prevalence,30.3,25.4,35.6,3007,2395,"{'type': 'Point', 'coordinates': [-80.7688707, 35.7626992]}",37097060701,RISKBEH,LPA,CrdPrv,Physical Inactivity
2023,NC,North Carolina,Iredell,37097,37097060802,BRFSS,Health Risk Behaviors,No leisure-time physical activity among adults,%,Crude prevalence,27.4,22.9,32.4,3609,2811,"{'type': 'Point', 'coordinates': [-80.7747628, 35.9162928]}",37097060802,RISKBEH,LPA,CrdPrv,Physical Inactivity
2023,NC,North Carolina,Johnston,37101,37101041203,BRFSS,Health Risk Behaviors,No leisure-time physical activity among adults,%,Crude prevalence,24.6,19.7,29.7,1885,1406,"{'type': 'Point', 'coordinates': [-78.4155551, 35.373841]}",37101041203,RISKBEH,LPA,CrdPrv,Physical Inactivity
2023,NC,North Carolina,Johnston,37101,37101041509,BRFSS,Health Risk Behaviors,No leisure-time physical activity among adults,%,Crude prevalence,19.3,15.5,23.2,4191,3125,"{'type': 'Point', 'coordinates': [-78.5830029, 35.4970301]}",37101041509,RISKBEH,LPA,CrdPrv,Physical Inactivity
2023,NC,North Carolina,Mecklenburg,37119,37119005836,BRFSS,Health Risk Behaviors,No leisure-time physical activity among adults,%,Crude prevalence,20.6,17.1,24.7,4064,3053,"{'type': 'Point', 'coordinates': [-80.8739592, 35.049435]}",37119005836,RISKBEH,LPA,CrdPrv,Physical Inactivity
2023,NC,North Carolina,Mecklenburg,37119,37119005000,BRFSS,Health Risk Behaviors,No leisure-time physical activity among adults,%,Crude prevalence,23.0,18.9,27.4,2566,1844,"{'type': 'Point', 'coordinates': [-80.8395918, 35.2527785]}",37119005000,RISKBEH,LPA,CrdPrv,Physical Inactivity
2023,NC,North Carolina,Mecklenburg,37119,37119005862,BRFSS,Health Risk Behaviors,No leisure-time physical activity among adults,%,Crude prevalence,15.6,12.5,19.0,3095,2292,"{'type': 'Point', 'coordinates': [-80.8014195, 35.0570266]}",37119005862,RISKBEH,LPA,CrdPrv,Physical Inactivity
2023,NC,North Carolina,Iredell,37097,37097061405,BRFSS,Health Risk Behaviors,No leisure-time physical activity among adults,%,Crude prevalence,16.2,12.8,19.9,3625,2931,"{'type': 'Point', 'coordinates': [-80.8871353, 35.5616585]}",37097061405,RISKBEH,LPA,CrdPrv,Physical Inactivity
2023,NC,North Carolina,Macon,37113,37113970302,BRFSS,Health Risk Behaviors,No leisure-time physical activity among adults,%,Crude prevalence,25.7,20.5,30.5,4416,3552,"{'type': 'Point', 'coordinates': [-83.4120986, 35.18768]}",37113970302,RISKBEH,LPA,CrdPrv,Physical Inactivity
2023,NC,North Carolina,Lincoln,37109,37109070902,BRFSS,Health Risk Behaviors,No leisure-time physical activity among adults,%,Crude prevalence,20.5,16.7,24.6,7143,5478,"{'type': 'Point', 'coordinates': [-81.0957004, 35.4998814]}",37109070902,RISKBEH,LPA,CrdPrv,Physical Inactivity
2023,NC,North Carolina,Mecklenburg,37119,37119000700,BRFSS,Health Risk Behaviors,No leisure-time physical activity among adults,%,Crude prevalence,12.5,10.0,15.5,2480,2362,"{'type': 'Point', 'coordinates': [-80.8190353, 35.2385898]}",37119000700,RISKBEH,LPA,CrdPrv,Physical Inactivity
2023,NC,North Carolina,Johnston,37101,37101040206,BRFSS,Health Risk Behaviors,No leisure-time physical activity among adults,%,Crude prevalence,24.8,20.4,29.4,4570,3492,"{'type': 'Point', 'coordinates': [-78.2402326, 35.6604033]}",37101040206,RISKBEH,LPA,CrdPrv,Physical Inactivity
2023,NC,North Carolina,Johnston,37101,37101040103,BRFSS,Health Risk Behaviors,No leisure-time physical activity among adults,%,Crude prevalence,30.5,25.4,35.8,2223,1698,"{'type': 'Point', 'coordinates': [-78.144732, 35.5413351]}",37101040103,RISKBEH,LPA,CrdPrv,Physical Inactivity
2023,NC,North Carolina,Mecklenburg,37119,37119001920,BRFSS,Health Risk Behaviors,No leisure-time physical activity among adults,%,Crude prevalence,30.2,25.7,34.8,4883,3454,"{'type': 'Point', 'coordinates': [-80.7421894, 35.1789691]}",37119001920,RISKBEH,LPA,CrdPrv,Physical Inactivity
2023,NC,North Carolina,Johnston,37101,37101041003,BRFSS,Health Risk Behaviors,No leisure-time physical activity among adults,%,Crude prevalence,19.0,15.5,22.8,3727,2921,"{'type': 'Point', 'coordinates': [-78.4901831, 35.6513027]}",37101041003,RISKBEH,LPA,CrdPrv,Physical Inactivity
2023,NC,North Carolina,Mecklenburg,37119,37119005723,BRFSS,Health Risk Behaviors,No leisure-time physical activity among adults,%,Crude prevalence,19.7,16.3,23.3,3573,2767,"{'type': 'Point', 'coordinates': [-80.7201588, 35.1578694]}",37119005723,RISKBEH,LPA,CrdPrv,Physical Inactivity
2023,NC,North Carolina,Mecklenburg,37119,37119001801,BRFSS,Health Risk Behaviors,No leisure-time physical activity among adults,%,Crude prevalence,21.6,17.9,25.5,1299,1079,"{'type': 'Point', 'coordinates': [-80.7961149, 35.2038367]}",37119001801,RISKBEH,LPA,CrdPrv,Physical Inactivity
2023,NC,North Carolina,Iredell,37097,37097061301,BRFSS,Health Risk Behaviors,No leisure-time physical activity among adults,%,Crude prevalence,24.7,20.5,29.5,2874,2252,"{'type': 'Point', 'coordinates': [-80.8107534, 35.7181406]}",37097061301,RISKBEH,LPA,CrdPrv,Physical Inactivity
2023,NC,North Carolina,Mecklenburg,37119,37119001100,BRFSS,Health Risk Behaviors,No leisure-time physical activity among adults,%,Crude prevalence,10.9,8.5,13.8,3317,2768,"{'type': 'Point', 'coordinates': [-80.8066303, 35.2144543]}",37119001100,RISKBEH,LPA,CrdPrv,Physical Inactivity
2023,NC,North Carolina,Mecklenburg,37119,37119004302,BRFSS,Health Risk Behaviors,No leisure-time physical activity among adults,%,Crude prevalence,33.8,28.6,39.1,5118,3753,"{'type': 'Point', 'coordinates': [-80.8935271, 35.2606562]}",37119004302,RISKBEH,LPA,CrdPrv,Physical Inactivity
2023,NC,North Carolina,Mecklenburg,37119,37119001605,BRFSS,Health Risk Behaviors,No leisure-time physical activity among adults,%,Crude prevalence,31.7,26.7,36.6,1651,1326,"{'type': 'Point', 'coordinates': [-80.7752793, 35.220193]}",37119001605,RISKBEH,LPA,CrdPrv,Physical Inactivity
2023,NC,North Carolina,Lee,37105,37105030300,BRFSS,Health Risk Behaviors,No leisure-time physical activity among adults,%,Crude prevalence,45.2,39.1,51.3,2967,2210,"{'type': 'Point', 'coordinates': [-79.174001, 35.4691018]}",37105030300,RISKBEH,LPA,CrdPrv,Physical Inactivity
2023,NC,North Carolina,Mecklenburg,37119,37119005515,BRFSS,Health Risk Behaviors,No leisure-time physical activity among adults,%,Crude prevalence,18.9,15.4,22.7,2634,2009,"{'type': 'Point', 'coordinates': [-80.7672694, 35.3904142]}",37119005515,RISKBEH,LPA,CrdPrv,Physical Inactivity
2023,NC,North Carolina,Iredell,37097,37097061102,BRFSS,Health Risk Behaviors,No leisure-time physical activity among adults,%,Crude prevalence,24.5,20.0,29.4,3329,2584,"{'type': 'Point', 'coordinates': [-81.0063969, 35.7884839]}",37097061102,RISKBEH,LPA,CrdPrv,Physical Inactivity
2023,NC,North Carolina,Martin,37117,37117970500,BRFSS,Health Risk Behaviors,No leisure-time physical activity among adults,%,Crude prevalence,23.0,18.9,27.8,5272,4213,"{'type': 'Point', 'coordinates': [-77.1055376, 35.7806152]}",37117970500,RISKBEH,LPA,CrdPrv,Physical Inactivity
2023,NC,North Carolina,Mecklenburg,37119,37119005715,BRFSS,Health Risk Behaviors,No leisure-time physical activity among adults,%,Crude prevalence,21.6,17.8,25.5,3067,2409,"{'type': 'Point', 'coordinates': [-80.5910474, 35.2084182]}",37119005715,RISKBEH,LPA,CrdPrv,Physical Inactivity
2023,NC,North Carolina,Madison,37115,37115010700,BRFSS,Health Risk Behaviors,No leisure-time physical activity among adults,%,Crude prevalence,23.5,19.1,28.6,2913,2365,"{'type': 'Point', 'coordinates': [-82.4836257, 35.8559474]}",37115010700,RISKBEH,LPA,CrdPrv,Physical Inactivity
2023,NC,North Carolina,Mecklenburg,37119,37119001927,BRFSS,Health Risk Behaviors,No leisure-time physical activity among adults,%,Crude prevalence,32.2,27.3,37.6,2948,2214,"{'type': 'Point', 'coordinates': [-80.7434065, 35.1536905]}",37119001927,RISKBEH,LPA,CrdPrv,Physical Inactivity
2023,NC,North Carolina,Mecklenburg,37119,37119005859,BRFSS,Health Risk Behaviors,No leisure-time physical activity among adults,%,Crude prevalence,14.7,11.9,17.8,3102,2401,"{'type': 'Point', 'coordinates': [-80.824344, 35.0514051]}",37119005859,RISKBEH,LPA,CrdPrv,Physical Inactivity
2023,NC,North Carolina,Mecklenburg,37119,37119002500,BRFSS,Health Risk Behaviors,No leisure-time physical activity among adults,%,Crude prevalence,10.6,8.3,13.3,2498,2254,"{'type': 'Point', 'coordinates': [-80.8236353, 35.2172707]}",37119002500,RISKBEH,LPA,CrdPrv,Physical Inactivity
2023,NC,North Carolina,Mecklenburg,37119,37119005827,BRFSS,Health Risk Behaviors,No leisure-time physical activity among adults,%,Crude prevalence,23.5,19.4,27.6,2772,2143,"{'type': 'Point', 'coordinates': [-80.8719718, 35.1117193]}",37119005827,RISKBEH,LPA,CrdPrv,Physical Inactivity
2023,NC,North Carolina,Johnston,37101,37101041206,BRFSS,Health Risk Behaviors,No leisure-time physical activity among adults,%,Crude prevalence,26.9,22.4,31.8,2663,2021,"{'type': 'Point', 'coordinates': [-78.4144478, 35.4921818]}",37101041206,RISKBEH,LPA,CrdPrv,Physical Inactivity
2023,NC,North Carolina,Mecklenburg,37119,37119005611,BRFSS,Health Risk Behaviors,No leisure-time physical activity among adults,%,Crude prevalence,19.4,16.1,22.8,3561,2642,"{'type': 'Point', 'coordinates': [-80.6993126, 35.3291276]}",37119005611,RISKBEH,LPA,CrdPrv,Physical Inactivity
2023,NC,North Carolina,Mecklenburg,37119,37119005604,BRFSS,Health Risk Behaviors,No leisure-time physical activity among adults,%,Crude prevalence,19.7,16.2,23.3,8512,8096,"{'type': 'Point', 'coordinates': [-80.7390968, 35.3040262]}",37119005604,RISKBEH,LPA,CrdPrv,Physical Inactivity
2023,NC,North Carolina,Mecklenburg,37119,37119005519,BRFSS,Health Risk Behaviors,No leisure-time physical activity among adults,%,Crude prevalence,18.4,15.2,21.8,6605,4890,"{'type': 'Point', 'coordinates': [-80.7394872, 35.36782]}",37119005519,RISKBEH,LPA,CrdPrv,Physical Inactivity
2023,NC,North Carolina,Mecklenburg,37119,37119003600,BRFSS,Health Risk Behaviors,No leisure-time physical activity among adults,%,Crude prevalence,20.8,17.2,25.3,3777,3206,"{'type': 'Point', 'coordinates': [-80.8723798, 35.2162038]}",37119003600,RISKBEH,LPA,CrdPrv,Physical Inactivity
2023,NC,North Carolina,Madison,37115,37115010400,BRFSS,Health Risk Behaviors,No leisure-time physical activity among adults,%,Crude prevalence,27.5,22.0,33.2,1854,1566,"{'type': 'Point', 'coordinates': [-82.7648617, 35.8017258]}",37115010400,RISKBEH,LPA,CrdPrv,Physical Inactivity
2023,NC,North Carolina,Lincoln,37109,37109071101,BRFSS,Health Risk Behaviors,No leisure-time physical activity among adults,%,Crude prevalence,18.9,15.3,22.9,7254,5549,"{'type': 'Point', 'coordinates': [-81.0277942, 35.5045243]}",37109071101,RISKBEH,LPA,CrdPrv,Physical Inactivity
2023,NC,North Carolina,Jackson,37099,37099940200,BRFSS,Health Risk Behaviors,No leisure-time physical activity among adults,%,Crude prevalence,31.4,26.3,36.7,6141,4565,"{'type': 'Point', 'coordinates': [-83.249303, 35.4581052]}",37099940200,RISKBEH,LPA,CrdPrv,Physical Inactivity
2023,NC,North Carolina,Iredell,37097,37097061304,BRFSS,Health Risk Behaviors,No leisure-time physical activity among adults,%,Crude prevalence,19.2,15.7,23.2,5780,4423,"{'type': 'Point', 'coordinates': [-80.8373825, 35.615518]}",37097061304,RISKBEH,LPA,CrdPrv,Physical Inactivity
2023,NC,North Carolina,Lenoir,37107,37107010900,BRFSS,Health Risk Behaviors,No leisure-time physical activity among adults,%,Crude prevalence,35.9,30.8,41.4,3080,2440,"{'type': 'Point', 'coordinates': [-77.6123942, 35.3514224]}",37107010900,RISKBEH,LPA,CrdPrv,Physical Inactivity
2023,NC,North Carolina,Mecklenburg,37119,37119002907,BRFSS,Health Risk Behaviors,No leisure-time physical activity among adults,%,Crude prevalence,14.1,11.5,17.0,3509,2630,"{'type': 'Point', 'coordinates': [-80.8075039, 35.1481414]}",37119002907,RISKBEH,LPA,CrdPrv,Physical Inactivity
2023,NC,North Carolina,Lenoir,37107,37107010400,BRFSS,Health Risk Behaviors,No leisure-time physical activity among adults,%,Crude prevalence,44.2,37.7,50.9,723,546,"{'type': 'Point', 'coordinates': [-77.5730767, 35.2629831]}",37107010400,RISKBEH,LPA,CrdPrv,Physical Inactivity
2023,NC,North Carolina,Iredell,37097,37097061604,BRFSS,Health Risk Behaviors,No leisure-time physical activity among adults,%,Crude prevalence,18.5,14.5,22.9,1459,1093,"{'type': 'Point', 'coordinates': [-80.8089947, 35.5463235]}",37097061604,RISKBEH,LPA,CrdPrv,Physical Inactivity
2023,NC,North Carolina,Mecklenburg,37119,37119000301,BRFSS,Health Risk Behaviors,No leisure-time physical activity among adults,%,Crude prevalence,10.7,8.5,13.3,1239,1196,"{'type': 'Point', 'coordinates': [-80.8367131, 35.2097833]}",37119000301,RISKBEH,LPA,CrdPrv,Physical Inactivity
2023,NC,North Carolina,Mecklenburg,37119,37119005619,BRFSS,Health Risk Behaviors,No leisure-time physical activity among adults,%,Crude prevalence,20.5,16.9,24.5,4713,3494,"{'type': 'Point', 'coordinates': [-80.6696642, 35.2522069]}",37119005619,RISKBEH,LPA,CrdPrv,Physical Inactivity
2023,NC,North Carolina,Lincoln,37109,37109070500,BRFSS,Health Risk Behaviors,No leisure-time physical activity among adults,%,Crude prevalence,26.3,21.7,31.1,4889,3851,"{'type': 'Point', 'coordinates': [-81.4095549, 35.4658276]}",37109070500,RISKBEH,LPA,CrdPrv,Physical Inactivity
2023,NC,North Carolina,Johnston,37101,37101041401,BRFSS,Health Risk Behaviors,No leisure-time physical activity among adults,%,Crude prevalence,26.6,22.5,31.3,3241,2410,"{'type': 'Point', 'coordinates': [-78.5061516, 35.3931824]}",37101041401,RISKBEH,LPA,CrdPrv,Physical Inactivity
2023,NC,North Carolina,Iredell,37097,37097060902,BRFSS,Health Risk Behaviors,No leisure-time physical activity among adults,%,Crude prevalence,23.8,19.4,28.6,3802,3023,"{'type': 'Point', 'coordinates': [-80.9374165, 35.9245171]}",37097060902,RISKBEH,LPA,CrdPrv,Physical Inactivity
2023,NC,North Carolina,Mecklenburg,37119,37119000501,BRFSS,Health Risk Behaviors,No leisure-time physical activity among adults,%,Crude prevalence,15.0,12.1,18.3,2448,2293,"{'type': 'Point', 'coordinates': [-80.8530724, 35.2307749]}",37119000501,RISKBEH,LPA,CrdPrv,Physical Inactivity
2023,NC,North Carolina,Mecklenburg,37119,37119005854,BRFSS,Health Risk Behaviors,No leisure-time physical activity among adults,%,Crude prevalence,15.1,12.2,18.4,2308,1706,"{'type': 'Point', 'coordinates': [-80.8616233, 35.0575792]}",37119005854,RISKBEH,LPA,CrdPrv,Physical Inactivity
2023,NC,North Carolina,Mecklenburg,37119,37119005533,BRFSS,Health Risk Behaviors,No leisure-time physical activity among adults,%,Crude prevalence,18.1,14.6,22.0,1277,1140,"{'type': 'Point', 'coordinates': [-80.7661366, 35.3275364]}",37119005533,RISKBEH,LPA,CrdPrv,Physical Inactivity
2023,NC,North Carolina,Mecklenburg,37119,37119002702,BRFSS,Health Risk Behaviors,No leisure-time physical activity among adults,%,Crude prevalence,11.1,9.1,13.4,6123,4768,"{'type': 'Point', 'coordinates': [-80.8379858, 35.1822859]}",37119002702,RISKBEH,LPA,CrdPrv,Physical Inactivity
2023,NC,North Carolina,Mecklenburg,37119,37119005816,BRFSS,Health Risk Behaviors,No leisure-time physical activity among adults,%,Crude prevalence,14.2,11.4,17.1,4303,3394,"{'type': 'Point', 'coordinates': [-80.8091794, 35.0715395]}",37119005816,RISKBEH,LPA,CrdPrv,Physical Inactivity
2023,NC,North Carolina,Mecklenburg,37119,37119002100,BRFSS,Health Risk Behaviors,No leisure-time physical activity among adults,%,Crude prevalence,21.4,17.7,25.3,2764,2218,"{'type': 'Point', 'coordinates': [-80.785599, 35.1850848]}",37119002100,RISKBEH,LPA,CrdPrv,Physical Inactivity
2023,NC,North Carolina,Johnston,37101,37101040303,BRFSS,Health Risk Behaviors,No leisure-time physical activity among adults,%,Crude prevalence,34.2,28.9,39.6,3501,2388,"{'type': 'Point', 'coordinates': [-78.290032, 35.5465875]}",37101040303,RISKBEH,LPA,CrdPrv,Physical Inactivity
2023,NC,North Carolina,Madison,37115,37115010602,BRFSS,Health Risk Behaviors,No leisure-time physical activity among adults,%,Crude prevalence,21.3,17.2,25.8,4082,3403,"{'type': 'Point', 'coordinates': [-82.5730105, 35.8045167]}",37115010602,RISKBEH,LPA,CrdPrv,Physical Inactivity
2023,NC,North Carolina,Mecklenburg,37119,37119001200,BRFSS,Health Risk Behaviors,No leisure-time physical activity among adults,%,Crude prevalence,21.6,17.7,26.0,5404,4178,"{'type': 'Point', 'coordinates': [-80.7885556, 35.2238478]}",37119001200,RISKBEH,LPA,CrdPrv,Physical Inactivity
2023,NC,North Carolina,Mecklenburg,37119,37119005200,BRFSS,Health Risk Behaviors,No leisure-time physical activity among adults,%,Crude prevalence,30.3,25.7,35.1,2419,1797,"{'type': 'Point', 'coordinates': [-80.8246593, 35.2457602]}",37119005200,RISKBEH,LPA,CrdPrv,Physical Inactivity
2023,NC,North Carolina,Mecklenburg,37119,37119003006,BRFSS,Health Risk Behaviors,No leisure-time physical activity among adults,%,Crude prevalence,13.6,11.0,16.6,4490,3416,"{'type': 'Point', 'coordinates': [-80.8294036, 35.1330161]}",37119003006,RISKBEH,LPA,CrdPrv,Physical Inactivity
2023,NC,North Carolina,Lee,37105,37105030507,BRFSS,Health Risk Behaviors,No leisure-time physical activity among adults,%,Crude prevalence,19.7,15.5,24.6,3720,3079,"{'type': 'Point', 'coordinates': [-79.1004104, 35.4199699]}",37105030507,RISKBEH,LPA,CrdPrv,Physical Inactivity
2023,NC,North Carolina,Mecklenburg,37119,37119002008,BRFSS,Health Risk Behaviors,No leisure-time physical activity among adults,%,Crude prevalence,14.8,11.6,18.1,3143,2459,"{'type': 'Point', 'coordinates': [-80.7681005, 35.153255]}",37119002008,RISKBEH,LPA,CrdPrv,Physical Inactivity
2023,NC,North Carolina,Madison,37115,37115010500,BRFSS,Health Risk Behaviors,No leisure-time physical activity among adults,%,Crude prevalence,22.6,18.2,27.4,4814,3925,"{'type': 'Point', 'coordinates': [-82.6984564, 35.7780838]}",37115010500,RISKBEH,LPA,CrdPrv,Physical Inactivity
2023,NC,North Carolina,Mecklenburg,37119,37119005301,BRFSS,Health Risk Behaviors,No leisure-time physical activity among adults,%,Crude prevalence,38.3,32.5,44.0,3637,2698,"{'type': 'Point', 'coordinates': [-80.8061142, 35.2574888]}",37119005301,RISKBEH,LPA,CrdPrv,Physical Inactivity
2023,NC,North Carolina,Mecklenburg,37119,37119005713,BRFSS,Health Risk Behaviors,No leisure-time physical activity among adults,%,Crude prevalence,17.8,14.7,21.1,4376,3440,"{'type': 'Point', 'coordinates': [-80.6578019, 35.1502994]}",37119005713,RISKBEH,LPA,CrdPrv,Physical Inactivity
2023,NC,North Carolina,Iredell,37097,37097060602,BRFSS,Health Risk Behaviors,No leisure-time physical activity among adults,%,Crude prevalence,20.3,16.2,24.6,2030,1649,"{'type': 'Point', 'coordinates': [-80.8142041, 35.7901073]}",37097060602,RISKBEH,LPA,CrdPrv,Physical Inactivity
2023,NC,North Carolina,Iredell,37097,37097061103,BRFSS,Health Risk Behaviors,No leisure-time physical activity among adults,%,Crude prevalence,29.3,24.3,34.7,2812,2253,"{'type': 'Point', 'coordinates': [-81.0226277, 35.7395156]}",37097061103,RISKBEH,LPA,CrdPrv,Physical Inactivity
2023,NC,North Carolina,Mecklenburg,37119,37119003810,BRFSS,Health Risk Behaviors,No leisure-time physical activity among adults,%,Crude prevalence,29.9,25.3,34.8,4100,3118,"{'type': 'Point', 'coordinates': [-80.9060583, 35.1506787]}",37119003810,RISKBEH,LPA,CrdPrv,Physical Inactivity
2023,NC,North Carolina,McDowell,37111,37111970700,BRFSS,Health Risk Behaviors,No leisure-time physical activity among adults,%,Crude prevalence,25.7,21.0,30.6,4089,3341,"{'type': 'Point', 'coordinates': [-82.1736178, 35.6803279]}",37111970700,RISKBEH,LPA,CrdPrv,Physical Inactivity
2023,NC,North Carolina,Mecklenburg,37119,37119005832,BRFSS,Health Risk Behaviors,No leisure-time physical activity among adults,%,Crude prevalence,12.2,10.0,14.7,3406,2341,"{'type': 'Point', 'coordinates': [-80.766109, 35.1016808]}",37119005832,RISKBEH,LPA,CrdPrv,Physical Inactivity
2023,NC,North Carolina,Mecklenburg,37119,37119002909,BRFSS,Health Risk Behaviors,No leisure-time physical activity among adults,%,Crude prevalence,12.4,10.0,15.0,1570,1233,"{'type': 'Point', 'coordinates': [-80.8316285, 35.1604255]}",37119002909,RISKBEH,LPA,CrdPrv,Physical Inactivity
2023,NC,North Carolina,Lincoln,37109,37109070600,BRFSS,Health Risk Behaviors,No leisure-time physical activity among adults,%,Crude prevalence,23.9,19.1,28.8,4226,3327,"{'type': 'Point', 'coordinates': [-81.4368095, 35.5288829]}",37109070600,RISKBEH,LPA,CrdPrv,Physical Inactivity
2023,NC,North Carolina,Mecklenburg,37119,37119005719,BRFSS,Health Risk Behaviors,No leisure-time physical activity among adults,%,Crude prevalence,23.8,19.8,28.3,3778,3028,"{'type': 'Point', 'coordinates': [-80.6449386, 35.202614]}",37119005719,RISKBEH,LPA,CrdPrv,Physical Inactivity
2023,NC,North Carolina,Mecklenburg,37119,37119005857,BRFSS,Health Risk Behaviors,No leisure-time physical activity among adults,%,Crude prevalence,15.3,12.5,18.5,2587,1915,"{'type': 'Point', 'coordinates': [-80.8553954, 35.0244421]}",37119005857,RISKBEH,LPA,CrdPrv,Physical Inactivity
2023,NC,North Carolina,Lee,37105,37105030601,BRFSS,Health Risk Behaviors,No leisure-time physical activity among adults,%,Crude prevalence,21.2,17.5,25.4,3506,2757,"{'type': 'Point', 'coordinates': [-79.2439167, 35.5199029]}",37105030601,RISKBEH,LPA,CrdPrv,Physical Inactivity
2023,NC,North Carolina,Lenoir,37107,37107010100,BRFSS,Health Risk Behaviors,No leisure-time physical activity among adults,%,Crude prevalence,36.5,31.2,42.4,4520,3545,"{'type': 'Point', 'coordinates': [-77.4994816, 35.3572404]}",37107010100,RISKBEH,LPA,CrdPrv,Physical Inactivity
2023,NC,North Carolina,Mecklenburg,37119,37119005510,BRFSS,Health Risk Behaviors,No leisure-time physical activity among adults,%,Crude prevalence,25.2,20.9,30.4,6875,4801,"{'type': 'Point', 'coordinates': [-80.8193663, 35.3260782]}",37119005510,RISKBEH,LPA,CrdPrv,Physical Inactivity
2023,NC,North Carolina,Iredell,37097,37097061303,BRFSS,Health Risk Behaviors,No leisure-time physical activity among adults,%,Crude prevalence,17.9,14.5,21.7,5400,3921,"{'type': 'Point', 'coordinates': [-80.7888325, 35.6315767]}",37097061303,RISKBEH,LPA,CrdPrv,Physical Inactivity
2023,NC,North Carolina,Johnston,37101,37101041107,BRFSS,Health Risk Behaviors,No leisure-time physical activity among adults,%,Crude prevalence,19.9,16.1,23.9,5155,3716,"{'type': 'Point', 'coordinates': [-78.5569918, 35.5620416]}",37101041107,RISKBEH,LPA,CrdPrv,Physical Inactivity
2023,NC,North Carolina,Johnston,37101,37101040600,BRFSS,Health Risk Behaviors,No leisure-time physical activity among adults,%,Crude prevalence,34.9,29.7,40.6,3461,2595,"{'type': 'Point', 'coordinates': [-78.2964396, 35.4574321]}",37101040600,RISKBEH,LPA,CrdPrv,Physical Inactivity
2023,NC,North Carolina,Iredell,37097,37097061302,BRFSS,Health Risk Behaviors,No leisure-time physical activity among adults,%,Crude prevalence,22.2,18.2,26.3,5012,3875,"{'type': 'Point', 'coordinates': [-80.8101158, 35.6737553]}",37097061302,RISKBEH,LPA,CrdPrv,Physical Inactivity
2023,NC,North Carolina,Iredell,37097,37097061204,BRFSS,Health Risk Behaviors,No leisure-time physical activity among adults,%,Crude prevalence,14.9,11.4,18.9,4390,3360,"{'type': 'Point', 'coordinates': [-80.9097772, 35.6283308]}",37097061204,RISKBEH,LPA,CrdPrv,Physical Inactivity
2023,NC,North Carolina,Mecklenburg,37119,37119005622,BRFSS,Health Risk Behaviors,No leisure-time physical activity among adults,%,Crude prevalence,23.7,19.3,28.7,3219,2776,"{'type': 'Point', 'coordinates': [-80.7283447, 35.2994275]}",37119005622,RISKBEH,LPA,CrdPrv,Physical Inactivity
2023,NC,North Carolina,Madison,37115,37115010100,BRFSS,Health Risk Behaviors,No leisure-time physical activity among adults,%,Crude prevalence,26.8,21.9,32.5,2785,2304,"{'type': 'Point', 'coordinates': [-82.6481655, 35.9601208]}",37115010100,RISKBEH,LPA,CrdPrv,Physical Inactivity
2023,NC,North Carolina,Johnston,37101,37101040208,BRFSS,Health Risk Behaviors,No leisure-time physical activity among adults,%,Crude prevalence,19.7,16.1,23.6,4567,3270,"{'type': 'Point', 'coordinates': [-78.3514627, 35.6743423]}",37101040208,RISKBEH,LPA,CrdPrv,Physical Inactivity
2023,NC,North Carolina,Mecklenburg,37119,37119000502,BRFSS,Health Risk Behaviors,No leisure-time physical activity among adults,%,Crude prevalence,14.5,11.5,18.0,1585,1422,"{'type': 'Point', 'coordinates': [-80.8484084, 35.2364732]}",37119000502,RISKBEH,LPA,CrdPrv,Physical Inactivity
2023,NC,North Carolina,Johnston,37101,37101040905,BRFSS,Health Risk Behaviors,No leisure-time physical activity among adults,%,Crude prevalence,23.0,19.4,27.4,5298,3949,"{'type': 'Point', 'coordinates': [-78.4105075, 35.5407285]}",37101040905,RISKBEH,LPA,CrdPrv,Physical Inactivity
2023,NC,North Carolina,Johnston,37101,37101041004,BRFSS,Health Risk Behaviors,No leisure-time physical activity among adults,%,Crude prevalence,31.9,26.8,37.4,2344,1843,"{'type': 'Point', 'coordinates': [-78.4855805, 35.6612019]}",37101041004,RISKBEH,LPA,CrdPrv,Physical Inactivity
2023,NC,North Carolina,Mecklenburg,37119,37119002908,BRFSS,Health Risk Behaviors,No leisure-time physical activity among adults,%,Crude prevalence,17.0,13.1,21.3,3813,2884,"{'type': 'Point', 'coordinates': [-80.7945506, 35.1385534]}",37119002908,RISKBEH,LPA,CrdPrv,Physical Inactivity
2023,NC,North Carolina,Iredell,37097,37097060703,BRFSS,Health Risk Behaviors,No leisure-time physical activity among adults,%,Crude prevalence,20.8,16.7,25.4,2810,2226,"{'type': 'Point', 'coordinates': [-80.8293838, 35.8624139]}",37097060703,RISKBEH,LPA,CrdPrv,Physical Inactivity
2023,NC,North Carolina,Iredell,37097,37097061203,BRFSS,Health Risk Behaviors,No leisure-time physical activity among adults,%,Crude prevalence,17.2,14.0,20.9,6614,5137,"{'type': 'Point', 'coordinates': [-80.8812394, 35.6314173]}",37097061203,RISKBEH,LPA,CrdPrv,Physical Inactivity
2023,NC,North Carolina,Johnston,37101,37101041111,BRFSS,Health Risk Behaviors,No leisure-time physical activity among adults,%,Crude prevalence,19.0,15.3,22.8,3869,2868,"{'type': 'Point', 'coordinates': [-78.5473406, 35.6307823]}",37101041111,RISKBEH,LPA,CrdPrv,Physical Inactivity
2023,NC,North Carolina,Mecklenburg,37119,37119003106,BRFSS,Health Risk Behaviors,No leisure-time physical activity among adults,%,Crude prevalence,20.7,16.7,25.2,4069,3223,"{'type': 'Point', 'coordinates': [-80.8608595, 35.1456118]}",37119003106,RISKBEH,LPA,CrdPrv,Physical Inactivity
2023,NC,North Carolina,Lee,37105,37105030502,BRFSS,Health Risk Behaviors,No leisure-time physical activity among adults,%,Crude prevalence,28.3,23.3,33.6,2151,1584,"{'type': 'Point', 'coordinates': [-79.1826785, 35.4156838]}",37105030502,RISKBEH,LPA,CrdPrv,Physical Inactivity
2023,NC,North Carolina,Mecklenburg,37119,37119005712,BRFSS,Health Risk Behaviors,No leisure-time physical activity among adults,%,Crude prevalence,19.1,15.5,22.7,3814,2949,"{'type': 'Point', 'coordinates': [-80.6783375, 35.1217522]}",37119005712,RISKBEH,LPA,CrdPrv,Physical Inactivity
2023,NC,North Carolina,Iredell,37097,37097061603,BRFSS,Health Risk Behaviors,No leisure-time physical activity among adults,%,Crude prevalence,19.4,15.6,23.3,5467,4209,"{'type': 'Point', 'coordinates': [-80.8282596, 35.5693849]}",37097061603,RISKBEH,LPA,CrdPrv,Physical Inactivity
2023,NC,North Carolina,Mecklenburg,37119,37119005527,BRFSS,Health Risk Behaviors,No leisure-time physical activity among adults,%,Crude prevalence,19.8,16.4,23.4,2622,2117,"{'type': 'Point', 'coordinates': [-80.7762334, 35.3407767]}",37119005527,RISKBEH,LPA,CrdPrv,Physical Inactivity
2023,NC,North Carolina,Martin,37117,37117970200,BRFSS,Health Risk Behaviors,No leisure-time physical activity among adults,%,Crude prevalence,35.3,30.1,40.9,4168,3304,"{'type': 'Point', 'coordinates': [-77.0745071, 35.8202491]}",37117970200,RISKBEH,LPA,CrdPrv,Physical Inactivity
2023,NC,North Carolina,Mecklenburg,37119,37119005817,BRFSS,Health Risk Behaviors,No leisure-time physical activity among adults,%,Crude prevalence,15.0,12.0,18.5,4363,3261,"{'type': 'Point', 'coordinates': [-80.7810069, 35.0735873]}",37119005817,RISKBEH,LPA,CrdPrv,Physical Inactivity
2023,NC,North Carolina,Lenoir,37107,37107011001,BRFSS,Health Risk Behaviors,No leisure-time physical activity among adults,%,Crude prevalence,27.6,22.9,32.6,4435,3504,"{'type': 'Point', 'coordinates': [-77.6848545, 35.2584559]}",37107011001,RISKBEH,LPA,CrdPrv,Physical Inactivity
2023,NC,North Carolina,Mecklenburg,37119,37119005305,BRFSS,Health Risk Behaviors,No leisure-time physical activity among adults,%,Crude prevalence,37.3,31.9,42.7,4528,3336,"{'type': 'Point', 'coordinates': [-80.7849359, 35.2722436]}",37119005305,RISKBEH,LPA,CrdPrv,Physical Inactivity
2023,NC,North Carolina,Mecklenburg,37119,37119001916,BRFSS,Health Risk Behaviors,No leisure-time physical activity among adults,%,Crude prevalence,34.0,29.2,38.9,4641,3433,"{'type': 'Point', 'coordinates': [-80.7088632, 35.2048538]}",37119001916,RISKBEH,LPA,CrdPrv,Physical Inactivity
2023,NC,North Carolina,Mecklenburg,37119,37119004500,BRFSS,Health Risk Behaviors,No leisure-time physical activity among adults,%,Crude prevalence,29.6,25.3,34.1,3121,2314,"{'type': 'Point', 'coordinates': [-80.8720755, 35.2524663]}",37119004500,RISKBEH,LPA,CrdPrv,Physical Inactivity
2023,NC,North Carolina,Mecklenburg,37119,37119005858,BRFSS,Health Risk Behaviors,No leisure-time physical activity among adults,%,Crude prevalence,18.6,15.3,22.4,4962,3463,"{'type': 'Point', 'coordinates': [-80.8400251, 35.0140318]}",37119005858,RISKBEH,LPA,CrdPrv,Physical Inactivity
2023,NC,North Carolina,Mecklenburg,37119,37119004102,BRFSS,Health Risk Behaviors,No leisure-time physical activity among adults,%,Crude prevalence,13.4,10.7,16.5,2858,2573,"{'type': 'Point', 'coordinates': [-80.8658662, 35.235228]}",37119004102,RISKBEH,LPA,CrdPrv,Physical Inactivity
2023,NC,North Carolina,Lenoir,37107,37107010600,BRFSS,Health Risk Behaviors,No leisure-time physical activity among adults,%,Crude prevalence,29.6,24.7,35.2,3559,2856,"{'type': 'Point', 'coordinates': [-77.5924427, 35.2798577]}",37107010600,RISKBEH,LPA,CrdPrv,Physical Inactivity
2023,NC,North Carolina,Mecklenburg,37119,37119003108,BRFSS,Health Risk Behaviors,No leisure-time physical activity among adults,%,Crude prevalence,31.0,26.5,35.7,3228,2502,"{'type': 'Point', 'coordinates': [-80.8678209, 35.1305739]}",37119003108,RISKBEH,LPA,CrdPrv,Physical Inactivity
2023,NC,North Carolina,Mecklenburg,37119,37119005815,BRFSS,Health Risk Behaviors,No leisure-time physical activity among adults,%,Crude prevalence,16.9,13.6,20.8,3566,2877,"{'type': 'Point', 'coordinates': [-80.7979171, 35.0872209]}",37119005815,RISKBEH,LPA,CrdPrv,Physical Inactivity
2023,NC,North Carolina,Mecklenburg,37119,37119002903,BRFSS,Health Risk Behaviors,No leisure-time physical activity among adults,%,Crude prevalence,13.7,11.1,16.5,4711,3753,"{'type': 'Point', 'coordinates': [-80.8170887, 35.1561343]}",37119002903,RISKBEH,LPA,CrdPrv,Physical Inactivity
2023,NC,North Carolina,Lincoln,37109,37109071001,BRFSS,Health Risk Behaviors,No leisure-time physical activity among adults,%,Crude prevalence,23.5,19.4,28.2,5505,4349,"{'type': 'Point', 'coordinates': [-81.1512647, 35.4463582]}",37109071001,RISKBEH,LPA,CrdPrv,Physical Inactivity
2023,NC,North Carolina,Johnston,37101,37101041110,BRFSS,Health Risk Behaviors,No leisure-time physical activity among adults,%,Crude prevalence,18.9,15.4,22.8,3769,2805,"{'type': 'Point', 'coordinates': [-78.5176057, 35.6534281]}",37101041110,RISKBEH,LPA,CrdPrv,Physical Inactivity
2023,NC,North Carolina,Lee,37105,37105030704,BRFSS,Health Risk Behaviors,No leisure-time physical activity among adults,%,Crude prevalence,25.1,20.7,29.9,3161,2460,"{'type': 'Point', 'coordinates': [-79.1106252, 35.5569172]}",37105030704,RISKBEH,LPA,CrdPrv,Physical Inactivity
2023,NC,North Carolina,Madison,37115,37115010200,BRFSS,Health Risk Behaviors,No leisure-time physical activity among adults,%,Crude prevalence,25.9,21.2,31.3,2168,1784,"{'type': 'Point', 'coordinates': [-82.8497719, 35.8257748]}",37115010200,RISKBEH,LPA,CrdPrv,Physical Inactivity
2023,NC,North Carolina,Lincoln,37109,37109071201,BRFSS,Health Risk Behaviors,No leisure-time physical activity among adults,%,Crude prevalence,18.2,14.3,22.7,1862,1574,"{'type': 'Point', 'coordinates': [-80.9724873, 35.4667525]}",37109071201,RISKBEH,LPA,CrdPrv,Physical Inactivity
2023,NC,North Carolina,Iredell,37097,37097060603,BRFSS,Health Risk Behaviors,No leisure-time physical activity among adults,%,Crude prevalence,29.9,25.0,35.0,1551,1231,"{'type': 'Point', 'coordinates': [-80.8309436, 35.7489279]}",37097060603,RISKBEH,LPA,CrdPrv,Physical Inactivity
2023,NC,North Carolina,Mecklenburg,37119,37119005617,BRFSS,Health Risk Behaviors,No leisure-time physical activity among adults,%,Crude prevalence,22.0,18.3,26.0,2906,2229,"{'type': 'Point', 'coordinates': [-80.69893, 35.2455698]}",37119005617,RISKBEH,LPA,CrdPrv,Physical Inactivity
2023,NC,North Carolina,Lenoir,37107,37107011202,BRFSS,Health Risk Behaviors,No leisure-time physical activity among adults,%,Crude prevalence,29.2,24.4,34.2,3471,2580,"{'type': 'Point', 'coordinates': [-77.7742266, 35.1686931]}",37107011202,RISKBEH,LPA,CrdPrv,Physical Inactivity
2023,NC,North Carolina,Mecklenburg,37119,37119001802,BRFSS,Health Risk Behaviors,No leisure-time physical activity among adults,%,Crude prevalence,20.0,16.2,24.1,3453,2872,"{'type': 'Point', 'coordinates': [-80.7779704, 35.1961514]}",37119001802,RISKBEH,LPA,CrdPrv,Physical Inactivity
2023,NC,North Carolina,Lee,37105,37105030504,BRFSS,Health Risk Behaviors,No leisure-time physical activity among adults,%,Crude prevalence,27.5,22.7,32.6,6547,5079,"{'type': 'Point', 'coordinates': [-79.1721592, 35.3635785]}",37105030504,RISKBEH,LPA,CrdPrv,Physical Inactivity
2023,NC,North Carolina,Mecklenburg,37119,37119001919,BRFSS,Health Risk Behaviors,No leisure-time physical activity among adults,%,Crude prevalence,25.9,21.7,30.0,4467,3244,"{'type': 'Point', 'coordinates': [-80.7518868, 35.1929801]}",37119001919,RISKBEH,LPA,CrdPrv,Physical Inactivity
2023,NC,North Carolina,McDowell,37111,37111970400,BRFSS,Health Risk Behaviors,No leisure-time physical activity among adults,%,Crude prevalence,32.7,27.1,39.0,2569,1973,"{'type': 'Point', 'coordinates': [-81.9931181, 35.6834351]}",37111970400,RISKBEH,LPA,CrdPrv,Physical Inactivity
2023,NC,North Carolina,Mecklenburg,37119,37119000302,BRFSS,Health Risk Behaviors,No leisure-time physical activity among adults,%,Crude prevalence,14.8,11.8,18.5,1586,1518,"{'type': 'Point', 'coordinates': [-80.8421745, 35.2145709]}",37119000302,RISKBEH,LPA,CrdPrv,Physical Inactivity
2023,NC,North Carolina,Johnston,37101,37101041511,BRFSS,Health Risk Behaviors,No leisure-time physical activity among adults,%,Crude prevalence,28.3,23.6,33.3,2620,1938,"{'type': 'Point', 'coordinates': [-78.6442289, 35.4875326]}",37101041511,RISKBEH,LPA,CrdPrv,Physical Inactivity
2023,NC,North Carolina,Mecklenburg,37119,37119003807,BRFSS,Health Risk Behaviors,No leisure-time physical activity among adults,%,Crude prevalence,35.3,30.3,41.0,4569,3244,"{'type': 'Point', 'coordinates': [-80.8895481, 35.1510861]}",37119003807,RISKBEH,LPA,CrdPrv,Physical Inactivity
2023,NC,North Carolina,Mecklenburg,37119,37119003015,BRFSS,Health Risk Behaviors,No leisure-time physical activity among adults,%,Crude prevalence,14.8,11.9,18.1,4691,3616,"{'type': 'Point', 'coordinates': [-80.763944, 35.1280432]}",37119003015,RISKBEH,LPA,CrdPrv,Physical Inactivity
2023,NC,North Carolina,Mecklenburg,37119,37119005718,BRFSS,Health Risk Behaviors,No leisure-time physical activity among adults,%,Crude prevalence,24.6,20.7,28.8,3677,2836,"{'type': 'Point', 'coordinates': [-80.6738271, 35.1907079]}",37119005718,RISKBEH,LPA,CrdPrv,Physical Inactivity
2023,NC,North Carolina,Mecklenburg,37119,37119000503,BRFSS,Health Risk Behaviors,No leisure-time physical activity among adults,%,Crude prevalence,21.7,17.8,26.0,1931,1851,"{'type': 'Point', 'coordinates': [-80.8380522, 35.2339071]}",37119000503,RISKBEH,LPA,CrdPrv,Physical Inactivity
2023,NC,North Carolina,Mecklenburg,37119,37119005852,BRFSS,Health Risk Behaviors,No leisure-time physical activity among adults,%,Crude prevalence,17.3,14.2,20.8,2140,1711,"{'type': 'Point', 'coordinates': [-80.8306632, 35.0787553]}",37119005852,RISKBEH,LPA,CrdPrv,Physical Inactivity
2023,NC,North Carolina,Johnston,37101,37101040204,BRFSS,Health Risk Behaviors,No leisure-time physical activity among adults,%,Crude prevalence,27.6,23.1,32.4,4645,3510,"{'type': 'Point', 'coordinates': [-78.2701832, 35.7486278]}",37101040204,RISKBEH,LPA,CrdPrv,Physical Inactivity
2023,NC,North Carolina,Lenoir,37107,37107011002,BRFSS,Health Risk Behaviors,No leisure-time physical activity among adults,%,Crude prevalence,28.8,23.9,33.8,3810,2985,"{'type': 'Point', 'coordinates': [-77.707844, 35.3233271]}",37107011002,RISKBEH,LPA,CrdPrv,Physical Inactivity
2023,NC,North Carolina,Jackson,37099,37099950800,BRFSS,Health Risk Behaviors,No leisure-time physical activity among adults,%,Crude prevalence,27.3,22.8,32.3,2224,1871,"{'type': 'Point', 'coordinates': [-83.1307025, 35.1901108]}",37099950800,RISKBEH,LPA,CrdPrv,Physical Inactivity
2023,NC,North Carolina,Mecklenburg,37119,37119005863,BRFSS,Health Risk Behaviors,No leisure-time physical activity among adults,%,Crude prevalence,16.1,12.9,19.6,3706,2641,"{'type': 'Point', 'coordinates': [-80.8335292, 35.0299645]}",37119005863,RISKBEH,LPA,CrdPrv,Physical Inactivity
2023,NC,North Carolina,Madison,37115,37115010601,BRFSS,Health Risk Behaviors,No leisure-time physical activity among adults,%,Crude prevalence,18.5,14.9,22.6,2577,2134,"{'type': 'Point', 'coordinates': [-82.5953358, 35.8603947]}",37115010601,RISKBEH,LPA,CrdPrv,Physical Inactivity
2023,NC,North Carolina,Johnston,37101,37101040700,BRFSS,Health Risk Behaviors,No leisure-time physical activity among adults,%,Crude prevalence,34.9,29.2,40.8,3406,2644,"{'type': 'Point', 'coordinates': [-78.3228684, 35.5255073]}",37101040700,RISKBEH,LPA,CrdPrv,Physical Inactivity
2023,NC,North Carolina,Macon,37113,37113970200,BRFSS,Health Risk Behaviors,No leisure-time physical activity among adults,%,Crude prevalence,28.1,22.8,33.5,4167,3436,"{'type': 'Point', 'coordinates': [-83.5884922, 35.1916623]}",37113970200,RISKBEH,LPA,CrdPrv,Physical Inactivity
2023,NC,North Carolina,Johnston,37101,37101040903,BRFSS,Health Risk Behaviors,No leisure-time physical activity among adults,%,Crude prevalence,21.3,17.5,25.3,9106,6631,"{'type': 'Point', 'coordinates': [-78.3696533, 35.6018529]}",37101040903,RISKBEH,LPA,CrdPrv,Physical Inactivity
2023,NC,North Carolina,Mecklenburg,37119,37119004800,BRFSS,Health Risk Behaviors,No leisure-time physical activity among adults,%,Crude prevalence,32.8,27.7,37.9,3701,2852,"{'type': 'Point', 'coordinates': [-80.8492145, 35.2574751]}",37119004800,RISKBEH,LPA,CrdPrv,Physical Inactivity
2023,NC,North Carolina,Johnston,37101,37101041113,BRFSS,Health Risk Behaviors,No leisure-time physical activity among adults,%,Crude prevalence,17.8,14.4,21.8,2149,1669,"{'type': 'Point', 'coordinates': [-78.6120271, 35.5720016]}",37101041113,RISKBEH,LPA,CrdPrv,Physical Inactivity
2023,NC,North Carolina,Mecklenburg,37119,37119005624,BRFSS,Health Risk Behaviors,No leisure-time physical activity among adults,%,Crude prevalence,22.6,18.6,26.7,2486,1808,"{'type': 'Point', 'coordinates': [-80.6901864, 35.3090885]}",37119005624,RISKBEH,LPA,CrdPrv,Physical Inactivity
2023,NC,North Carolina,Mecklenburg,37119,37119005508,BRFSS,Health Risk Behaviors,No leisure-time physical activity among adults,%,Crude prevalence,18.0,14.7,21.3,4140,3145,"{'type': 'Point', 'coordinates': [-80.8260222, 35.3560285]}",37119005508,RISKBEH,LPA,CrdPrv,Physical Inactivity
2023,NC,North Carolina,Iredell,37097,37097060702,BRFSS,Health Risk Behaviors,No leisure-time physical activity among adults,%,Crude prevalence,24.7,20.3,29.8,4103,3200,"{'type': 'Point', 'coordinates': [-80.7688395, 35.8283293]}",37097060702,RISKBEH,LPA,CrdPrv,Physical Inactivity
2023,NC,North Carolina,Mecklenburg,37119,37119005616,BRFSS,Health Risk Behaviors,No leisure-time physical activity among adults,%,Crude prevalence,25.4,21.3,29.4,1822,1326,"{'type': 'Point', 'coordinates': [-80.7079907, 35.2642786]}",37119005616,RISKBEH,LPA,CrdPrv,Physical Inactivity
2023,NC,North Carolina,Lincoln,37109,37109070901,BRFSS,Health Risk Behaviors,No leisure-time physical activity among adults,%,Crude prevalence,23.5,18.9,28.5,3536,2719,"{'type': 'Point', 'coordinates': [-81.1563487, 35.529293]}",37109070901,RISKBEH,LPA,CrdPrv,Physical Inactivity
2023,NC,North Carolina,Mecklenburg,37119,37119005612,BRFSS,Health Risk Behaviors,No leisure-time physical activity among adults,%,Crude prevalence,20.0,16.3,24.2,5780,4438,"{'type': 'Point', 'coordinates': [-80.7124858, 35.2922882]}",37119005612,RISKBEH,LPA,CrdPrv,Physical Inactivity
2023,NC,North Carolina,Iredell,37097,37097061202,BRFSS,Health Risk Behaviors,No leisure-time physical activity among adults,%,Crude prevalence,21.5,17.6,25.9,5086,3983,"{'type': 'Point', 'coordinates': [-80.8845502, 35.6900393]}",37097061202,RISKBEH,LPA,CrdPrv,Physical Inactivity
2023,NC,North Carolina,Lee,37105,37105030602,BRFSS,Health Risk Behaviors,No leisure-time physical activity among adults,%,Crude prevalence,22.2,18.2,26.6,5525,4291,"{'type': 'Point', 'coordinates': [-79.2930967, 35.4508397]}",37105030602,RISKBEH,LPA,CrdPrv,Physical Inactivity
2023,NC,North Carolina,Iredell,37097,37097061501,BRFSS,Health Risk Behaviors,No leisure-time physical activity among adults,%,Crude prevalence,20.1,15.8,24.6,4898,3510,"{'type': 'Point', 'coordinates': [-80.792691, 35.5995084]}",37097061501,RISKBEH,LPA,CrdPrv,Physical Inactivity
2023,NC,North Carolina,Mecklenburg,37119,37119003021,BRFSS,Health Risk Behaviors,No leisure-time physical activity among adults,%,Crude prevalence,11.2,9.0,13.7,2614,1969,"{'type': 'Point', 'coordinates': [-80.8427319, 35.1250986]}",37119003021,RISKBEH,LPA,CrdPrv,Physical Inactivity
2023,NC,North Carolina,Mecklenburg,37119,37119005621,BRFSS,Health Risk Behaviors,No leisure-time physical activity among adults,%,Crude prevalence,23.9,20.0,27.9,5038,4014,"{'type': 'Point', 'coordinates': [-80.6364391, 35.243808]}",37119005621,RISKBEH,LPA,CrdPrv,Physical Inactivity
2023,NC,North Carolina,Martin,37117,37117970400,BRFSS,Health Risk Behaviors,No leisure-time physical activity among adults,%,Crude prevalence,35.3,30.3,40.8,2239,1870,"{'type': 'Point', 'coordinates': [-77.2610682, 35.9708261]}",37117970400,RISKBEH,LPA,CrdPrv,Physical Inactivity
2023,NC,North Carolina,Mecklenburg,37119,37119005848,BRFSS,Health Risk Behaviors,No leisure-time physical activity among adults,%,Crude prevalence,14.2,11.3,17.3,5333,3759,"{'type': 'Point', 'coordinates': [-80.7430249, 35.0897687]}",37119005848,RISKBEH,LPA,CrdPrv,Physical Inactivity
2023,NC,North Carolina,Lenoir,37107,37107010200,BRFSS,Health Risk Behaviors,No leisure-time physical activity among adults,%,Crude prevalence,40.5,33.9,47.4,2276,1709,"{'type': 'Point', 'coordinates': [-77.5402883, 35.2759597]}",37107010200,RISKBEH,LPA,CrdPrv,Physical Inactivity
2023,NC,North Carolina,Mecklenburg,37119,37119003111,BRFSS,Health Risk Behaviors,No leisure-time physical activity among adults,%,Crude prevalence,14.1,11.2,17.2,3251,2905,"{'type': 'Point', 'coordinates': [-80.8536988, 35.1653431]}",37119003111,RISKBEH,LPA,CrdPrv,Physical Inactivity
2023,NC,North Carolina,Mecklenburg,37119,37119005722,BRFSS,Health Risk Behaviors,No leisure-time physical activity among adults,%,Crude prevalence,18.8,15.6,22.4,2731,2064,"{'type': 'Point', 'coordinates': [-80.7068281, 35.1557234]}",37119005722,RISKBEH,LPA,CrdPrv,Physical Inactivity
2023,NC,North Carolina,Mecklenburg,37119,37119005709,BRFSS,Health Risk Behaviors,No leisure-time physical activity among adults,%,Crude prevalence,19.5,16.1,23.3,3840,3211,"{'type': 'Point', 'coordinates': [-80.6975854, 35.1316651]}",37119005709,RISKBEH,LPA,CrdPrv,Physical Inactivity
2023,NC,North Carolina,Mecklenburg,37119,37119005403,BRFSS,Health Risk Behaviors,No leisure-time physical activity among adults,%,Crude prevalence,29.9,25.4,34.8,5333,3960,"{'type': 'Point', 'coordinates': [-80.8204775, 35.2993564]}",37119005403,RISKBEH,LPA,CrdPrv,Physical Inactivity
2023,NC,North Carolina,Mecklenburg,37119,37119001509,BRFSS,Health Risk Behaviors,No leisure-time physical activity among adults,%,Crude prevalence,34.1,29.2,39.6,3045,2320,"{'type': 'Point', 'coordinates': [-80.7594509, 35.257031]}",37119001509,RISKBEH,LPA,CrdPrv,Physical Inactivity
2023,NC,North Carolina,Mecklenburg,37119,37119004304,BRFSS,Health Risk Behaviors,No leisure-time physical activity among adults,%,Crude prevalence,28.1,24.1,32.5,3878,2824,"{'type': 'Point', 'coordinates': [-80.9159747, 35.267629]}",37119004304,RISKBEH,LPA,CrdPrv,Physical Inactivity
2023,NC,North Carolina,Mecklenburg,37119,37119001926,BRFSS,Health Risk Behaviors,No leisure-time physical activity among adults,%,Crude prevalence,24.4,20.3,28.7,3564,2841,"{'type': 'Point', 'coordinates': [-80.7494873, 35.1672767]}",37119001926,RISKBEH,LPA,CrdPrv,Physical Inactivity
2023,NC,North Carolina,Iredell,37097,37097061101,BRFSS,Health Risk Behaviors,No leisure-time physical activity among adults,%,Crude prevalence,30.8,25.7,36.0,2724,2132,"{'type': 'Point', 'coordinates': [-81.0512847, 35.8072573]}",37097061101,RISKBEH,LPA,CrdPrv,Physical Inactivity
2023,NC,North Carolina,Mecklenburg,37119,37119005625,BRFSS,Health Risk Behaviors,No leisure-time physical activity among adults,%,Crude prevalence,20.2,16.6,24.1,5752,4362,"{'type': 'Point', 'coordinates': [-80.6961054, 35.297714]}",37119005625,RISKBEH,LPA,CrdPrv,Physical Inactivity
2023,NC,North Carolina,Johnston,37101,37101040904,BRFSS,Health Risk Behaviors,No leisure-time physical activity among adults,%,Crude prevalence,28.5,24.0,33.4,4839,3879,"{'type': 'Point', 'coordinates': [-78.350253, 35.563642]}",37101040904,RISKBEH,LPA,CrdPrv,Physical Inactivity
2023,NC,North Carolina,Moore,37125,37125950702,BRFSS,Health Risk Behaviors,No leisure-time physical activity among adults,%,Crude prevalence,17.1,13.1,22.0,2728,2350,"{'type': 'Point', 'coordinates': [-79.4554075, 35.1697257]}",37125950702,RISKBEH,LPA,CrdPrv,Physical Inactivity
2023,NC,North Carolina,Pitt,37147,37147000101,BRFSS,Health Risk Behaviors,No leisure-time physical activity among adults,%,Crude prevalence,31.3,25.2,37.5,2265,2085,"{'type': 'Point', 'coordinates': [-77.3697016, 35.6110461]}",37147000101,RISKBEH,LPA,CrdPrv,Physical Inactivity
2023,NC,North Carolina,Nash,37127,37127011501,BRFSS,Health Risk Behaviors,No leisure-time physical activity among adults,%,Crude prevalence,31.8,26.7,37.0,2916,2215,"{'type': 'Point', 'coordinates': [-78.2017288, 35.7728705]}",37127011501,RISKBEH,LPA,CrdPrv,Physical Inactivity
2023,NC,North Carolina,Pender,37141,37141920501,BRFSS,Health Risk Behaviors,No leisure-time physical activity among adults,%,Crude prevalence,31.4,26.5,36.6,4169,3310,"{'type': 'Point', 'coordinates': [-78.1514969, 34.5521525]}",37141920501,RISKBEH,LPA,CrdPrv,Physical Inactivity
2023,NC,North Carolina,Pitt,37147,37147001800,BRFSS,Health Risk Behaviors,No leisure-time physical activity among adults,%,Crude prevalence,36.6,31.4,42.2,5693,4277,"{'type': 'Point', 'coordinates': [-77.5774151, 35.5851505]}",37147001800,RISKBEH,LPA,CrdPrv,Physical Inactivity
2023,NC,North Carolina,Mitchell,37121,37121950100,BRFSS,Health Risk Behaviors,No leisure-time physical activity among adults,%,Crude prevalence,27.0,21.8,32.4,2326,1949,"{'type': 'Point', 'coordinates': [-82.2385599, 36.0811983]}",37121950100,RISKBEH,LPA,CrdPrv,Physical Inactivity
2023,NC,North Carolina,New Hanover,37129,37129011100,BRFSS,Health Risk Behaviors,No leisure-time physical activity among adults,%,Crude prevalence,39.9,33.7,45.6,2586,2042,"{'type': 'Point', 'coordinates': [-77.9362206, 34.223619]}",37129011100,RISKBEH,LPA,CrdPrv,Physical Inactivity
2023,NC,North Carolina,Orange,37135,37135010707,BRFSS,Health Risk Behaviors,No leisure-time physical activity among adults,%,Crude prevalence,19.2,15.3,23.8,3363,2929,"{'type': 'Point', 'coordinates': [-79.0877745, 35.9121216]}",37135010707,RISKBEH,LPA,CrdPrv,Physical Inactivity
2023,NC,North Carolina,Mecklenburg,37119,37119005920,BRFSS,Health Risk Behaviors,No leisure-time physical activity among adults,%,Crude prevalence,26.9,22.7,31.6,2401,1674,"{'type': 'Point', 'coordinates': [-80.9912816, 35.1947247]}",37119005920,RISKBEH,LPA,CrdPrv,Physical Inactivity
2023,NC,North Carolina,Onslow,37133,37133001301,BRFSS,Health Risk Behaviors,No leisure-time physical activity among adults,%,Crude prevalence,25.1,20.9,29.6,4048,3138,"{'type': 'Point', 'coordinates': [-77.4255995, 34.7950125]}",37133001301,RISKBEH,LPA,CrdPrv,Physical Inactivity
2023,NC,North Carolina,New Hanover,37129,37129012201,BRFSS,Health Risk Behaviors,No leisure-time physical activity among adults,%,Crude prevalence,18.9,14.7,23.5,2875,2491,"{'type': 'Point', 'coordinates': [-77.8918873, 34.048839]}",37129012201,RISKBEH,LPA,CrdPrv,Physical Inactivity
2023,NC,North Carolina,Randolph,37151,37151030201,BRFSS,Health Risk Behaviors,No leisure-time physical activity among adults,%,Crude prevalence,26.1,21.8,31.2,3234,2562,"{'type': 'Point', 'coordinates': [-79.8026261, 35.6987298]}",37151030201,RISKBEH,LPA,CrdPrv,Physical Inactivity
2023,NC,North Carolina,Moore,37125,37125950305,BRFSS,Health Risk Behaviors,No leisure-time physical activity among adults,%,Crude prevalence,19.4,15.5,23.9,3992,3203,"{'type': 'Point', 'coordinates': [-79.5428316, 35.2595421]}",37125950305,RISKBEH,LPA,CrdPrv,Physical Inactivity
2023,NC,North Carolina,New Hanover,37129,37129012202,BRFSS,Health Risk Behaviors,No leisure-time physical activity among adults,%,Crude prevalence,22.2,17.8,27.1,3700,3046,"{'type': 'Point', 'coordinates': [-77.9151956, 34.034625]}",37129012202,RISKBEH,LPA,CrdPrv,Physical Inactivity
2023,NC,North Carolina,Mecklenburg,37119,37119006105,BRFSS,Health Risk Behaviors,No leisure-time physical activity among adults,%,Crude prevalence,17.0,14.0,20.1,3144,2374,"{'type': 'Point', 'coordinates': [-80.9008142, 35.3413691]}",37119006105,RISKBEH,LPA,CrdPrv,Physical Inactivity
2023,NC,North Carolina,New Hanover,37129,37129011605,BRFSS,Health Risk Behaviors,No leisure-time physical activity among adults,%,Crude prevalence,23.9,19.9,28.2,5269,4176,"{'type': 'Point', 'coordinates': [-77.8790213, 34.2569713]}",37129011605,RISKBEH,LPA,CrdPrv,Physical Inactivity
2023,NC,North Carolina,Pitt,37147,37147001003,BRFSS,Health Risk Behaviors,No leisure-time physical activity among adults,%,Crude prevalence,16.0,13.0,19.6,5877,4370,"{'type': 'Point', 'coordinates': [-77.3192436, 35.5575981]}",37147001003,RISKBEH,LPA,CrdPrv,Physical Inactivity
2023,NC,North Carolina,Pasquotank,37139,37139960100,BRFSS,Health Risk Behaviors,No leisure-time physical activity among adults,%,Crude prevalence,31.6,26.1,37.0,1415,1142,"{'type': 'Point', 'coordinates': [-76.217468, 36.3043233]}",37139960100,RISKBEH,LPA,CrdPrv,Physical Inactivity
2023,NC,North Carolina,Mecklenburg,37119,37119006008,BRFSS,Health Risk Behaviors,No leisure-time physical activity among adults,%,Crude prevalence,22.0,18.0,25.9,3795,2936,"{'type': 'Point', 'coordinates': [-80.9720686, 35.3054242]}",37119006008,RISKBEH,LPA,CrdPrv,Physical Inactivity
2023,NC,North Carolina,Pitt,37147,37147001304,BRFSS,Health Risk Behaviors,No leisure-time physical activity among adults,%,Crude prevalence,18.1,14.8,21.8,4186,3112,"{'type': 'Point', 'coordinates': [-77.3681061, 35.5173122]}",37147001304,RISKBEH,LPA,CrdPrv,Physical Inactivity
2023,NC,North Carolina,Randolph,37151,37151031503,BRFSS,Health Risk Behaviors,No leisure-time physical activity among adults,%,Crude prevalence,28.3,23.8,33.5,3026,2430,"{'type': 'Point', 'coordinates': [-79.9656115, 35.9045403]}",37151031503,RISKBEH,LPA,CrdPrv,Physical Inactivity
2023,NC,North Carolina,Nash,37127,37127011104,BRFSS,Health Risk Behaviors,No leisure-time physical activity among adults,%,Crude prevalence,27.3,22.2,32.7,2538,2138,"{'type': 'Point', 'coordinates': [-78.0126394, 35.9596523]}",37127011104,RISKBEH,LPA,CrdPrv,Physical Inactivity
2023,NC,North Carolina,New Hanover,37129,37129011504,BRFSS,Health Risk Behaviors,No leisure-time physical activity among adults,%,Crude prevalence,22.7,18.8,26.7,5249,4327,"{'type': 'Point', 'coordinates': [-77.9215899, 34.3178894]}",37129011504,RISKBEH,LPA,CrdPrv,Physical Inactivity
2023,NC,North Carolina,Northampton,37131,37131920301,BRFSS,Health Risk Behaviors,No leisure-time physical activity among adults,%,Crude prevalence,38.4,32.6,44.3,1825,1493,"{'type': 'Point', 'coordinates': [-77.5257361, 36.3861658]}",37131920301,RISKBEH,LPA,CrdPrv,Physical Inactivity
2023,NC,North Carolina,Orange,37135,37135011208,BRFSS,Health Risk Behaviors,No leisure-time physical activity among adults,%,Crude prevalence,15.6,12.4,19.1,5245,3595,"{'type': 'Point', 'coordinates': [-79.0896453, 35.981888]}",37135011208,RISKBEH,LPA,CrdPrv,Physical Inactivity
2023,NC,North Carolina,Perquimans,37143,37143920102,BRFSS,Health Risk Behaviors,No leisure-time physical activity among adults,%,Crude prevalence,28.6,23.4,34.3,3122,2525,"{'type': 'Point', 'coordinates': [-76.269708, 36.1549441]}",37143920102,RISKBEH,LPA,CrdPrv,Physical Inactivity
2023,NC,North Carolina,New Hanover,37129,37129011400,BRFSS,Health Risk Behaviors,No leisure-time physical activity among adults,%,Crude prevalence,28.4,24.0,33.4,1688,1344,"{'type': 'Point', 'coordinates': [-77.9408334, 34.2542366]}",37129011400,RISKBEH,LPA,CrdPrv,Physical Inactivity
2023,NC,North Carolina,Mecklenburg,37119,37119006208,BRFSS,Health Risk Behaviors,No leisure-time physical activity among adults,%,Crude prevalence,16.0,12.7,19.5,3471,2706,"{'type': 'Point', 'coordinates': [-80.8813294, 35.4732344]}",37119006208,RISKBEH,LPA,CrdPrv,Physical Inactivity
2023,NC,North Carolina,Montgomery,37123,37123960102,BRFSS,Health Risk Behaviors,No leisure-time physical activity among adults,%,Crude prevalence,36.0,30.5,41.5,4416,3249,"{'type': 'Point', 'coordinates': [-79.7956322, 35.3567804]}",37123960102,RISKBEH,LPA,CrdPrv,Physical Inactivity
2023,NC,North Carolina,Nash,37127,37127010802,BRFSS,Health Risk Behaviors,No leisure-time physical activity among adults,%,Crude prevalence,21.1,17.2,25.2,6027,4761,"{'type': 'Point', 'coordinates': [-77.8901787, 36.0461139]}",37127010802,RISKBEH,LPA,CrdPrv,Physical Inactivity
2023,NC,North Carolina,Moore,37125,37125950100,BRFSS,Health Risk Behaviors,No leisure-time physical activity among adults,%,Crude prevalence,25.4,21.1,30.0,2594,2000,"{'type': 'Point', 'coordinates': [-79.470587, 35.4679562]}",37125950100,RISKBEH,LPA,CrdPrv,Physical Inactivity
2023,NC,North Carolina,Onslow,37133,37133002600,BRFSS,Health Risk Behaviors,No leisure-time physical activity among adults,%,Crude prevalence,39.2,34.2,44.9,3202,2488,"{'type': 'Point', 'coordinates': [-77.3972876, 34.757835]}",37133002600,RISKBEH,LPA,CrdPrv,Physical Inactivity
2023,NC,North Carolina,Orange,37135,37135010701,BRFSS,Health Risk Behaviors,No leisure-time physical activity among adults,%,Crude prevalence,18.4,14.7,22.6,2198,1710,"{'type': 'Point', 'coordinates': [-79.1185866, 35.9202171]}",37135010701,RISKBEH,LPA,CrdPrv,Physical Inactivity
2023,NC,North Carolina,Onslow,37133,37133000700,BRFSS,Health Risk Behaviors,No leisure-time physical activity among adults,%,Crude prevalence,17.0,13.6,21.1,6025,3610,"{'type': 'Point', 'coordinates': [-77.3696373, 34.7050581]}",37133000700,RISKBEH,LPA,CrdPrv,Physical Inactivity
2023,NC,North Carolina,Onslow,37133,37133001700,BRFSS,Health Risk Behaviors,No leisure-time physical activity among adults,%,Crude prevalence,24.3,20.1,28.7,2304,1816,"{'type': 'Point', 'coordinates': [-77.4171571, 34.7661588]}",37133001700,RISKBEH,LPA,CrdPrv,Physical Inactivity
2023,NC,North Carolina,Pitt,37147,37147001402,BRFSS,Health Risk Behaviors,No leisure-time physical activity among adults,%,Crude prevalence,29.9,25.3,34.6,2530,1954,"{'type': 'Point', 'coordinates': [-77.3835556, 35.4323886]}",37147001402,RISKBEH,LPA,CrdPrv,Physical Inactivity
2023,NC,North Carolina,Mecklenburg,37119,37119006005,BRFSS,Health Risk Behaviors,No leisure-time physical activity among adults,%,Crude prevalence,27.4,23.4,31.7,3621,2680,"{'type': 'Point', 'coordinates': [-80.9874812, 35.2728931]}",37119006005,RISKBEH,LPA,CrdPrv,Physical Inactivity
2023,NC,North Carolina,Mecklenburg,37119,37119006108,BRFSS,Health Risk Behaviors,No leisure-time physical activity among adults,%,Crude prevalence,24.1,19.7,28.8,4808,3561,"{'type': 'Point', 'coordinates': [-80.8791059, 35.3217895]}",37119006108,RISKBEH,LPA,CrdPrv,Physical Inactivity
2023,NC,North Carolina,Mecklenburg,37119,37119005929,BRFSS,Health Risk Behaviors,No leisure-time physical activity among adults,%,Crude prevalence,19.4,16.0,23.2,3925,3019,"{'type': 'Point', 'coordinates': [-80.977101, 35.1132314]}",37119005929,RISKBEH,LPA,CrdPrv,Physical Inactivity
2023,NC,North Carolina,New Hanover,37129,37129010600,BRFSS,Health Risk Behaviors,No leisure-time physical activity among adults,%,Crude prevalence,18.3,14.3,22.6,4584,3858,"{'type': 'Point', 'coordinates': [-77.9093797, 34.210692]}",37129010600,RISKBEH,LPA,CrdPrv,Physical Inactivity
2023,NC,North Carolina,Mecklenburg,37119,37119006212,BRFSS,Health Risk Behaviors,No leisure-time physical activity among adults,%,Crude prevalence,17.2,14.1,20.9,3749,2880,"{'type': 'Point', 'coordinates': [-80.86814, 35.4141694]}",37119006212,RISKBEH,LPA,CrdPrv,Physical Inactivity
2023,NC,North Carolina,Mecklenburg,37119,37119006112,BRFSS,Health Risk Behaviors,No leisure-time physical activity among adults,%,Crude prevalence,26.1,21.5,30.8,2214,1768,"{'type': 'Point', 'coordinates': [-80.8512765, 35.3524268]}",37119006112,RISKBEH,LPA,CrdPrv,Physical Inactivity
2023,NC,North Carolina,Montgomery,37123,37123960302,BRFSS,Health Risk Behaviors,No leisure-time physical activity among adults,%,Crude prevalence,23.9,19.1,29.2,2450,2199,"{'type': 'Point', 'coordinates': [-80.0314385, 35.4631451]}",37123960302,RISKBEH,LPA,CrdPrv,Physical Inactivity
2023,NC,North Carolina,Pitt,37147,37147000102,BRFSS,Health Risk Behaviors,No leisure-time physical activity among adults,%,Crude prevalence,31.1,26.1,36.4,1982,1699,"{'type': 'Point', 'coordinates': [-77.3761332, 35.5987462]}",37147000102,RISKBEH,LPA,CrdPrv,Physical Inactivity
2023,NC,North Carolina,Northampton,37131,37131920101,BRFSS,Health Risk Behaviors,No leisure-time physical activity among adults,%,Crude prevalence,32.6,27.7,37.9,1442,1156,"{'type': 'Point', 'coordinates': [-77.3079479, 36.4886841]}",37131920101,RISKBEH,LPA,CrdPrv,Physical Inactivity
2023,NC,North Carolina,Orange,37135,37135012102,BRFSS,Health Risk Behaviors,No leisure-time physical activity among adults,%,Crude prevalence,13.8,10.8,17.5,1543,1127,"{'type': 'Point', 'coordinates': [-79.0131605, 35.9264703]}",37135012102,RISKBEH,LPA,CrdPrv,Physical Inactivity
2023,NC,North Carolina,Pitt,37147,37147000605,BRFSS,Health Risk Behaviors,No leisure-time physical activity among adults,%,Crude prevalence,29.3,24.2,34.4,4579,3740,"{'type': 'Point', 'coordinates': [-77.4135325, 35.614224]}",37147000605,RISKBEH,LPA,CrdPrv,Physical Inactivity
2023,NC,North Carolina,Randolph,37151,37151031602,BRFSS,Health Risk Behaviors,No leisure-time physical activity among adults,%,Crude prevalence,31.0,25.2,36.7,1529,1198,"{'type': 'Point', 'coordinates': [-79.9853519, 35.9134027]}",37151031602,RISKBEH,LPA,CrdPrv,Physical Inactivity
2023,NC,North Carolina,New Hanover,37129,37129012011,BRFSS,Health Risk Behaviors,No leisure-time physical activity among adults,%,Crude prevalence,18.1,14.5,22.3,4706,3646,"{'type': 'Point', 'coordinates': [-77.863251, 34.2022498]}",37129012011,RISKBEH,LPA,CrdPrv,Physical Inactivity
2023,NC,North Carolina,Orange,37135,37135010708,BRFSS,Health Risk Behaviors,No leisure-time physical activity among adults,%,Crude prevalence,19.9,16.3,24.0,2603,2139,"{'type': 'Point', 'coordinates': [-79.0775451, 35.9057665]}",37135010708,RISKBEH,LPA,CrdPrv,Physical Inactivity
2023,NC,North Carolina,New Hanover,37129,37129012107,BRFSS,Health Risk Behaviors,No leisure-time physical activity among adults,%,Crude prevalence,20.0,16.2,24.1,4401,3684,"{'type': 'Point', 'coordinates': [-77.9148647, 34.0718069]}",37129012107,RISKBEH,LPA,CrdPrv,Physical Inactivity
2023,NC,North Carolina,Onslow,37133,37133002100,BRFSS,Health Risk Behaviors,No leisure-time physical activity among adults,%,Crude prevalence,23.1,19.3,27.2,5900,4572,"{'type': 'Point', 'coordinates': [-77.3508128, 34.7904055]}",37133002100,RISKBEH,LPA,CrdPrv,Physical Inactivity
2023,NC,North Carolina,Nash,37127,37127010400,BRFSS,Health Risk Behaviors,No leisure-time physical activity among adults,%,Crude prevalence,38.8,32.6,45.4,2872,2267,"{'type': 'Point', 'coordinates': [-77.8048492, 35.9497092]}",37127010400,RISKBEH,LPA,CrdPrv,Physical Inactivity
2023,NC,North Carolina,Person,37145,37145920601,BRFSS,Health Risk Behaviors,No leisure-time physical activity among adults,%,Crude prevalence,29.2,24.5,34.6,5145,3985,"{'type': 'Point', 'coordinates': [-79.0692512, 36.3319199]}",37145920601,RISKBEH,LPA,CrdPrv,Physical Inactivity
2023,NC,North Carolina,Randolph,37151,37151030806,BRFSS,Health Risk Behaviors,No leisure-time physical activity among adults,%,Crude prevalence,31.4,26.5,37.0,2809,2137,"{'type': 'Point', 'coordinates': [-79.7614051, 35.6881089]}",37151030806,RISKBEH,LPA,CrdPrv,Physical Inactivity
2023,NC,North Carolina,Pasquotank,37139,37139960600,BRFSS,Health Risk Behaviors,No leisure-time physical activity among adults,%,Crude prevalence,22.7,18.7,27.4,7412,5796,"{'type': 'Point', 'coordinates': [-76.2946332, 36.2717213]}",37139960600,RISKBEH,LPA,CrdPrv,Physical Inactivity
2023,NC,North Carolina,Randolph,37151,37151030301,BRFSS,Health Risk Behaviors,No leisure-time physical activity among adults,%,Crude prevalence,28.6,24.0,33.6,6559,4894,"{'type': 'Point', 'coordinates': [-79.7923393, 35.7438698]}",37151030301,RISKBEH,LPA,CrdPrv,Physical Inactivity
2023,NC,North Carolina,Richmond,37153,37153970200,BRFSS,Health Risk Behaviors,No leisure-time physical activity among adults,%,Crude prevalence,29.1,24.3,34.5,4319,3349,"{'type': 'Point', 'coordinates': [-79.8225512, 35.0967892]}",37153970200,RISKBEH,LPA,CrdPrv,Physical Inactivity
2023,NC,North Carolina,Northampton,37131,37131920402,BRFSS,Health Risk Behaviors,No leisure-time physical activity among adults,%,Crude prevalence,27.6,22.4,33.3,1538,1380,"{'type': 'Point', 'coordinates': [-77.8409265, 36.5283363]}",37131920402,RISKBEH,LPA,CrdPrv,Physical Inactivity
2023,NC,North Carolina,Pamlico,37137,37137950101,BRFSS,Health Risk Behaviors,No leisure-time physical activity among adults,%,Crude prevalence,26.1,21.6,30.9,3062,2449,"{'type': 'Point', 'coordinates': [-76.8966045, 35.1160788]}",37137950101,RISKBEH,LPA,CrdPrv,Physical Inactivity
2023,NC,North Carolina,Randolph,37151,37151030503,BRFSS,Health Risk Behaviors,No leisure-time physical activity among adults,%,Crude prevalence,26.1,21.7,31.0,5838,4575,"{'type': 'Point', 'coordinates': [-79.8814138, 35.7774144]}",37151030503,RISKBEH,LPA,CrdPrv,Physical Inactivity
2023,NC,North Carolina,Pitt,37147,37147000701,BRFSS,Health Risk Behaviors,No leisure-time physical activity among adults,%,Crude prevalence,37.2,31.3,43.9,3675,2803,"{'type': 'Point', 'coordinates': [-77.3927159, 35.6100816]}",37147000701,RISKBEH,LPA,CrdPrv,Physical Inactivity
2023,NC,North Carolina,New Hanover,37129,37129011612,BRFSS,Health Risk Behaviors,No leisure-time physical activity among adults,%,Crude prevalence,19.1,15.6,22.8,6185,4851,"{'type': 'Point', 'coordinates': [-77.8109483, 34.294488]}",37129011612,RISKBEH,LPA,CrdPrv,Physical Inactivity
2023,NC,North Carolina,Nash,37127,37127011400,BRFSS,Health Risk Behaviors,No leisure-time physical activity among adults,%,Crude prevalence,25.1,20.6,30.0,4605,3485,"{'type': 'Point', 'coordinates': [-78.106462, 35.7975201]}",37127011400,RISKBEH,LPA,CrdPrv,Physical Inactivity
2023,NC,North Carolina,Perquimans,37143,37143920201,BRFSS,Health Risk Behaviors,No leisure-time physical activity among adults,%,Crude prevalence,28.3,23.5,33.3,2654,2064,"{'type': 'Point', 'coordinates': [-76.5236227, 36.1708237]}",37143920201,RISKBEH,LPA,CrdPrv,Physical Inactivity
2023,NC,North Carolina,Orange,37135,37135011902,BRFSS,Health Risk Behaviors,No leisure-time physical activity among adults,%,Crude prevalence,14.7,11.8,18.4,4367,3517,"{'type': 'Point', 'coordinates': [-79.0304855, 35.94419]}",37135011902,RISKBEH,LPA,CrdPrv,Physical Inactivity
2023,NC,North Carolina,Mecklenburg,37119,37119005930,BRFSS,Health Risk Behaviors,No leisure-time physical activity among adults,%,Crude prevalence,30.0,25.4,34.8,2702,2119,"{'type': 'Point', 'coordinates': [-80.9628385, 35.1252759]}",37119005930,RISKBEH,LPA,CrdPrv,Physical Inactivity
2023,NC,North Carolina,Polk,37149,37149920202,BRFSS,Health Risk Behaviors,No leisure-time physical activity among adults,%,Crude prevalence,38.4,32.0,44.7,2119,1714,"{'type': 'Point', 'coordinates': [-82.1430088, 35.3405833]}",37149920202,RISKBEH,LPA,CrdPrv,Physical Inactivity
2023,NC,North Carolina,Mecklenburg,37119,37119006113,BRFSS,Health Risk Behaviors,No leisure-time physical activity among adults,%,Crude prevalence,16.2,13.4,19.4,3528,2824,"{'type': 'Point', 'coordinates': [-80.8638138, 35.3572335]}",37119006113,RISKBEH,LPA,CrdPrv,Physical Inactivity
2023,NC,North Carolina,Onslow,37133,37133000103,BRFSS,Health Risk Behaviors,No leisure-time physical activity among adults,%,Crude prevalence,19.7,16.2,23.7,6398,4746,"{'type': 'Point', 'coordinates': [-77.3043513, 34.8728727]}",37133000103,RISKBEH,LPA,CrdPrv,Physical Inactivity
2023,NC,North Carolina,Onslow,37133,37133001400,BRFSS,Health Risk Behaviors,No leisure-time physical activity among adults,%,Crude prevalence,20.0,16.1,24.6,4433,3443,"{'type': 'Point', 'coordinates': [-77.4379485, 34.772788]}",37133001400,RISKBEH,LPA,CrdPrv,Physical Inactivity
2023,NC,North Carolina,New Hanover,37129,37129011000,BRFSS,Health Risk Behaviors,No leisure-time physical activity among adults,%,Crude prevalence,39.4,34.3,45.1,2075,1597,"{'type': 'Point', 'coordinates': [-77.9345263, 34.2137573]}",37129011000,RISKBEH,LPA,CrdPrv,Physical Inactivity
2023,NC,North Carolina,Orange,37135,37135012101,BRFSS,Health Risk Behaviors,No leisure-time physical activity among adults,%,Crude prevalence,21.4,17.7,25.8,3913,3014,"{'type': 'Point', 'coordinates': [-79.0148887, 35.9362044]}",37135012101,RISKBEH,LPA,CrdPrv,Physical Inactivity
2023,NC,North Carolina,Orange,37135,37135011105,BRFSS,Health Risk Behaviors,No leisure-time physical activity among adults,%,Crude prevalence,23.6,19.6,28.2,3399,2620,"{'type': 'Point', 'coordinates': [-79.2356494, 36.0937294]}",37135011105,RISKBEH,LPA,CrdPrv,Physical Inactivity
2023,NC,North Carolina,Pitt,37147,37147002002,BRFSS,Health Risk Behaviors,No leisure-time physical activity among adults,%,Crude prevalence,31.3,26.8,36.2,4667,3693,"{'type': 'Point', 'coordinates': [-77.3734739, 35.7475486]}",37147002002,RISKBEH,LPA,CrdPrv,Physical Inactivity
2023,NC,North Carolina,Pender,37141,37141920104,BRFSS,Health Risk Behaviors,No leisure-time physical activity among adults,%,Crude prevalence,17.6,14.1,21.4,4632,3571,"{'type': 'Point', 'coordinates': [-77.5981494, 34.4335948]}",37141920104,RISKBEH,LPA,CrdPrv,Physical Inactivity
2023,NC,North Carolina,Mecklenburg,37119,37119005915,BRFSS,Health Risk Behaviors,No leisure-time physical activity among adults,%,Crude prevalence,17.6,14.3,21.0,2477,2164,"{'type': 'Point', 'coordinates': [-80.9334649, 35.1348139]}",37119005915,RISKBEH,LPA,CrdPrv,Physical Inactivity
2023,NC,North Carolina,Moore,37125,37125950506,BRFSS,Health Risk Behaviors,No leisure-time physical activity among adults,%,Crude prevalence,15.9,12.6,19.4,6644,4643,"{'type': 'Point', 'coordinates': [-79.3719151, 35.2481734]}",37125950506,RISKBEH,LPA,CrdPrv,Physical Inactivity
2023,NC,North Carolina,New Hanover,37129,37129012108,BRFSS,Health Risk Behaviors,No leisure-time physical activity among adults,%,Crude prevalence,20.8,16.9,25.1,3516,2843,"{'type': 'Point', 'coordinates': [-77.8892531, 34.0884582]}",37129012108,RISKBEH,LPA,CrdPrv,Physical Inactivity
2023,NC,North Carolina,Onslow,37133,37133000204,BRFSS,Health Risk Behaviors,No leisure-time physical activity among adults,%,Crude prevalence,25.8,21.6,30.6,4466,3149,"{'type': 'Point', 'coordinates': [-77.5640588, 34.8367107]}",37133000204,RISKBEH,LPA,CrdPrv,Physical Inactivity
2023,NC,North Carolina,Mecklenburg,37119,37119005867,BRFSS,Health Risk Behaviors,No leisure-time physical activity among adults,%,Crude prevalence,23.1,19.1,27.1,4281,3342,"{'type': 'Point', 'coordinates': [-80.8869746, 35.0658084]}",37119005867,RISKBEH,LPA,CrdPrv,Physical Inactivity
2023,NC,North Carolina,New Hanover,37129,37129011800,BRFSS,Health Risk Behaviors,No leisure-time physical activity among adults,%,Crude prevalence,13.3,10.2,16.7,2476,2129,"{'type': 'Point', 'coordinates': [-77.8424016, 34.1461642]}",37129011800,RISKBEH,LPA,CrdPrv,Physical Inactivity
2023,NC,North Carolina,New Hanover,37129,37129010400,BRFSS,Health Risk Behaviors,No leisure-time physical activity among adults,%,Crude prevalence,17.0,13.4,21.1,2596,2084,"{'type': 'Point', 'coordinates': [-77.9120386, 34.2297421]}",37129010400,RISKBEH,LPA,CrdPrv,Physical Inactivity
2023,NC,North Carolina,Pasquotank,37139,37139960501,BRFSS,Health Risk Behaviors,No leisure-time physical activity among adults,%,Crude prevalence,26.1,21.7,31.5,3341,2644,"{'type': 'Point', 'coordinates': [-76.2769892, 36.3749436]}",37139960501,RISKBEH,LPA,CrdPrv,Physical Inactivity
2023,NC,North Carolina,Orange,37135,37135010710,BRFSS,Health Risk Behaviors,No leisure-time physical activity among adults,%,Crude prevalence,12.7,10.1,15.7,3335,2731,"{'type': 'Point', 'coordinates': [-79.1088116, 35.8845127]}",37135010710,RISKBEH,LPA,CrdPrv,Physical Inactivity
2023,NC,North Carolina,Northampton,37131,37131920302,BRFSS,Health Risk Behaviors,No leisure-time physical activity among adults,%,Crude prevalence,39.3,33.8,45.3,1644,1327,"{'type': 'Point', 'coordinates': [-77.4732693, 36.4907549]}",37131920302,RISKBEH,LPA,CrdPrv,Physical Inactivity
2023,NC,North Carolina,Richmond,37153,37153970500,BRFSS,Health Risk Behaviors,No leisure-time physical activity among adults,%,Crude prevalence,33.4,27.9,39.3,2335,1760,"{'type': 'Point', 'coordinates': [-79.7663395, 34.9439322]}",37153970500,RISKBEH,LPA,CrdPrv,Physical Inactivity
2023,NC,North Carolina,Nash,37127,37127011201,BRFSS,Health Risk Behaviors,No leisure-time physical activity among adults,%,Crude prevalence,27.2,22.5,32.3,3222,2543,"{'type': 'Point', 'coordinates': [-77.8661027, 35.8705796]}",37127011201,RISKBEH,LPA,CrdPrv,Physical Inactivity
2023,NC,North Carolina,Mecklenburg,37119,37119006223,BRFSS,Health Risk Behaviors,No leisure-time physical activity among adults,%,Crude prevalence,16.7,13.7,20.0,2684,1988,"{'type': 'Point', 'coordinates': [-80.8910325, 35.3743017]}",37119006223,RISKBEH,LPA,CrdPrv,Physical Inactivity
2023,NC,North Carolina,Pitt,37147,37147001301,BRFSS,Health Risk Behaviors,No leisure-time physical activity among adults,%,Crude prevalence,20.2,16.6,23.9,4442,3286,"{'type': 'Point', 'coordinates': [-77.4206351, 35.525093]}",37147001301,RISKBEH,LPA,CrdPrv,Physical Inactivity
2023,NC,North Carolina,Nash,37127,37127011103,BRFSS,Health Risk Behaviors,No leisure-time physical activity among adults,%,Crude prevalence,26.0,21.1,31.1,5158,4009,"{'type': 'Point', 'coordinates': [-77.9605752, 35.9611161]}",37127011103,RISKBEH,LPA,CrdPrv,Physical Inactivity
2023,NC,North Carolina,Pitt,37147,37147000303,BRFSS,Health Risk Behaviors,No leisure-time physical activity among adults,%,Crude prevalence,27.1,22.5,32.2,2307,1898,"{'type': 'Point', 'coordinates': [-77.3278612, 35.5991607]}",37147000303,RISKBEH,LPA,CrdPrv,Physical Inactivity
2023,NC,North Carolina,Montgomery,37123,37123960402,BRFSS,Health Risk Behaviors,No leisure-time physical activity among adults,%,Crude prevalence,28.1,22.6,33.8,2616,2198,"{'type': 'Point', 'coordinates': [-79.9907602, 35.2547427]}",37123960402,RISKBEH,LPA,CrdPrv,Physical Inactivity
2023,NC,North Carolina,Orange,37135,37135011206,BRFSS,Health Risk Behaviors,No leisure-time physical activity among adults,%,Crude prevalence,16.2,13.2,19.6,4184,3150,"{'type': 'Point', 'coordinates': [-79.0171931, 35.9572305]}",37135011206,RISKBEH,LPA,CrdPrv,Physical Inactivity
2023,NC,North Carolina,Mecklenburg,37119,37119006013,BRFSS,Health Risk Behaviors,No leisure-time physical activity among adults,%,Crude prevalence,24.0,20.5,28.0,4002,2860,"{'type': 'Point', 'coordinates': [-80.9814622, 35.3088811]}",37119006013,RISKBEH,LPA,CrdPrv,Physical Inactivity
2023,NC,North Carolina,Polk,37149,37149920103,BRFSS,Health Risk Behaviors,No leisure-time physical activity among adults,%,Crude prevalence,24.7,20.0,29.5,3013,2481,"{'type': 'Point', 'coordinates': [-82.1165615, 35.2281108]}",37149920103,RISKBEH,LPA,CrdPrv,Physical Inactivity
2023,NC,North Carolina,Mecklenburg,37119,37119005864,BRFSS,Health Risk Behaviors,No leisure-time physical activity among adults,%,Crude prevalence,14.2,11.4,17.5,5400,3746,"{'type': 'Point', 'coordinates': [-80.8191519, 35.0194402]}",37119005864,RISKBEH,LPA,CrdPrv,Physical Inactivity
2023,NC,North Carolina,Randolph,37151,37151030100,BRFSS,Health Risk Behaviors,No leisure-time physical activity among adults,%,Crude prevalence,30.6,25.9,35.5,5043,3960,"{'type': 'Point', 'coordinates': [-79.8253526, 35.672147]}",37151030100,RISKBEH,LPA,CrdPrv,Physical Inactivity
2023,NC,North Carolina,Mecklenburg,37119,37119006110,BRFSS,Health Risk Behaviors,No leisure-time physical activity among adults,%,Crude prevalence,23.3,19.4,27.8,5619,4147,"{'type': 'Point', 'coordinates': [-80.9174186, 35.3015004]}",37119006110,RISKBEH,LPA,CrdPrv,Physical Inactivity
2023,NC,North Carolina,Pitt,37147,37147001700,BRFSS,Health Risk Behaviors,No leisure-time physical activity among adults,%,Crude prevalence,22.5,18.6,26.3,3909,3026,"{'type': 'Point', 'coordinates': [-77.4821717, 35.6220141]}",37147001700,RISKBEH,LPA,CrdPrv,Physical Inactivity
2023,NC,North Carolina,New Hanover,37129,37129012103,BRFSS,Health Risk Behaviors,No leisure-time physical activity among adults,%,Crude prevalence,18.1,14.3,22.4,4709,3844,"{'type': 'Point', 'coordinates': [-77.8764764, 34.1444239]}",37129012103,RISKBEH,LPA,CrdPrv,Physical Inactivity
2023,NC,North Carolina,New Hanover,37129,37129010700,BRFSS,Health Risk Behaviors,No leisure-time physical activity among adults,%,Crude prevalence,33.8,28.7,38.8,3779,3054,"{'type': 'Point', 'coordinates': [-77.9274528, 34.1993579]}",37129010700,RISKBEH,LPA,CrdPrv,Physical Inactivity
2023,NC,North Carolina,Orange,37135,37135011500,BRFSS,Health Risk Behaviors,No leisure-time physical activity among adults,%,Crude prevalence,16.2,12.8,20.3,1849,1508,"{'type': 'Point', 'coordinates': [-79.035101, 35.917368]}",37135011500,RISKBEH,LPA,CrdPrv,Physical Inactivity
2023,NC,North Carolina,Onslow,37133,37133000104,BRFSS,Health Risk Behaviors,No leisure-time physical activity among adults,%,Crude prevalence,17.2,14.0,21.0,2968,2134,"{'type': 'Point', 'coordinates': [-77.169643, 34.7363881]}",37133000104,RISKBEH,LPA,CrdPrv,Physical Inactivity
2023,NC,North Carolina,Randolph,37151,37151031402,BRFSS,Health Risk Behaviors,No leisure-time physical activity among adults,%,Crude prevalence,22.5,18.7,26.9,3971,2917,"{'type': 'Point', 'coordinates': [-79.7968141, 35.7838685]}",37151031402,RISKBEH,LPA,CrdPrv,Physical Inactivity
2023,NC,North Carolina,Orange,37135,37135011103,BRFSS,Health Risk Behaviors,No leisure-time physical activity among adults,%,Crude prevalence,22.6,18.7,26.7,4104,3107,"{'type': 'Point', 'coordinates': [-79.1712028, 36.0939942]}",37135011103,RISKBEH,LPA,CrdPrv,Physical Inactivity
2023,NC,North Carolina,Mecklenburg,37119,37119005908,BRFSS,Health Risk Behaviors,No leisure-time physical activity among adults,%,Crude prevalence,14.6,11.8,17.8,2241,1814,"{'type': 'Point', 'coordinates': [-81.0229671, 35.1267468]}",37119005908,RISKBEH,LPA,CrdPrv,Physical Inactivity
2023,NC,North Carolina,Mecklenburg,37119,37119005927,BRFSS,Health Risk Behaviors,No leisure-time physical activity among adults,%,Crude prevalence,21.7,18.3,25.6,5109,4097,"{'type': 'Point', 'coordinates': [-80.9337334, 35.1516976]}",37119005927,RISKBEH,LPA,CrdPrv,Physical Inactivity
2023,NC,North Carolina,Mecklenburg,37119,37119006403,BRFSS,Health Risk Behaviors,No leisure-time physical activity among adults,%,Crude prevalence,16.5,13.3,20.0,6588,5617,"{'type': 'Point', 'coordinates': [-80.83964, 35.497104]}",37119006403,RISKBEH,LPA,CrdPrv,Physical Inactivity
2023,NC,North Carolina,Onslow,37133,37133000303,BRFSS,Health Risk Behaviors,No leisure-time physical activity among adults,%,Crude prevalence,32.1,27.0,37.3,1955,1516,"{'type': 'Point', 'coordinates': [-77.6405085, 34.8001314]}",37133000303,RISKBEH,LPA,CrdPrv,Physical Inactivity
2023,NC,North Carolina,Onslow,37133,37133001000,BRFSS,Health Risk Behaviors,No leisure-time physical activity among adults,%,Crude prevalence,15.9,12.7,19.4,6152,5810,"{'type': 'Point', 'coordinates': [-77.4502568, 34.711011]}",37133001000,RISKBEH,LPA,CrdPrv,Physical Inactivity
2023,NC,North Carolina,Nash,37127,37127011101,BRFSS,Health Risk Behaviors,No leisure-time physical activity among adults,%,Crude prevalence,25.7,21.1,30.4,6190,4835,"{'type': 'Point', 'coordinates': [-77.9279007, 35.9527077]}",37127011101,RISKBEH,LPA,CrdPrv,Physical Inactivity
2023,NC,North Carolina,Onslow,37133,37133002802,BRFSS,Health Risk Behaviors,No leisure-time physical activity among adults,%,Crude prevalence,21.0,17.2,25.3,2272,1688,"{'type': 'Point', 'coordinates': [-77.2230941, 34.6776809]}",37133002802,RISKBEH,LPA,CrdPrv,Physical Inactivity
2023,NC,North Carolina,Mecklenburg,37119,37119006307,BRFSS,Health Risk Behaviors,No leisure-time physical activity among adults,%,Crude prevalence,13.7,11.3,16.4,5792,4499,"{'type': 'Point', 'coordinates': [-80.8233606, 35.3932876]}",37119006307,RISKBEH,LPA,CrdPrv,Physical Inactivity
2023,NC,North Carolina,Pender,37141,37141920300,BRFSS,Health Risk Behaviors,No leisure-time physical activity among adults,%,Crude prevalence,28.0,23.3,33.0,3847,2995,"{'type': 'Point', 'coordinates': [-78.0020072, 34.6713171]}",37141920300,RISKBEH,LPA,CrdPrv,Physical Inactivity
2023,NC,North Carolina,Mecklenburg,37119,37119006311,BRFSS,Health Risk Behaviors,No leisure-time physical activity among adults,%,Crude prevalence,14.9,11.9,18.3,4373,3098,"{'type': 'Point', 'coordinates': [-80.8249574, 35.4414211]}",37119006311,RISKBEH,LPA,CrdPrv,Physical Inactivity
2023,NC,North Carolina,Northampton,37131,37131920201,BRFSS,Health Risk Behaviors,No leisure-time physical activity among adults,%,Crude prevalence,38.5,33.0,44.6,1043,875,"{'type': 'Point', 'coordinates': [-77.2553291, 36.2710606]}",37131920201,RISKBEH,LPA,CrdPrv,Physical Inactivity
2023,NC,North Carolina,New Hanover,37129,37129012009,BRFSS,Health Risk Behaviors,No leisure-time physical activity among adults,%,Crude prevalence,19.5,15.6,23.7,6991,5358,"{'type': 'Point', 'coordinates': [-77.8773634, 34.1841906]}",37129012009,RISKBEH,LPA,CrdPrv,Physical Inactivity
2023,NC,North Carolina,Mecklenburg,37119,37119005922,BRFSS,Health Risk Behaviors,No leisure-time physical activity among adults,%,Crude prevalence,17.6,14.4,20.9,4903,3568,"{'type': 'Point', 'coordinates': [-80.9968818, 35.1579513]}",37119005922,RISKBEH,LPA,CrdPrv,Physical Inactivity
2023,NC,North Carolina,Moore,37125,37125951101,BRFSS,Health Risk Behaviors,No leisure-time physical activity among adults,%,Crude prevalence,19.5,15.7,23.5,3696,2719,"{'type': 'Point', 'coordinates': [-79.4315318, 35.1173051]}",37125951101,RISKBEH,LPA,CrdPrv,Physical Inactivity
2023,NC,North Carolina,Northampton,37131,37131920401,BRFSS,Health Risk Behaviors,No leisure-time physical activity among adults,%,Crude prevalence,37.1,31.6,42.5,3592,2906,"{'type': 'Point', 'coordinates': [-77.6949271, 36.5244454]}",37131920401,RISKBEH,LPA,CrdPrv,Physical Inactivity
2023,NC,North Carolina,Pitt,37147,37147000201,BRFSS,Health Risk Behaviors,No leisure-time physical activity among adults,%,Crude prevalence,28.8,23.4,34.2,4185,3696,"{'type': 'Point', 'coordinates': [-77.3426276, 35.6109554]}",37147000201,RISKBEH,LPA,CrdPrv,Physical Inactivity
2023,NC,North Carolina,Orange,37135,37135010904,BRFSS,Health Risk Behaviors,No leisure-time physical activity among adults,%,Crude prevalence,22.7,18.5,26.8,3673,2764,"{'type': 'Point', 'coordinates': [-79.0015243, 36.0866814]}",37135010904,RISKBEH,LPA,CrdPrv,Physical Inactivity
2023,NC,North Carolina,Pitt,37147,37147002003,BRFSS,Health Risk Behaviors,No leisure-time physical activity among adults,%,Crude prevalence,36.2,31.0,41.8,4004,2746,"{'type': 'Point', 'coordinates': [-77.4532717, 35.6863998]}",37147002003,RISKBEH,LPA,CrdPrv,Physical Inactivity
2023,NC,North Carolina,Orange,37135,37135011107,BRFSS,Health Risk Behaviors,No leisure-time physical activity among adults,%,Crude prevalence,22.0,18.2,26.1,4257,3199,"{'type': 'Point', 'coordinates': [-79.2054623, 36.0463335]}",37135011107,RISKBEH,LPA,CrdPrv,Physical Inactivity
2023,NC,North Carolina,Richmond,37153,37153970400,BRFSS,Health Risk Behaviors,No leisure-time physical activity among adults,%,Crude prevalence,23.6,19.6,28.0,4088,3182,"{'type': 'Point', 'coordinates': [-79.7311768, 34.962001]}",37153970400,RISKBEH,LPA,CrdPrv,Physical Inactivity
2023,NC,North Carolina,Pitt,37147,37147001302,BRFSS,Health Risk Behaviors,No leisure-time physical activity among adults,%,Crude prevalence,22.6,18.6,26.9,5900,4502,"{'type': 'Point', 'coordinates': [-77.3946372, 35.5204086]}",37147001302,RISKBEH,LPA,CrdPrv,Physical Inactivity
2023,NC,North Carolina,Mecklenburg,37119,37119005916,BRFSS,Health Risk Behaviors,No leisure-time physical activity among adults,%,Crude prevalence,34.7,29.8,40.1,2526,1910,"{'type': 'Point', 'coordinates': [-80.9106075, 35.1317236]}",37119005916,RISKBEH,LPA,CrdPrv,Physical Inactivity
2023,NC,North Carolina,Pender,37141,37141920105,BRFSS,Health Risk Behaviors,No leisure-time physical activity among adults,%,Crude prevalence,24.8,20.4,29.2,1601,1207,"{'type': 'Point', 'coordinates': [-77.5642622, 34.4550875]}",37141920105,RISKBEH,LPA,CrdPrv,Physical Inactivity
2023,NC,North Carolina,New Hanover,37129,37129012106,BRFSS,Health Risk Behaviors,No leisure-time physical activity among adults,%,Crude prevalence,19.7,15.6,24.2,8662,6714,"{'type': 'Point', 'coordinates': [-77.9193166, 34.1077932]}",37129012106,RISKBEH,LPA,CrdPrv,Physical Inactivity
2023,NC,North Carolina,Pitt,37147,37147001601,BRFSS,Health Risk Behaviors,No leisure-time physical activity among adults,%,Crude prevalence,18.8,15.5,22.5,4177,3157,"{'type': 'Point', 'coordinates': [-77.4739443, 35.5056602]}",37147001601,RISKBEH,LPA,CrdPrv,Physical Inactivity
2023,NC,North Carolina,Perquimans,37143,37143920101,BRFSS,Health Risk Behaviors,No leisure-time physical activity among adults,%,Crude prevalence,28.2,23.5,33.3,3575,2877,"{'type': 'Point', 'coordinates': [-76.4512337, 36.2992103]}",37143920101,RISKBEH,LPA,CrdPrv,Physical Inactivity
2023,NC,North Carolina,Nash,37127,37127010900,BRFSS,Health Risk Behaviors,No leisure-time physical activity among adults,%,Crude prevalence,32.2,27.1,37.6,5320,4225,"{'type': 'Point', 'coordinates': [-78.0048107, 36.090927]}",37127010900,RISKBEH,LPA,CrdPrv,Physical Inactivity
2023,NC,North Carolina,Mecklenburg,37119,37119006015,BRFSS,Health Risk Behaviors,No leisure-time physical activity among adults,%,Crude prevalence,21.7,17.8,25.6,4053,3074,"{'type': 'Point', 'coordinates': [-80.9404025, 35.294362]}",37119006015,RISKBEH,LPA,CrdPrv,Physical Inactivity
2023,NC,North Carolina,Pitt,37147,37147000503,BRFSS,Health Risk Behaviors,No leisure-time physical activity among adults,%,Crude prevalence,20.4,16.7,24.6,4362,3465,"{'type': 'Point', 'coordinates': [-77.3663994, 35.5700313]}",37147000503,RISKBEH,LPA,CrdPrv,Physical Inactivity
2023,NC,North Carolina,Onslow,37133,37133002202,BRFSS,Health Risk Behaviors,No leisure-time physical activity among adults,%,Crude prevalence,28.7,24.1,33.5,4292,3271,"{'type': 'Point', 'coordinates': [-77.3655447, 34.7456307]}",37133002202,RISKBEH,LPA,CrdPrv,Physical Inactivity
2023,NC,North Carolina,Pasquotank,37139,37139960300,BRFSS,Health Risk Behaviors,No leisure-time physical activity among adults,%,Crude prevalence,42.6,36.2,49.2,2661,1840,"{'type': 'Point', 'coordinates': [-76.2315275, 36.2894662]}",37139960300,RISKBEH,LPA,CrdPrv,Physical Inactivity
2023,NC,North Carolina,Pender,37141,37141920204,BRFSS,Health Risk Behaviors,No leisure-time physical activity among adults,%,Crude prevalence,29.9,25.4,35.0,1833,1495,"{'type': 'Point', 'coordinates': [-77.7337585, 34.6046249]}",37141920204,RISKBEH,LPA,CrdPrv,Physical Inactivity
2023,NC,North Carolina,New Hanover,37129,37129012012,BRFSS,Health Risk Behaviors,No leisure-time physical activity among adults,%,Crude prevalence,15.6,12.4,19.6,2630,2078,"{'type': 'Point', 'coordinates': [-77.8350524, 34.2012402]}",37129012012,RISKBEH,LPA,CrdPrv,Physical Inactivity
2023,NC,North Carolina,Randolph,37151,37151031601,BRFSS,Health Risk Behaviors,No leisure-time physical activity among adults,%,Crude prevalence,29.1,24.8,34.0,4357,3462,"{'type': 'Point', 'coordinates': [-80.0181477, 35.8953949]}",37151031601,RISKBEH,LPA,CrdPrv,Physical Inactivity
2023,NC,North Carolina,Randolph,37151,37151030803,BRFSS,Health Risk Behaviors,No leisure-time physical activity among adults,%,Crude prevalence,29.8,25.1,34.6,3902,3024,"{'type': 'Point', 'coordinates': [-79.7357525, 35.559837]}",37151030803,RISKBEH,LPA,CrdPrv,Physical Inactivity
2023,NC,North Carolina,New Hanover,37129,37129011705,BRFSS,Health Risk Behaviors,No leisure-time physical activity among adults,%,Crude prevalence,17.0,13.6,20.8,9620,7374,"{'type': 'Point', 'coordinates': [-77.7984292, 34.2651068]}",37129011705,RISKBEH,LPA,CrdPrv,Physical Inactivity
2023,NC,North Carolina,Mecklenburg,37119,37119006409,BRFSS,Health Risk Behaviors,No leisure-time physical activity among adults,%,Crude prevalence,14.4,11.6,17.5,3623,2972,"{'type': 'Point', 'coordinates': [-80.8362803, 35.4710454]}",37119006409,RISKBEH,LPA,CrdPrv,Physical Inactivity
2023,NC,North Carolina,Richmond,37153,37153970300,BRFSS,Health Risk Behaviors,No leisure-time physical activity among adults,%,Crude prevalence,28.9,24.2,34.3,4486,3458,"{'type': 'Point', 'coordinates': [-79.8265049, 34.9703222]}",37153970300,RISKBEH,LPA,CrdPrv,Physical Inactivity
2023,NC,North Carolina,Randolph,37151,37151030302,BRFSS,Health Risk Behaviors,No leisure-time physical activity among adults,%,Crude prevalence,42.4,36.7,48.1,3109,2219,"{'type': 'Point', 'coordinates': [-79.7831293, 35.720222]}",37151030302,RISKBEH,LPA,CrdPrv,Physical Inactivity
2023,NC,North Carolina,Mecklenburg,37119,37119006410,BRFSS,Health Risk Behaviors,No leisure-time physical activity among adults,%,Crude prevalence,16.0,12.9,19.5,3531,2515,"{'type': 'Point', 'coordinates': [-80.8591138, 35.4639835]}",37119006410,RISKBEH,LPA,CrdPrv,Physical Inactivity
2023,NC,North Carolina,Orange,37135,37135010803,BRFSS,Health Risk Behaviors,No leisure-time physical activity among adults,%,Crude prevalence,21.2,17.4,25.5,3118,2497,"{'type': 'Point', 'coordinates': [-79.1909734, 36.1598135]}",37135010803,RISKBEH,LPA,CrdPrv,Physical Inactivity
2023,NC,North Carolina,Mecklenburg,37119,37119006011,BRFSS,Health Risk Behaviors,No leisure-time physical activity among adults,%,Crude prevalence,19.3,15.9,23.1,3535,2483,"{'type': 'Point', 'coordinates': [-80.955191, 35.2703296]}",37119006011,RISKBEH,LPA,CrdPrv,Physical Inactivity
2023,NC,North Carolina,New Hanover,37129,37129012109,BRFSS,Health Risk Behaviors,No leisure-time physical activity among adults,%,Crude prevalence,17.2,13.7,21.0,4051,3020,"{'type': 'Point', 'coordinates': [-77.8856902, 34.1223793]}",37129012109,RISKBEH,LPA,CrdPrv,Physical Inactivity
2023,NC,North Carolina,Northampton,37131,37131920303,BRFSS,Health Risk Behaviors,No leisure-time physical activity among adults,%,Crude prevalence,35.2,29.8,40.9,1193,1007,"{'type': 'Point', 'coordinates': [-77.3884809, 36.3554687]}",37131920303,RISKBEH,LPA,CrdPrv,Physical Inactivity
2023,NC,North Carolina,Pitt,37147,37147000902,BRFSS,Health Risk Behaviors,No leisure-time physical activity among adults,%,Crude prevalence,33.8,28.7,38.6,2882,2102,"{'type': 'Point', 'coordinates': [-77.2700052, 35.6055767]}",37147000902,RISKBEH,LPA,CrdPrv,Physical Inactivity
2023,NC,North Carolina,Pitt,37147,37147001404,BRFSS,Health Risk Behaviors,No leisure-time physical activity among adults,%,Crude prevalence,30.8,25.8,35.7,1773,1370,"{'type': 'Point', 'coordinates': [-77.4356578, 35.4431631]}",37147001404,RISKBEH,LPA,CrdPrv,Physical Inactivity
2023,NC,North Carolina,Nash,37127,37127010700,BRFSS,Health Risk Behaviors,No leisure-time physical activity among adults,%,Crude prevalence,33.4,28.2,38.6,2870,2306,"{'type': 'Point', 'coordinates': [-77.7714139, 36.0824501]}",37127010700,RISKBEH,LPA,CrdPrv,Physical Inactivity
2023,NC,North Carolina,Polk,37149,37149920301,BRFSS,Health Risk Behaviors,No leisure-time physical activity among adults,%,Crude prevalence,24.0,19.5,28.9,1089,946,"{'type': 'Point', 'coordinates': [-82.2245636, 35.2452718]}",37149920301,RISKBEH,LPA,CrdPrv,Physical Inactivity
2023,NC,North Carolina,Polk,37149,37149920304,BRFSS,Health Risk Behaviors,No leisure-time physical activity among adults,%,Crude prevalence,24.5,19.8,30.1,2652,2325,"{'type': 'Point', 'coordinates': [-82.2805157, 35.2124668]}",37149920304,RISKBEH,LPA,CrdPrv,Physical Inactivity
2023,NC,North Carolina,Mitchell,37121,37121950300,BRFSS,Health Risk Behaviors,No leisure-time physical activity among adults,%,Crude prevalence,27.4,22.7,32.4,4120,3313,"{'type': 'Point', 'coordinates': [-82.0693889, 35.9435892]}",37121950300,RISKBEH,LPA,CrdPrv,Physical Inactivity
2023,NC,North Carolina,Randolph,37151,37151031501,BRFSS,Health Risk Behaviors,No leisure-time physical activity among adults,%,Crude prevalence,23.1,19.1,27.7,6215,4864,"{'type': 'Point', 'coordinates': [-80.0213606, 35.8529741]}",37151031501,RISKBEH,LPA,CrdPrv,Physical Inactivity
2023,NC,North Carolina,Pamlico,37137,37137950203,BRFSS,Health Risk Behaviors,No leisure-time physical activity among adults,%,Crude prevalence,26.6,21.9,31.8,1632,1462,"{'type': 'Point', 'coordinates': [-76.770677, 35.0117459]}",37137950203,RISKBEH,LPA,CrdPrv,Physical Inactivity
2023,NC,North Carolina,Pitt,37147,37147001900,BRFSS,Health Risk Behaviors,No leisure-time physical activity among adults,%,Crude prevalence,26.6,22.3,30.9,2725,2095,"{'type': 'Point', 'coordinates': [-77.581394, 35.6608499]}",37147001900,RISKBEH,LPA,CrdPrv,Physical Inactivity
2023,NC,North Carolina,Mecklenburg,37119,37119006103,BRFSS,Health Risk Behaviors,No leisure-time physical activity among adults,%,Crude prevalence,17.7,14.5,20.9,4517,3450,"{'type': 'Point', 'coordinates': [-80.9409159, 35.3382042]}",37119006103,RISKBEH,LPA,CrdPrv,Physical Inactivity
2023,NC,North Carolina,Mecklenburg,37119,37119006310,BRFSS,Health Risk Behaviors,No leisure-time physical activity among adults,%,Crude prevalence,17.8,14.8,21.4,2911,2160,"{'type': 'Point', 'coordinates': [-80.797995, 35.4359297]}",37119006310,RISKBEH,LPA,CrdPrv,Physical Inactivity
2023,NC,North Carolina,Nash,37127,37127010302,BRFSS,Health Risk Behaviors,No leisure-time physical activity among adults,%,Crude prevalence,28.4,23.6,33.6,2944,2389,"{'type': 'Point', 'coordinates': [-77.8503175, 35.923778]}",37127010302,RISKBEH,LPA,CrdPrv,Physical Inactivity
2023,NC,North Carolina,Orange,37135,37135011204,BRFSS,Health Risk Behaviors,No leisure-time physical activity among adults,%,Crude prevalence,15.2,12.2,18.6,3545,2771,"{'type': 'Point', 'coordinates': [-79.0359195, 35.9897829]}",37135011204,RISKBEH,LPA,CrdPrv,Physical Inactivity
2023,NC,North Carolina,Randolph,37151,37151031304,BRFSS,Health Risk Behaviors,No leisure-time physical activity among adults,%,Crude prevalence,28.0,23.3,33.0,4713,3781,"{'type': 'Point', 'coordinates': [-79.87869, 35.8666648]}",37151031304,RISKBEH,LPA,CrdPrv,Physical Inactivity
2023,NC,North Carolina,Montgomery,37123,37123960502,BRFSS,Health Risk Behaviors,No leisure-time physical activity among adults,%,Crude prevalence,29.7,24.9,34.8,2185,1608,"{'type': 'Point', 'coordinates': [-79.8077407, 35.261205]}",37123960502,RISKBEH,LPA,CrdPrv,Physical Inactivity
2023,NC,North Carolina,Northampton,37131,37131920103,BRFSS,Health Risk Behaviors,No leisure-time physical activity among adults,%,Crude prevalence,23.2,19.1,27.7,1647,1365,"{'type': 'Point', 'coordinates': [-77.1672906, 36.4689417]}",37131920103,RISKBEH,LPA,CrdPrv,Physical Inactivity
2023,NC,North Carolina,Pitt,37147,37147001403,BRFSS,Health Risk Behaviors,No leisure-time physical activity among adults,%,Crude prevalence,29.1,24.5,34.0,2959,2264,"{'type': 'Point', 'coordinates': [-77.4395564, 35.4857522]}",37147001403,RISKBEH,LPA,CrdPrv,Physical Inactivity
2023,NC,North Carolina,Polk,37149,37149920101,BRFSS,Health Risk Behaviors,No leisure-time physical activity among adults,%,Crude prevalence,26.2,21.9,30.9,3014,2491,"{'type': 'Point', 'coordinates': [-82.0364074, 35.253423]}",37149920101,RISKBEH,LPA,CrdPrv,Physical Inactivity
2023,NC,North Carolina,Person,37145,37145920200,BRFSS,Health Risk Behaviors,No leisure-time physical activity among adults,%,Crude prevalence,24.6,20.3,29.5,6374,5273,"{'type': 'Point', 'coordinates': [-79.0443991, 36.4670827]}",37145920200,RISKBEH,LPA,CrdPrv,Physical Inactivity
2023,NC,North Carolina,Nash,37127,37127011300,BRFSS,Health Risk Behaviors,No leisure-time physical activity among adults,%,Crude prevalence,29.3,24.5,34.5,4910,3736,"{'type': 'Point', 'coordinates': [-78.0300793, 35.863687]}",37127011300,RISKBEH,LPA,CrdPrv,Physical Inactivity
2023,NC,North Carolina,Pender,37141,37141920203,BRFSS,Health Risk Behaviors,No leisure-time physical activity among adults,%,Crude prevalence,20.7,17.0,24.7,5740,4343,"{'type': 'Point', 'coordinates': [-77.7461475, 34.4353139]}",37141920203,RISKBEH,LPA,CrdPrv,Physical Inactivity
2023,NC,North Carolina,Mecklenburg,37119,37119006404,BRFSS,Health Risk Behaviors,No leisure-time physical activity among adults,%,Crude prevalence,12.4,9.9,15.4,7065,4929,"{'type': 'Point', 'coordinates': [-80.8002869, 35.4787086]}",37119006404,RISKBEH,LPA,CrdPrv,Physical Inactivity
2023,NC,North Carolina,Randolph,37151,37151031401,BRFSS,Health Risk Behaviors,No leisure-time physical activity among adults,%,Crude prevalence,33.0,28.0,38.6,5434,4185,"{'type': 'Point', 'coordinates': [-79.7958262, 35.8248083]}",37151031401,RISKBEH,LPA,CrdPrv,Physical Inactivity
2023,NC,North Carolina,Onslow,37133,37133002500,BRFSS,Health Risk Behaviors,No leisure-time physical activity among adults,%,Crude prevalence,23.1,19.0,27.5,3263,2393,"{'type': 'Point', 'coordinates': [-77.2631727, 34.7183141]}",37133002500,RISKBEH,LPA,CrdPrv,Physical Inactivity
2023,NC,North Carolina,Onslow,37133,37133001202,BRFSS,Health Risk Behaviors,No leisure-time physical activity among adults,%,Crude prevalence,20.2,16.8,24.3,8048,6013,"{'type': 'Point', 'coordinates': [-77.4526892, 34.800603]}",37133001202,RISKBEH,LPA,CrdPrv,Physical Inactivity
2023,NC,North Carolina,Orange,37135,37135011210,BRFSS,Health Risk Behaviors,No leisure-time physical activity among adults,%,Crude prevalence,21.8,17.6,26.6,3459,2703,"{'type': 'Point', 'coordinates': [-79.2061662, 35.9113867]}",37135011210,RISKBEH,LPA,CrdPrv,Physical Inactivity
2023,NC,North Carolina,Mecklenburg,37119,37119005926,BRFSS,Health Risk Behaviors,No leisure-time physical activity among adults,%,Crude prevalence,13.7,11.1,16.8,7166,5447,"{'type': 'Point', 'coordinates': [-81.0368821, 35.0734693]}",37119005926,RISKBEH,LPA,CrdPrv,Physical Inactivity
2023,NC,North Carolina,Pitt,37147,37147001602,BRFSS,Health Risk Behaviors,No leisure-time physical activity among adults,%,Crude prevalence,24.1,20.1,28.6,4832,3713,"{'type': 'Point', 'coordinates': [-77.5175421, 35.5809977]}",37147001602,RISKBEH,LPA,CrdPrv,Physical Inactivity
2023,NC,North Carolina,Orange,37135,37135010903,BRFSS,Health Risk Behaviors,No leisure-time physical activity among adults,%,Crude prevalence,17.9,14.1,22.1,2589,2060,"{'type': 'Point', 'coordinates': [-79.0397079, 36.1107665]}",37135010903,RISKBEH,LPA,CrdPrv,Physical Inactivity
2023,NC,North Carolina,New Hanover,37129,37129010501,BRFSS,Health Risk Behaviors,No leisure-time physical activity among adults,%,Crude prevalence,26.2,21.8,31.3,3396,2908,"{'type': 'Point', 'coordinates': [-77.8815138, 34.2384805]}",37129010501,RISKBEH,LPA,CrdPrv,Physical Inactivity
2023,NC,North Carolina,Mecklenburg,37119,37119005865,BRFSS,Health Risk Behaviors,No leisure-time physical activity among adults,%,Crude prevalence,14.9,12.2,18.0,2248,1810,"{'type': 'Point', 'coordinates': [-80.7375955, 35.1240293]}",37119005865,RISKBEH,LPA,CrdPrv,Physical Inactivity
2023,NC,North Carolina,Pender,37141,37141920402,BRFSS,Health Risk Behaviors,No leisure-time physical activity among adults,%,Crude prevalence,26.2,21.7,30.9,3041,2554,"{'type': 'Point', 'coordinates': [-77.9912005, 34.5702392]}",37141920402,RISKBEH,LPA,CrdPrv,Physical Inactivity
2023,NC,North Carolina,Montgomery,37123,37123960202,BRFSS,Health Risk Behaviors,No leisure-time physical activity among adults,%,Crude prevalence,26.0,21.6,30.9,4420,3313,"{'type': 'Point', 'coordinates': [-79.9188608, 35.3612224]}",37123960202,RISKBEH,LPA,CrdPrv,Physical Inactivity
2023,NC,North Carolina,Moore,37125,37125950802,BRFSS,Health Risk Behaviors,No leisure-time physical activity among adults,%,Crude prevalence,20.6,16.5,25.1,4319,3700,"{'type': 'Point', 'coordinates': [-79.3715024, 35.2184431]}",37125950802,RISKBEH,LPA,CrdPrv,Physical Inactivity
2023,NC,North Carolina,Randolph,37151,37151031505,BRFSS,Health Risk Behaviors,No leisure-time physical activity among adults,%,Crude prevalence,23.9,19.8,28.3,3453,2828,"{'type': 'Point', 'coordinates': [-79.9581482, 35.8570492]}",37151031505,RISKBEH,LPA,CrdPrv,Physical Inactivity
2023,NC,North Carolina,Pasquotank,37139,37139960701,BRFSS,Health Risk Behaviors,No leisure-time physical activity among adults,%,Crude prevalence,19.6,15.9,24.0,6131,4863,"{'type': 'Point', 'coordinates': [-76.1925292, 36.2469552]}",37139960701,RISKBEH,LPA,CrdPrv,Physical Inactivity
2023,NC,North Carolina,Onslow,37133,37133001101,BRFSS,Health Risk Behaviors,No leisure-time physical activity among adults,%,Crude prevalence,23.4,19.2,27.7,5068,3792,"{'type': 'Point', 'coordinates': [-77.4806949, 34.772241]}",37133001101,RISKBEH,LPA,CrdPrv,Physical Inactivity
2023,NC,North Carolina,Polk,37149,37149920201,BRFSS,Health Risk Behaviors,No leisure-time physical activity among adults,%,Crude prevalence,19.7,15.7,24.1,2665,2188,"{'type': 'Point', 'coordinates': [-82.248107, 35.3019069]}",37149920201,RISKBEH,LPA,CrdPrv,Physical Inactivity
2023,NC,North Carolina,Pitt,37147,37147002004,BRFSS,Health Risk Behaviors,No leisure-time physical activity among adults,%,Crude prevalence,35.5,30.1,40.8,1799,1335,"{'type': 'Point', 'coordinates': [-77.4141232, 35.678414]}",37147002004,RISKBEH,LPA,CrdPrv,Physical Inactivity
2023,NC,North Carolina,Mecklenburg,37119,37119006014,BRFSS,Health Risk Behaviors,No leisure-time physical activity among adults,%,Crude prevalence,15.2,12.4,18.2,4374,3249,"{'type': 'Point', 'coordinates': [-80.9677635, 35.3293501]}",37119006014,RISKBEH,LPA,CrdPrv,Physical Inactivity
2023,NC,North Carolina,Mecklenburg,37119,37119006408,BRFSS,Health Risk Behaviors,No leisure-time physical activity among adults,%,Crude prevalence,15.6,12.8,18.7,2969,2445,"{'type': 'Point', 'coordinates': [-80.8637362, 35.4903275]}",37119006408,RISKBEH,LPA,CrdPrv,Physical Inactivity
2023,NC,North Carolina,New Hanover,37129,37129012300,BRFSS,Health Risk Behaviors,No leisure-time physical activity among adults,%,Crude prevalence,16.2,12.9,20.0,8808,7088,"{'type': 'Point', 'coordinates': [-77.7611855, 34.2874097]}",37129012300,RISKBEH,LPA,CrdPrv,Physical Inactivity
2023,NC,North Carolina,Moore,37125,37125950601,BRFSS,Health Risk Behaviors,No leisure-time physical activity among adults,%,Crude prevalence,17.3,13.5,21.6,3805,3332,"{'type': 'Point', 'coordinates': [-79.5063846, 35.1954704]}",37125950601,RISKBEH,LPA,CrdPrv,Physical Inactivity
2023,NC,North Carolina,Onslow,37133,37133000205,BRFSS,Health Risk Behaviors,No leisure-time physical activity among adults,%,Crude prevalence,21.5,17.8,25.5,7191,5184,"{'type': 'Point', 'coordinates': [-77.5118878, 34.8202779]}",37133000205,RISKBEH,LPA,CrdPrv,Physical Inactivity
2023,NC,North Carolina,Mecklenburg,37119,37119005931,BRFSS,Health Risk Behaviors,No leisure-time physical activity among adults,%,Crude prevalence,22.6,18.9,26.5,4005,3252,"{'type': 'Point', 'coordinates': [-80.9731335, 35.1043758]}",37119005931,RISKBEH,LPA,CrdPrv,Physical Inactivity
2023,NC,North Carolina,Montgomery,37123,37123960401,BRFSS,Health Risk Behaviors,No leisure-time physical activity among adults,%,Crude prevalence,29.7,24.9,35.1,1975,1558,"{'type': 'Point', 'coordinates': [-80.0045104, 35.1902456]}",37123960401,RISKBEH,LPA,CrdPrv,Physical Inactivity
2023,NC,North Carolina,Pender,37141,37141920106,BRFSS,Health Risk Behaviors,No leisure-time physical activity among adults,%,Crude prevalence,16.7,13.3,20.8,1813,1571,"{'type': 'Point', 'coordinates': [-77.6475721, 34.3663709]}",37141920106,RISKBEH,LPA,CrdPrv,Physical Inactivity
2023,NC,North Carolina,Moore,37125,37125950404,BRFSS,Health Risk Behaviors,No leisure-time physical activity among adults,%,Crude prevalence,24.1,19.6,28.9,2368,1883,"{'type': 'Point', 'coordinates': [-79.4927248, 35.3082717]}",37125950404,RISKBEH,LPA,CrdPrv,Physical Inactivity
2023,NC,North Carolina,Mecklenburg,37119,37119006219,BRFSS,Health Risk Behaviors,No leisure-time physical activity among adults,%,Crude prevalence,13.4,10.6,16.6,2341,1903,"{'type': 'Point', 'coordinates': [-80.9224796, 35.463181]}",37119006219,RISKBEH,LPA,CrdPrv,Physical Inactivity
2023,NC,North Carolina,Nash,37127,37127010506,BRFSS,Health Risk Behaviors,No leisure-time physical activity among adults,%,Crude prevalence,26.4,21.7,31.6,3760,2993,"{'type': 'Point', 'coordinates': [-77.8379122, 35.9582763]}",37127010506,RISKBEH,LPA,CrdPrv,Physical Inactivity
2023,NC,North Carolina,Mecklenburg,37119,37119006216,BRFSS,Health Risk Behaviors,No leisure-time physical activity among adults,%,Crude prevalence,16.1,13.0,19.4,2062,1649,"{'type': 'Point', 'coordinates': [-80.8904282, 35.5134331]}",37119006216,RISKBEH,LPA,CrdPrv,Physical Inactivity
2023,NC,North Carolina,Onslow,37133,37133000401,BRFSS,Health Risk Behaviors,No leisure-time physical activity among adults,%,Crude prevalence,16.8,13.8,20.4,9813,7479,"{'type': 'Point', 'coordinates': [-77.521255, 34.5360766]}",37133000401,RISKBEH,LPA,CrdPrv,Physical Inactivity
2023,NC,North Carolina,Person,37145,37145920100,BRFSS,Health Risk Behaviors,No leisure-time physical activity among adults,%,Crude prevalence,28.7,23.9,33.9,6861,5466,"{'type': 'Point', 'coordinates': [-78.8677968, 36.4322633]}",37145920100,RISKBEH,LPA,CrdPrv,Physical Inactivity
2023,NC,North Carolina,Person,37145,37145920500,BRFSS,Health Risk Behaviors,No leisure-time physical activity among adults,%,Crude prevalence,25.5,21.2,30.0,7061,5616,"{'type': 'Point', 'coordinates': [-78.8856158, 36.2936322]}",37145920500,RISKBEH,LPA,CrdPrv,Physical Inactivity
2023,NC,North Carolina,New Hanover,37129,37129011609,BRFSS,Health Risk Behaviors,No leisure-time physical activity among adults,%,Crude prevalence,23.0,19.2,27.1,4534,3552,"{'type': 'Point', 'coordinates': [-77.8913034, 34.2987251]}",37129011609,RISKBEH,LPA,CrdPrv,Physical Inactivity
2023,NC,North Carolina,Pitt,37147,37147001100,BRFSS,Health Risk Behaviors,No leisure-time physical activity among adults,%,Crude prevalence,24.9,20.8,29.2,5082,3819,"{'type': 'Point', 'coordinates': [-77.2184501, 35.5003236]}",37147001100,RISKBEH,LPA,CrdPrv,Physical Inactivity
2023,NC,North Carolina,Onslow,37133,37133002400,BRFSS,Health Risk Behaviors,No leisure-time physical activity among adults,%,Crude prevalence,23.9,20.1,28.4,7558,5361,"{'type': 'Point', 'coordinates': [-77.3129985, 34.740898]}",37133002400,RISKBEH,LPA,CrdPrv,Physical Inactivity
2023,NC,North Carolina,Mecklenburg,37119,37119005868,BRFSS,Health Risk Behaviors,No leisure-time physical activity among adults,%,Crude prevalence,29.5,25.0,34.3,1961,1593,"{'type': 'Point', 'coordinates': [-80.901776, 35.0769908]}",37119005868,RISKBEH,LPA,CrdPrv,Physical Inactivity
2023,NC,North Carolina,New Hanover,37129,37129010800,BRFSS,Health Risk Behaviors,No leisure-time physical activity among adults,%,Crude prevalence,38.3,32.7,43.5,2371,1762,"{'type': 'Point', 'coordinates': [-77.9463029, 34.1834766]}",37129010800,RISKBEH,LPA,CrdPrv,Physical Inactivity
2023,NC,North Carolina,Orange,37135,37135010804,BRFSS,Health Risk Behaviors,No leisure-time physical activity among adults,%,Crude prevalence,23.9,19.8,28.3,1930,1574,"{'type': 'Point', 'coordinates': [-79.1615133, 36.2057843]}",37135010804,RISKBEH,LPA,CrdPrv,Physical Inactivity
2023,NC,North Carolina,Orange,37135,37135012201,BRFSS,Health Risk Behaviors,No leisure-time physical activity among adults,%,Crude prevalence,13.4,10.6,16.4,3084,2427,"{'type': 'Point', 'coordinates': [-79.0383129, 35.8840523]}",37135012201,RISKBEH,LPA,CrdPrv,Physical Inactivity
2023,NC,North Carolina,Nash,37127,37127011000,BRFSS,Health Risk Behaviors,No leisure-time physical activity among adults,%,Crude prevalence,33.0,27.6,38.3,4235,3390,"{'type': 'Point', 'coordinates': [-78.1065371, 35.9472561]}",37127011000,RISKBEH,LPA,CrdPrv,Physical Inactivity
2023,NC,North Carolina,Mecklenburg,37119,37119005923,BRFSS,Health Risk Behaviors,No leisure-time physical activity among adults,%,Crude prevalence,21.0,17.5,24.7,4997,3760,"{'type': 'Point', 'coordinates': [-80.975906, 35.1472585]}",37119005923,RISKBEH,LPA,CrdPrv,Physical Inactivity
2023,NC,North Carolina,Randolph,37151,37151030600,BRFSS,Health Risk Behaviors,No leisure-time physical activity among adults,%,Crude prevalence,22.9,18.6,28.2,6668,5287,"{'type': 'Point', 'coordinates': [-79.8912509, 35.667605]}",37151030600,RISKBEH,LPA,CrdPrv,Physical Inactivity
2023,NC,North Carolina,Moore,37125,37125950507,BRFSS,Health Risk Behaviors,No leisure-time physical activity among adults,%,Crude prevalence,23.8,19.5,28.2,4252,3207,"{'type': 'Point', 'coordinates': [-79.3013767, 35.2547618]}",37125950507,RISKBEH,LPA,CrdPrv,Physical Inactivity
2023,NC,North Carolina,Pender,37141,37141920202,BRFSS,Health Risk Behaviors,No leisure-time physical activity among adults,%,Crude prevalence,17.1,13.9,20.7,8993,6797,"{'type': 'Point', 'coordinates': [-77.7145103, 34.3561045]}",37141920202,RISKBEH,LPA,CrdPrv,Physical Inactivity
2023,NC,North Carolina,New Hanover,37129,37129011904,BRFSS,Health Risk Behaviors,No leisure-time physical activity among adults,%,Crude prevalence,17.3,13.7,21.4,2812,2464,"{'type': 'Point', 'coordinates': [-77.8414861, 34.2300513]}",37129011904,RISKBEH,LPA,CrdPrv,Physical Inactivity
2023,NC,North Carolina,Pitt,37147,37147001305,BRFSS,Health Risk Behaviors,No leisure-time physical activity among adults,%,Crude prevalence,20.5,17.1,24.3,4571,3422,"{'type': 'Point', 'coordinates': [-77.3605601, 35.5471781]}",37147001305,RISKBEH,LPA,CrdPrv,Physical Inactivity
2023,NC,North Carolina,Nash,37127,37127010801,BRFSS,Health Risk Behaviors,No leisure-time physical activity among adults,%,Crude prevalence,33.8,28.4,39.5,1316,1077,"{'type': 'Point', 'coordinates': [-77.8523288, 36.1126855]}",37127010801,RISKBEH,LPA,CrdPrv,Physical Inactivity
2023,NC,North Carolina,Montgomery,37123,37123960101,BRFSS,Health Risk Behaviors,No leisure-time physical activity among adults,%,Crude prevalence,30.0,24.9,35.0,1622,1276,"{'type': 'Point', 'coordinates': [-79.7651259, 35.4121817]}",37123960101,RISKBEH,LPA,CrdPrv,Physical Inactivity
2023,NC,North Carolina,Nash,37127,37127010503,BRFSS,Health Risk Behaviors,No leisure-time physical activity among adults,%,Crude prevalence,25.5,20.6,30.2,2814,2281,"{'type': 'Point', 'coordinates': [-77.8587536, 35.9867684]}",37127010503,RISKBEH,LPA,CrdPrv,Physical Inactivity
2023,NC,North Carolina,New Hanover,37129,37129012006,BRFSS,Health Risk Behaviors,No leisure-time physical activity among adults,%,Crude prevalence,17.3,13.8,21.2,4274,3434,"{'type': 'Point', 'coordinates': [-77.8975648, 34.1869451]}",37129012006,RISKBEH,LPA,CrdPrv,Physical Inactivity
2023,NC,North Carolina,Person,37145,37145920602,BRFSS,Health Risk Behaviors,No leisure-time physical activity among adults,%,Crude prevalence,23.6,19.4,28.2,4798,3774,"{'type': 'Point', 'coordinates': [-79.0406448, 36.2702186]}",37145920602,RISKBEH,LPA,CrdPrv,Physical Inactivity
2023,NC,North Carolina,Pitt,37147,37147000304,BRFSS,Health Risk Behaviors,No leisure-time physical activity among adults,%,Crude prevalence,19.6,15.7,23.7,5083,4086,"{'type': 'Point', 'coordinates': [-77.3307353, 35.585689]}",37147000304,RISKBEH,LPA,CrdPrv,Physical Inactivity
2023,NC,North Carolina,Onslow,37133,37133001800,BRFSS,Health Risk Behaviors,No leisure-time physical activity among adults,%,Crude prevalence,23.6,19.7,28.2,1749,1447,"{'type': 'Point', 'coordinates': [-77.4292266, 34.746992]}",37133001800,RISKBEH,LPA,CrdPrv,Physical Inactivity
2023,NC,North Carolina,Perquimans,37143,37143920202,BRFSS,Health Risk Behaviors,No leisure-time physical activity among adults,%,Crude prevalence,25.4,20.3,30.7,3654,3126,"{'type': 'Point', 'coordinates': [-76.3650786, 36.0946746]}",37143920202,RISKBEH,LPA,CrdPrv,Physical Inactivity
2023,NC,North Carolina,Mecklenburg,37119,37119005913,BRFSS,Health Risk Behaviors,No leisure-time physical activity among adults,%,Crude prevalence,24.6,20.4,28.7,6679,5177,"{'type': 'Point', 'coordinates': [-80.9569047, 35.1405167]}",37119005913,RISKBEH,LPA,CrdPrv,Physical Inactivity
2023,NC,North Carolina,Mecklenburg,37119,37119005924,BRFSS,Health Risk Behaviors,No leisure-time physical activity among adults,%,Crude prevalence,20.8,17.5,24.5,5197,3879,"{'type': 'Point', 'coordinates': [-80.9962399, 35.1329568]}",37119005924,RISKBEH,LPA,CrdPrv,Physical Inactivity
2023,NC,North Carolina,Onslow,37133,37133000306,BRFSS,Health Risk Behaviors,No leisure-time physical activity among adults,%,Crude prevalence,22.1,18.2,26.2,6847,4968,"{'type': 'Point', 'coordinates': [-77.5371016, 34.6643435]}",37133000306,RISKBEH,LPA,CrdPrv,Physical Inactivity
2023,NC,North Carolina,Mecklenburg,37119,37119006220,BRFSS,Health Risk Behaviors,No leisure-time physical activity among adults,%,Crude prevalence,15.4,12.3,19.1,2960,2556,"{'type': 'Point', 'coordinates': [-80.926122, 35.4401937]}",37119006220,RISKBEH,LPA,CrdPrv,Physical Inactivity
2023,NC,North Carolina,Randolph,37151,37151030504,BRFSS,Health Risk Behaviors,No leisure-time physical activity among adults,%,Crude prevalence,29.7,24.9,34.7,5871,4592,"{'type': 'Point', 'coordinates': [-79.9928918, 35.7514106]}",37151030504,RISKBEH,LPA,CrdPrv,Physical Inactivity
2023,NC,North Carolina,New Hanover,37129,37129012010,BRFSS,Health Risk Behaviors,No leisure-time physical activity among adults,%,Crude prevalence,15.5,12.5,18.7,5375,4107,"{'type': 'Point', 'coordinates': [-77.8772673, 34.1639998]}",37129012010,RISKBEH,LPA,CrdPrv,Physical Inactivity
2023,NC,North Carolina,Pender,37141,37141920201,BRFSS,Health Risk Behaviors,No leisure-time physical activity among adults,%,Crude prevalence,17.1,13.4,21.2,7882,5932,"{'type': 'Point', 'coordinates': [-77.6218025, 34.401848]}",37141920201,RISKBEH,LPA,CrdPrv,Physical Inactivity
2023,NC,North Carolina,Onslow,37133,37133000600,BRFSS,Health Risk Behaviors,No leisure-time physical activity among adults,%,Crude prevalence,11.5,8.7,14.7,13330,13289,"{'type': 'Point', 'coordinates': [-77.3420563, 34.664168]}",37133000600,RISKBEH,LPA,CrdPrv,Physical Inactivity
2023,NC,North Carolina,Orange,37135,37135011602,BRFSS,Health Risk Behaviors,No leisure-time physical activity among adults,%,Crude prevalence,22.4,18.0,27.4,6498,6381,"{'type': 'Point', 'coordinates': [-79.0461029, 35.9035166]}",37135011602,RISKBEH,LPA,CrdPrv,Physical Inactivity
2023,NC,North Carolina,Polk,37149,37149920104,BRFSS,Health Risk Behaviors,No leisure-time physical activity among adults,%,Crude prevalence,25.8,20.4,31.0,3001,2546,"{'type': 'Point', 'coordinates': [-82.1835273, 35.2423288]}",37149920104,RISKBEH,LPA,CrdPrv,Physical Inactivity
2023,NC,North Carolina,Pitt,37147,37147001001,BRFSS,Health Risk Behaviors,No leisure-time physical activity among adults,%,Crude prevalence,20.5,17.0,24.2,2206,1617,"{'type': 'Point', 'coordinates': [-77.246287, 35.5932533]}",37147001001,RISKBEH,LPA,CrdPrv,Physical Inactivity
2023,NC,North Carolina,Moore,37125,37125950304,BRFSS,Health Risk Behaviors,No leisure-time physical activity among adults,%,Crude prevalence,25.2,21.0,29.8,2853,2214,"{'type': 'Point', 'coordinates': [-79.6281541, 35.3162841]}",37125950304,RISKBEH,LPA,CrdPrv,Physical Inactivity
2023,NC,North Carolina,Onslow,37133,37133002300,BRFSS,Health Risk Behaviors,No leisure-time physical activity among adults,%,Crude prevalence,20.1,16.6,24.2,4431,3263,"{'type': 'Point', 'coordinates': [-77.3193936, 34.7610906]}",37133002300,RISKBEH,LPA,CrdPrv,Physical Inactivity
2023,NC,North Carolina,Pamlico,37137,37137950204,BRFSS,Health Risk Behaviors,No leisure-time physical activity among adults,%,Crude prevalence,24.0,19.8,28.6,1863,1566,"{'type': 'Point', 'coordinates': [-76.7961341, 35.0642214]}",37137950204,RISKBEH,LPA,CrdPrv,Physical Inactivity
2023,NC,North Carolina,Orange,37135,37135010902,BRFSS,Health Risk Behaviors,No leisure-time physical activity among adults,%,Crude prevalence,22.2,18.4,26.5,6584,4919,"{'type': 'Point', 'coordinates': [-79.0764532, 36.0408631]}",37135010902,RISKBEH,LPA,CrdPrv,Physical Inactivity
2023,NC,North Carolina,New Hanover,37129,37129011501,BRFSS,Health Risk Behaviors,No leisure-time physical activity among adults,%,Crude prevalence,24.2,19.6,29.1,2581,2407,"{'type': 'Point', 'coordinates': [-77.8665951, 34.2376316]}",37129011501,RISKBEH,LPA,CrdPrv,Physical Inactivity
2023,NC,North Carolina,Mecklenburg,37119,37119006305,BRFSS,Health Risk Behaviors,No leisure-time physical activity among adults,%,Crude prevalence,15.6,12.6,19.1,3824,2824,"{'type': 'Point', 'coordinates': [-80.782766, 35.4040218]}",37119006305,RISKBEH,LPA,CrdPrv,Physical Inactivity
2023,NC,North Carolina,Mecklenburg,37119,37119006309,BRFSS,Health Risk Behaviors,No leisure-time physical activity among adults,%,Crude prevalence,24.4,20.5,28.8,2251,1677,"{'type': 'Point', 'coordinates': [-80.8496384, 35.4182091]}",37119006309,RISKBEH,LPA,CrdPrv,Physical Inactivity
2023,NC,North Carolina,Mecklenburg,37119,37119006407,BRFSS,Health Risk Behaviors,No leisure-time physical activity among adults,%,Crude prevalence,15.7,12.9,18.9,3734,2640,"{'type': 'Point', 'coordinates': [-80.8524109, 35.4509388]}",37119006407,RISKBEH,LPA,CrdPrv,Physical Inactivity
2023,NC,North Carolina,Orange,37135,37135011209,BRFSS,Health Risk Behaviors,No leisure-time physical activity among adults,%,Crude prevalence,15.9,12.7,19.7,2971,2387,"{'type': 'Point', 'coordinates': [-79.1297051, 35.9758709]}",37135011209,RISKBEH,LPA,CrdPrv,Physical Inactivity
2023,NC,North Carolina,Mecklenburg,37119,37119005925,BRFSS,Health Risk Behaviors,No leisure-time physical activity among adults,%,Crude prevalence,17.3,14.4,20.6,3254,2439,"{'type': 'Point', 'coordinates': [-80.998484, 35.0788023]}",37119005925,RISKBEH,LPA,CrdPrv,Physical Inactivity
2023,NC,North Carolina,Onslow,37133,37133001201,BRFSS,Health Risk Behaviors,No leisure-time physical activity among adults,%,Crude prevalence,22.3,18.5,26.5,3367,2373,"{'type': 'Point', 'coordinates': [-77.4548748, 34.8351636]}",37133001201,RISKBEH,LPA,CrdPrv,Physical Inactivity
2023,NC,North Carolina,Orange,37135,37135012202,BRFSS,Health Risk Behaviors,No leisure-time physical activity among adults,%,Crude prevalence,14.0,11.2,17.4,5449,4125,"{'type': 'Point', 'coordinates': [-79.0736819, 35.8872108]}",37135012202,RISKBEH,LPA,CrdPrv,Physical Inactivity
2023,NC,North Carolina,Mecklenburg,37119,37119005866,BRFSS,Health Risk Behaviors,No leisure-time physical activity among adults,%,Crude prevalence,20.5,17.2,24.0,4190,3410,"{'type': 'Point', 'coordinates': [-80.7259333, 35.1345026]}",37119005866,RISKBEH,LPA,CrdPrv,Physical Inactivity
2023,NC,North Carolina,New Hanover,37129,37129011502,BRFSS,Health Risk Behaviors,No leisure-time physical activity among adults,%,Crude prevalence,19.8,15.8,24.3,5494,5249,"{'type': 'Point', 'coordinates': [-77.8629829, 34.2253187]}",37129011502,RISKBEH,LPA,CrdPrv,Physical Inactivity
2023,NC,North Carolina,Moore,37125,37125951200,BRFSS,Health Risk Behaviors,No leisure-time physical activity among adults,%,Crude prevalence,22.4,18.4,26.5,4802,3685,"{'type': 'Point', 'coordinates': [-79.5034713, 35.1033264]}",37125951200,RISKBEH,LPA,CrdPrv,Physical Inactivity
2023,NC,North Carolina,New Hanover,37129,37129012004,BRFSS,Health Risk Behaviors,No leisure-time physical activity among adults,%,Crude prevalence,14.7,11.8,18.0,3830,2977,"{'type': 'Point', 'coordinates': [-77.8568318, 34.1734304]}",37129012004,RISKBEH,LPA,CrdPrv,Physical Inactivity
2023,NC,North Carolina,Randolph,37151,37151030202,BRFSS,Health Risk Behaviors,No leisure-time physical activity among adults,%,Crude prevalence,29.4,24.5,34.5,4962,3851,"{'type': 'Point', 'coordinates': [-79.8021698, 35.666331]}",37151030202,RISKBEH,LPA,CrdPrv,Physical Inactivity
2023,NC,North Carolina,Mecklenburg,37119,37119006209,BRFSS,Health Risk Behaviors,No leisure-time physical activity among adults,%,Crude prevalence,16.7,13.8,19.8,4870,4039,"{'type': 'Point', 'coordinates': [-80.8795779, 35.4514941]}",37119006209,RISKBEH,LPA,CrdPrv,Physical Inactivity
2023,NC,North Carolina,Onslow,37133,37133000305,BRFSS,Health Risk Behaviors,No leisure-time physical activity among adults,%,Crude prevalence,22.7,18.9,27.2,3151,2248,"{'type': 'Point', 'coordinates': [-77.5800787, 34.7087139]}",37133000305,RISKBEH,LPA,CrdPrv,Physical Inactivity
2023,NC,North Carolina,Moore,37125,37125950900,BRFSS,Health Risk Behaviors,No leisure-time physical activity among adults,%,Crude prevalence,18.3,14.1,22.7,2430,2064,"{'type': 'Point', 'coordinates': [-79.3936803, 35.1759668]}",37125950900,RISKBEH,LPA,CrdPrv,Physical Inactivity
2023,NC,North Carolina,Randolph,37151,37151031305,BRFSS,Health Risk Behaviors,No leisure-time physical activity among adults,%,Crude prevalence,32.0,26.6,37.8,3706,2943,"{'type': 'Point', 'coordinates': [-79.8075195, 35.8717915]}",37151031305,RISKBEH,LPA,CrdPrv,Physical Inactivity
2023,NC,North Carolina,Randolph,37151,37151031001,BRFSS,Health Risk Behaviors,No leisure-time physical activity among adults,%,Crude prevalence,33.3,28.3,38.7,2881,2212,"{'type': 'Point', 'coordinates': [-79.6116284, 35.7228398]}",37151031001,RISKBEH,LPA,CrdPrv,Physical Inactivity
2023,NC,North Carolina,Onslow,37133,37133000203,BRFSS,Health Risk Behaviors,No leisure-time physical activity among adults,%,Crude prevalence,17.4,14.2,21.1,4668,3131,"{'type': 'Point', 'coordinates': [-77.5201825, 34.9163321]}",37133000203,RISKBEH,LPA,CrdPrv,Physical Inactivity
2023,NC,North Carolina,Pamlico,37137,37137950202,BRFSS,Health Risk Behaviors,No leisure-time physical activity among adults,%,Crude prevalence,21.8,17.7,26.4,2134,1959,"{'type': 'Point', 'coordinates': [-76.6255826, 35.1140025]}",37137950202,RISKBEH,LPA,CrdPrv,Physical Inactivity
2023,NC,North Carolina,Orange,37135,37135012103,BRFSS,Health Risk Behaviors,No leisure-time physical activity among adults,%,Crude prevalence,15.1,11.9,18.7,2764,2098,"{'type': 'Point', 'coordinates': [-79.0172614, 35.9112531]}",37135012103,RISKBEH,LPA,CrdPrv,Physical Inactivity
2023,NC,North Carolina,New Hanover,37129,37129012111,BRFSS,Health Risk Behaviors,No leisure-time physical activity among adults,%,Crude prevalence,21.4,17.5,25.6,5752,4979,"{'type': 'Point', 'coordinates': [-77.9331457, 34.1510048]}",37129012111,RISKBEH,LPA,CrdPrv,Physical Inactivity
2023,NC,North Carolina,Mecklenburg,37119,37119005921,BRFSS,Health Risk Behaviors,No leisure-time physical activity among adults,%,Crude prevalence,17.0,14.1,20.3,3426,2787,"{'type': 'Point', 'coordinates': [-80.9781234, 35.1670732]}",37119005921,RISKBEH,LPA,CrdPrv,Physical Inactivity
2023,NC,North Carolina,Mecklenburg,37119,37119006210,BRFSS,Health Risk Behaviors,No leisure-time physical activity among adults,%,Crude prevalence,16.4,13.2,20.1,4744,3482,"{'type': 'Point', 'coordinates': [-80.8938864, 35.4214679]}",37119006210,RISKBEH,LPA,CrdPrv,Physical Inactivity
2023,NC,North Carolina,Mecklenburg,37119,37119006306,BRFSS,Health Risk Behaviors,No leisure-time physical activity among adults,%,Crude prevalence,17.6,14.2,21.3,1744,1396,"{'type': 'Point', 'coordinates': [-80.8391093, 35.3920017]}",37119006306,RISKBEH,LPA,CrdPrv,Physical Inactivity
2023,NC,North Carolina,Orange,37135,37135011300,BRFSS,Health Risk Behaviors,No leisure-time physical activity among adults,%,Crude prevalence,28.6,22.6,35.7,3132,2781,"{'type': 'Point', 'coordinates': [-79.0622576, 35.9187011]}",37135011300,RISKBEH,LPA,CrdPrv,Physical Inactivity
2023,NC,North Carolina,Mecklenburg,37119,37119006308,BRFSS,Health Risk Behaviors,No leisure-time physical activity among adults,%,Crude prevalence,14.6,11.7,17.8,4247,3136,"{'type': 'Point', 'coordinates': [-80.8530597, 35.4342051]}",37119006308,RISKBEH,LPA,CrdPrv,Physical Inactivity
2023,NC,North Carolina,New Hanover,37129,37129010100,BRFSS,Health Risk Behaviors,No leisure-time physical activity among adults,%,Crude prevalence,34.6,29.0,39.9,2447,1959,"{'type': 'Point', 'coordinates': [-77.9365256, 34.2420854]}",37129010100,RISKBEH,LPA,CrdPrv,Physical Inactivity
2023,NC,North Carolina,Pamlico,37137,37137950104,BRFSS,Health Risk Behaviors,No leisure-time physical activity among adults,%,Crude prevalence,31.5,26.5,36.7,1094,930,"{'type': 'Point', 'coordinates': [-76.6113935, 35.2455578]}",37137950104,RISKBEH,LPA,CrdPrv,Physical Inactivity
2023,NC,North Carolina,Onslow,37133,37133002801,BRFSS,Health Risk Behaviors,No leisure-time physical activity among adults,%,Crude prevalence,22.1,18.0,26.8,2049,1601,"{'type': 'Point', 'coordinates': [-77.1676, 34.6467773]}",37133002801,RISKBEH,LPA,CrdPrv,Physical Inactivity
2023,NC,North Carolina,Montgomery,37123,37123960301,BRFSS,Health Risk Behaviors,No leisure-time physical activity among adults,%,Crude prevalence,21.3,16.9,26.1,1629,1355,"{'type': 'Point', 'coordinates': [-80.0148631, 35.3421484]}",37123960301,RISKBEH,LPA,CrdPrv,Physical Inactivity
2023,NC,North Carolina,Onslow,37133,37133000207,BRFSS,Health Risk Behaviors,No leisure-time physical activity among adults,%,Crude prevalence,24.1,20.1,28.7,4065,2986,"{'type': 'Point', 'coordinates': [-77.6168375, 34.9654158]}",37133000207,RISKBEH,LPA,CrdPrv,Physical Inactivity
2023,NC,North Carolina,Onslow,37133,37133002803,BRFSS,Health Risk Behaviors,No leisure-time physical activity among adults,%,Crude prevalence,21.2,17.5,25.7,6081,4529,"{'type': 'Point', 'coordinates': [-77.2065931, 34.7000309]}",37133002803,RISKBEH,LPA,CrdPrv,Physical Inactivity
2023,NC,North Carolina,Mecklenburg,37119,37119005910,BRFSS,Health Risk Behaviors,No leisure-time physical activity among adults,%,Crude prevalence,20.4,17.0,24.0,5524,4152,"{'type': 'Point', 'coordinates': [-81.000603, 35.1091547]}",37119005910,RISKBEH,LPA,CrdPrv,Physical Inactivity
2023,NC,North Carolina,Orange,37135,37135011903,BRFSS,Health Risk Behaviors,No leisure-time physical activity among adults,%,Crude prevalence,16.6,13.3,20.3,2162,1688,"{'type': 'Point', 'coordinates': [-79.0525606, 35.9533415]}",37135011903,RISKBEH,LPA,CrdPrv,Physical Inactivity
2023,NC,North Carolina,Moore,37125,37125951002,BRFSS,Health Risk Behaviors,No leisure-time physical activity among adults,%,Crude prevalence,15.3,11.9,18.9,1178,880,"{'type': 'Point', 'coordinates': [-79.3784731, 35.1241655]}",37125951002,RISKBEH,LPA,CrdPrv,Physical Inactivity
2023,NC,North Carolina,Onslow,37133,37133000902,BRFSS,Health Risk Behaviors,No leisure-time physical activity among adults,%,Crude prevalence,20.5,16.2,25.3,3877,2902,"{'type': 'Point', 'coordinates': [-77.39805, 34.7348039]}",37133000902,RISKBEH,LPA,CrdPrv,Physical Inactivity
2023,NC,North Carolina,Moore,37125,37125950503,BRFSS,Health Risk Behaviors,No leisure-time physical activity among adults,%,Crude prevalence,22.5,18.1,27.0,3098,2335,"{'type': 'Point', 'coordinates': [-79.2705142, 35.3184967]}",37125950503,RISKBEH,LPA,CrdPrv,Physical Inactivity
2023,NC,North Carolina,Orange,37135,37135011601,BRFSS,Health Risk Behaviors,No leisure-time physical activity among adults,%,Crude prevalence,31.7,26.1,37.5,2114,2103,"{'type': 'Point', 'coordinates': [-79.0501945, 35.9113298]}",37135011601,RISKBEH,LPA,CrdPrv,Physical Inactivity
2023,NC,North Carolina,Moore,37125,37125951001,BRFSS,Health Risk Behaviors,No leisure-time physical activity among adults,%,Crude prevalence,16.6,13.4,20.6,4246,3582,"{'type': 'Point', 'coordinates': [-79.3394547, 35.1844808]}",37125951001,RISKBEH,LPA,CrdPrv,Physical Inactivity
2023,NC,North Carolina,New Hanover,37129,37129010504,BRFSS,Health Risk Behaviors,No leisure-time physical activity among adults,%,Crude prevalence,20.4,16.4,25.1,6176,5278,"{'type': 'Point', 'coordinates': [-77.8969909, 34.2331061]}",37129010504,RISKBEH,LPA,CrdPrv,Physical Inactivity
2023,NC,North Carolina,New Hanover,37129,37129012203,BRFSS,Health Risk Behaviors,No leisure-time physical activity among adults,%,Crude prevalence,17.9,14.0,22.3,2199,1940,"{'type': 'Point', 'coordinates': [-77.9418875, 33.9732686]}",37129012203,RISKBEH,LPA,CrdPrv,Physical Inactivity
2023,NC,North Carolina,Montgomery,37123,37123960201,BRFSS,Health Risk Behaviors,No leisure-time physical activity among adults,%,Crude prevalence,22.0,17.7,26.5,1995,1638,"{'type': 'Point', 'coordinates': [-79.8582003, 35.4381713]}",37123960201,RISKBEH,LPA,CrdPrv,Physical Inactivity
2023,NC,North Carolina,Pitt,37147,37147000501,BRFSS,Health Risk Behaviors,No leisure-time physical activity among adults,%,Crude prevalence,23.7,19.8,27.9,6457,5165,"{'type': 'Point', 'coordinates': [-77.3829534, 35.5710281]}",37147000501,RISKBEH,LPA,CrdPrv,Physical Inactivity
2023,NC,North Carolina,Mecklenburg,37119,37119006009,BRFSS,Health Risk Behaviors,No leisure-time physical activity among adults,%,Crude prevalence,24.3,20.0,28.7,3289,2482,"{'type': 'Point', 'coordinates': [-80.9585416, 35.2912818]}",37119006009,RISKBEH,LPA,CrdPrv,Physical Inactivity
2023,NC,North Carolina,Moore,37125,37125950504,BRFSS,Health Risk Behaviors,No leisure-time physical activity among adults,%,Crude prevalence,18.9,15.1,23.0,3548,2555,"{'type': 'Point', 'coordinates': [-79.2063611, 35.2319483]}",37125950504,RISKBEH,LPA,CrdPrv,Physical Inactivity
2023,NC,North Carolina,New Hanover,37129,37129011611,BRFSS,Health Risk Behaviors,No leisure-time physical activity among adults,%,Crude prevalence,18.8,15.2,22.7,6606,5128,"{'type': 'Point', 'coordinates': [-77.8375029, 34.2773287]}",37129011611,RISKBEH,LPA,CrdPrv,Physical Inactivity
2023,NC,North Carolina,Randolph,37151,37151031504,BRFSS,Health Risk Behaviors,No leisure-time physical activity among adults,%,Crude prevalence,23.1,18.7,27.8,5368,4242,"{'type': 'Point', 'coordinates': [-79.9504024, 35.8980899]}",37151031504,RISKBEH,LPA,CrdPrv,Physical Inactivity
2023,NC,North Carolina,Randolph,37151,37151031002,BRFSS,Health Risk Behaviors,No leisure-time physical activity among adults,%,Crude prevalence,31.6,26.9,36.8,4446,3425,"{'type': 'Point', 'coordinates': [-79.6126489, 35.7780822]}",37151031002,RISKBEH,LPA,CrdPrv,Physical Inactivity
2023,NC,North Carolina,Pitt,37147,37147001002,BRFSS,Health Risk Behaviors,No leisure-time physical activity among adults,%,Crude prevalence,20.4,16.8,24.3,6668,4988,"{'type': 'Point', 'coordinates': [-77.259815, 35.5648033]}",37147001002,RISKBEH,LPA,CrdPrv,Physical Inactivity
2023,NC,North Carolina,Mecklenburg,37119,37119006214,BRFSS,Health Risk Behaviors,No leisure-time physical activity among adults,%,Crude prevalence,16.4,13.5,19.9,4263,3147,"{'type': 'Point', 'coordinates': [-80.8923273, 35.3974232]}",37119006214,RISKBEH,LPA,CrdPrv,Physical Inactivity
2023,NC,North Carolina,Orange,37135,37135010705,BRFSS,Health Risk Behaviors,No leisure-time physical activity among adults,%,Crude prevalence,15.0,12.0,18.7,5036,4083,"{'type': 'Point', 'coordinates': [-79.0800457, 35.9181917]}",37135010705,RISKBEH,LPA,CrdPrv,Physical Inactivity
2023,NC,North Carolina,Northampton,37131,37131920102,BRFSS,Health Risk Behaviors,No leisure-time physical activity among adults,%,Crude prevalence,29.6,24.7,35.0,1432,1180,"{'type': 'Point', 'coordinates': [-77.3053634, 36.4260799]}",37131920102,RISKBEH,LPA,CrdPrv,Physical Inactivity
2023,NC,North Carolina,Person,37145,37145920300,BRFSS,Health Risk Behaviors,No leisure-time physical activity among adults,%,Crude prevalence,35.3,30.3,41.2,6168,4716,"{'type': 'Point', 'coordinates': [-78.9704155, 36.418956]}",37145920300,RISKBEH,LPA,CrdPrv,Physical Inactivity
2023,NC,North Carolina,New Hanover,37129,37129011905,BRFSS,Health Risk Behaviors,No leisure-time physical activity among adults,%,Crude prevalence,19.5,15.5,23.9,2441,2023,"{'type': 'Point', 'coordinates': [-77.8519746, 34.2124138]}",37129011905,RISKBEH,LPA,CrdPrv,Physical Inactivity
2023,NC,North Carolina,Orange,37135,37135011001,BRFSS,Health Risk Behaviors,No leisure-time physical activity among adults,%,Crude prevalence,15.4,12.6,18.9,4733,3580,"{'type': 'Point', 'coordinates': [-79.0869286, 36.0901953]}",37135011001,RISKBEH,LPA,CrdPrv,Physical Inactivity
2023,NC,North Carolina,Pitt,37147,37147000607,BRFSS,Health Risk Behaviors,No leisure-time physical activity among adults,%,Crude prevalence,22.0,18.2,26.0,8700,6102,"{'type': 'Point', 'coordinates': [-77.4224956, 35.5617432]}",37147000607,RISKBEH,LPA,CrdPrv,Physical Inactivity
2023,NC,North Carolina,Randolph,37151,37151030700,BRFSS,Health Risk Behaviors,No leisure-time physical activity among adults,%,Crude prevalence,26.9,22.3,32.0,6138,4803,"{'type': 'Point', 'coordinates': [-79.946115, 35.5925546]}",37151030700,RISKBEH,LPA,CrdPrv,Physical Inactivity
2023,NC,North Carolina,Nash,37127,37127010200,BRFSS,Health Risk Behaviors,No leisure-time physical activity among adults,%,Crude prevalence,39.7,33.8,45.8,5058,3783,"{'type': 'Point', 'coordinates': [-77.8225507, 35.9092682]}",37127010200,RISKBEH,LPA,CrdPrv,Physical Inactivity
2023,NC,North Carolina,New Hanover,37129,37129010300,BRFSS,Health Risk Behaviors,No leisure-time physical activity among adults,%,Crude prevalence,31.0,26.0,36.4,5755,4332,"{'type': 'Point', 'coordinates': [-77.914054, 34.2509025]}",37129010300,RISKBEH,LPA,CrdPrv,Physical Inactivity
2023,NC,North Carolina,Orange,37135,37135011002,BRFSS,Health Risk Behaviors,No leisure-time physical activity among adults,%,Crude prevalence,20.1,16.3,24.2,4291,3496,"{'type': 'Point', 'coordinates': [-79.1041628, 36.0689132]}",37135011002,RISKBEH,LPA,CrdPrv,Physical Inactivity
2023,NC,North Carolina,Nash,37127,37127010601,BRFSS,Health Risk Behaviors,No leisure-time physical activity among adults,%,Crude prevalence,25.7,21.1,30.9,2578,2047,"{'type': 'Point', 'coordinates': [-77.8134065, 35.9949318]}",37127010601,RISKBEH,LPA,CrdPrv,Physical Inactivity
2023,NC,North Carolina,New Hanover,37129,37129011606,BRFSS,Health Risk Behaviors,No leisure-time physical activity among adults,%,Crude prevalence,23.1,18.5,27.9,4407,3609,"{'type': 'Point', 'coordinates': [-77.8563038, 34.261024]}",37129011606,RISKBEH,LPA,CrdPrv,Physical Inactivity
2023,NC,North Carolina,Pender,37141,37141920602,BRFSS,Health Risk Behaviors,No leisure-time physical activity among adults,%,Crude prevalence,24.2,19.7,28.8,6522,4939,"{'type': 'Point', 'coordinates': [-77.9120811, 34.4178428]}",37141920602,RISKBEH,LPA,CrdPrv,Physical Inactivity
2023,NC,North Carolina,Onslow,37133,37133001102,BRFSS,Health Risk Behaviors,No leisure-time physical activity among adults,%,Crude prevalence,28.3,23.7,33.0,4035,3193,"{'type': 'Point', 'coordinates': [-77.4743709, 34.7400089]}",37133001102,RISKBEH,LPA,CrdPrv,Physical Inactivity
2023,NC,North Carolina,Pitt,37147,37147000901,BRFSS,Health Risk Behaviors,No leisure-time physical activity among adults,%,Crude prevalence,29.8,25.1,34.6,3680,3033,"{'type': 'Point', 'coordinates': [-77.2531548, 35.6708112]}",37147000901,RISKBEH,LPA,CrdPrv,Physical Inactivity
2023,NC,North Carolina,Moore,37125,37125951102,BRFSS,Health Risk Behaviors,No leisure-time physical activity among adults,%,Crude prevalence,22.4,18.2,26.6,6190,4809,"{'type': 'Point', 'coordinates': [-79.4076715, 35.1434239]}",37125951102,RISKBEH,LPA,CrdPrv,Physical Inactivity
2023,NC,North Carolina,Onslow,37133,37133001302,BRFSS,Health Risk Behaviors,No leisure-time physical activity among adults,%,Crude prevalence,24.3,20.2,29.2,3334,2243,"{'type': 'Point', 'coordinates': [-77.3685175, 34.8162664]}",37133001302,RISKBEH,LPA,CrdPrv,Physical Inactivity
2023,NC,North Carolina,Pitt,37147,37147000604,BRFSS,Health Risk Behaviors,No leisure-time physical activity among adults,%,Crude prevalence,22.5,18.4,26.8,5088,4076,"{'type': 'Point', 'coordinates': [-77.4156343, 35.5938994]}",37147000604,RISKBEH,LPA,CrdPrv,Physical Inactivity
2023,NC,North Carolina,Mecklenburg,37119,37119005919,BRFSS,Health Risk Behaviors,No leisure-time physical activity among adults,%,Crude prevalence,21.8,18.0,26.1,3636,2897,"{'type': 'Point', 'coordinates': [-80.9886718, 35.2391648]}",37119005919,RISKBEH,LPA,CrdPrv,Physical Inactivity
2023,NC,North Carolina,Randolph,37151,37151031307,BRFSS,Health Risk Behaviors,No leisure-time physical activity among adults,%,Crude prevalence,22.8,18.8,27.2,4203,3333,"{'type': 'Point', 'coordinates': [-79.6860767, 35.8645066]}",37151031307,RISKBEH,LPA,CrdPrv,Physical Inactivity
2023,NC,North Carolina,Pasquotank,37139,37139960400,BRFSS,Health Risk Behaviors,No leisure-time physical activity among adults,%,Crude prevalence,28.5,23.7,33.7,4144,3141,"{'type': 'Point', 'coordinates': [-76.2368877, 36.3059235]}",37139960400,RISKBEH,LPA,CrdPrv,Physical Inactivity
2023,NC,North Carolina,Moore,37125,37125950403,BRFSS,Health Risk Behaviors,No leisure-time physical activity among adults,%,Crude prevalence,25.8,21.0,30.4,2345,1850,"{'type': 'Point', 'coordinates': [-79.4417892, 35.3429839]}",37125950403,RISKBEH,LPA,CrdPrv,Physical Inactivity
2023,NC,North Carolina,Orange,37135,37135011400,BRFSS,Health Risk Behaviors,No leisure-time physical activity among adults,%,Crude prevalence,19.7,15.8,24.6,3893,3568,"{'type': 'Point', 'coordinates': [-79.0476791, 35.927291]}",37135011400,RISKBEH,LPA,CrdPrv,Physical Inactivity
2023,NC,North Carolina,Nash,37127,37127010603,BRFSS,Health Risk Behaviors,No leisure-time physical activity among adults,%,Crude prevalence,40.5,34.2,46.9,1532,1182,"{'type': 'Point', 'coordinates': [-77.790485, 36.0099933]}",37127010603,RISKBEH,LPA,CrdPrv,Physical Inactivity
2023,NC,North Carolina,Moore,37125,37125950703,BRFSS,Health Risk Behaviors,No leisure-time physical activity among adults,%,Crude prevalence,18.5,14.3,22.9,2667,2171,"{'type': 'Point', 'coordinates': [-79.490666, 35.1711306]}",37125950703,RISKBEH,LPA,CrdPrv,Physical Inactivity
2023,NC,North Carolina,Mitchell,37121,37121950400,BRFSS,Health Risk Behaviors,No leisure-time physical activity among adults,%,Crude prevalence,22.5,18.1,27.5,4882,4028,"{'type': 'Point', 'coordinates': [-82.0935242, 35.8803514]}",37121950400,RISKBEH,LPA,CrdPrv,Physical Inactivity
2023,NC,North Carolina,Polk,37149,37149920303,BRFSS,Health Risk Behaviors,No leisure-time physical activity among adults,%,Crude prevalence,19.4,15.5,23.6,1775,1513,"{'type': 'Point', 'coordinates': [-82.3063913, 35.2350915]}",37149920303,RISKBEH,LPA,CrdPrv,Physical Inactivity
2023,NC,North Carolina,Northampton,37131,37131920202,BRFSS,Health Risk Behaviors,No leisure-time physical activity among adults,%,Crude prevalence,35.3,30.2,40.9,2115,1683,"{'type': 'Point', 'coordinates': [-77.3558412, 36.3486993]}",37131920202,RISKBEH,LPA,CrdPrv,Physical Inactivity
2023,NC,North Carolina,New Hanover,37129,37129011610,BRFSS,Health Risk Behaviors,No leisure-time physical activity among adults,%,Crude prevalence,32.1,27.5,37.1,3409,2755,"{'type': 'Point', 'coordinates': [-77.8878539, 34.32224]}",37129011610,RISKBEH,LPA,CrdPrv,Physical Inactivity
2023,NC,North Carolina,Pitt,37147,37147001200,BRFSS,Health Risk Behaviors,No leisure-time physical activity among adults,%,Crude prevalence,25.9,21.8,30.1,6349,4796,"{'type': 'Point', 'coordinates': [-77.2954946, 35.4358979]}",37147001200,RISKBEH,LPA,CrdPrv,Physical Inactivity
2023,NC,North Carolina,Pitt,37147,37147000301,BRFSS,Health Risk Behaviors,No leisure-time physical activity among adults,%,Crude prevalence,19.2,15.0,23.5,3061,2465,"{'type': 'Point', 'coordinates': [-77.3519428, 35.5805221]}",37147000301,RISKBEH,LPA,CrdPrv,Physical Inactivity
2023,NC,North Carolina,Orange,37135,37135011207,BRFSS,Health Risk Behaviors,No leisure-time physical activity among adults,%,Crude prevalence,16.5,13.1,20.3,4599,3617,"{'type': 'Point', 'coordinates': [-79.0630657, 35.9646026]}",37135011207,RISKBEH,LPA,CrdPrv,Physical Inactivity
2023,NC,North Carolina,Pasquotank,37139,37139960702,BRFSS,Health Risk Behaviors,No leisure-time physical activity among adults,%,Crude prevalence,24.6,20.0,29.7,3068,2473,"{'type': 'Point', 'coordinates': [-76.1142297, 36.1860305]}",37139960702,RISKBEH,LPA,CrdPrv,Physical Inactivity
2023,NC,North Carolina,Moore,37125,37125950505,BRFSS,Health Risk Behaviors,No leisure-time physical activity among adults,%,Crude prevalence,29.4,24.3,34.6,890,655,"{'type': 'Point', 'coordinates': [-79.1147603, 35.1922077]}",37125950505,RISKBEH,LPA,CrdPrv,Physical Inactivity
2023,NC,North Carolina,Randolph,37151,37151030805,BRFSS,Health Risk Behaviors,No leisure-time physical activity among adults,%,Crude prevalence,26.3,21.6,31.3,4083,3079,"{'type': 'Point', 'coordinates': [-79.7188735, 35.6904263]}",37151030805,RISKBEH,LPA,CrdPrv,Physical Inactivity
2023,NC,North Carolina,Mecklenburg,37119,37119006211,BRFSS,Health Risk Behaviors,No leisure-time physical activity among adults,%,Crude prevalence,13.6,10.8,17.0,6457,4412,"{'type': 'Point', 'coordinates': [-80.8774992, 35.4264588]}",37119006211,RISKBEH,LPA,CrdPrv,Physical Inactivity
2023,NC,North Carolina,New Hanover,37129,37129011200,BRFSS,Health Risk Behaviors,No leisure-time physical activity among adults,%,Crude prevalence,19.2,15.7,23.4,2098,1798,"{'type': 'Point', 'coordinates': [-77.9389503, 34.2316996]}",37129011200,RISKBEH,LPA,CrdPrv,Physical Inactivity
2023,NC,North Carolina,Onslow,37133,37133002201,BRFSS,Health Risk Behaviors,No leisure-time physical activity among adults,%,Crude prevalence,20.2,16.6,24.2,4825,3794,"{'type': 'Point', 'coordinates': [-77.3681706, 34.7618232]}",37133002201,RISKBEH,LPA,CrdPrv,Physical Inactivity
2023,NC,North Carolina,New Hanover,37129,37129010503,BRFSS,Health Risk Behaviors,No leisure-time physical activity among adults,%,Crude prevalence,17.4,14.0,21.2,2089,1839,"{'type': 'Point', 'coordinates': [-77.8959121, 34.2177438]}",37129010503,RISKBEH,LPA,CrdPrv,Physical Inactivity
2023,NC,North Carolina,Pasquotank,37139,37139960200,BRFSS,Health Risk Behaviors,No leisure-time physical activity among adults,%,Crude prevalence,25.8,21.2,31.0,4261,3425,"{'type': 'Point', 'coordinates': [-76.2092308, 36.2835326]}",37139960200,RISKBEH,LPA,CrdPrv,Physical Inactivity
2023,NC,North Carolina,Onslow,37133,37133000403,BRFSS,Health Risk Behaviors,No leisure-time physical activity among adults,%,Crude prevalence,17.1,13.7,21.2,1339,1217,"{'type': 'Point', 'coordinates': [-77.4375385, 34.4884969]}",37133000403,RISKBEH,LPA,CrdPrv,Physical Inactivity
2023,NC,North Carolina,Orange,37135,37135010802,BRFSS,Health Risk Behaviors,No leisure-time physical activity among adults,%,Crude prevalence,18.9,15.3,23.0,4820,3902,"{'type': 'Point', 'coordinates': [-79.031695, 36.184679]}",37135010802,RISKBEH,LPA,CrdPrv,Physical Inactivity
2023,NC,North Carolina,Montgomery,37123,37123960501,BRFSS,Health Risk Behaviors,No leisure-time physical activity among adults,%,Crude prevalence,35.1,29.9,40.5,2443,1783,"{'type': 'Point', 'coordinates': [-79.7148781, 35.2340187]}",37123960501,RISKBEH,LPA,CrdPrv,Physical Inactivity
2023,NC,North Carolina,Randolph,37151,37151031200,BRFSS,Health Risk Behaviors,No leisure-time physical activity among adults,%,Crude prevalence,33.0,28.3,38.3,5184,4050,"{'type': 'Point', 'coordinates': [-79.6000548, 35.864023]}",37151031200,RISKBEH,LPA,CrdPrv,Physical Inactivity
2023,NC,North Carolina,Pitt,37147,37147001500,BRFSS,Health Risk Behaviors,No leisure-time physical activity among adults,%,Crude prevalence,31.8,27.1,36.7,3088,2361,"{'type': 'Point', 'coordinates': [-77.3936272, 35.362302]}",37147001500,RISKBEH,LPA,CrdPrv,Physical Inactivity
2023,NC,North Carolina,New Hanover,37129,37129010900,BRFSS,Health Risk Behaviors,No leisure-time physical activity among adults,%,Crude prevalence,20.1,16.2,24.4,2213,1911,"{'type': 'Point', 'coordinates': [-77.9489008, 34.2038769]}",37129010900,RISKBEH,LPA,CrdPrv,Physical Inactivity
2023,NC,North Carolina,New Hanover,37129,37129011701,BRFSS,Health Risk Behaviors,No leisure-time physical activity among adults,%,Crude prevalence,20.0,15.9,24.8,4562,3991,"{'type': 'Point', 'coordinates': [-77.8422475, 34.2486708]}",37129011701,RISKBEH,LPA,CrdPrv,Physical Inactivity
2023,NC,North Carolina,Mecklenburg,37119,37119006016,BRFSS,Health Risk Behaviors,No leisure-time physical activity among adults,%,Crude prevalence,31.4,27.0,36.1,3426,2280,"{'type': 'Point', 'coordinates': [-80.9102293, 35.2842785]}",37119006016,RISKBEH,LPA,CrdPrv,Physical Inactivity
2023,NC,North Carolina,Pamlico,37137,37137950103,BRFSS,Health Risk Behaviors,No leisure-time physical activity among adults,%,Crude prevalence,31.8,26.7,37.1,2491,2112,"{'type': 'Point', 'coordinates': [-76.7956895, 35.1740972]}",37137950103,RISKBEH,LPA,CrdPrv,Physical Inactivity
2023,NC,North Carolina,Onslow,37133,37133000405,BRFSS,Health Risk Behaviors,No leisure-time physical activity among adults,%,Crude prevalence,17.3,13.9,21.1,7684,5926,"{'type': 'Point', 'coordinates': [-77.418235, 34.5412978]}",37133000405,RISKBEH,LPA,CrdPrv,Physical Inactivity
2023,NC,North Carolina,Onslow,37133,37133000206,BRFSS,Health Risk Behaviors,No leisure-time physical activity among adults,%,Crude prevalence,21.8,18.0,26.2,4000,2831,"{'type': 'Point', 'coordinates': [-77.61834, 34.87877]}",37133000206,RISKBEH,LPA,CrdPrv,Physical Inactivity
2023,NC,North Carolina,Moore,37125,37125950603,BRFSS,Health Risk Behaviors,No leisure-time physical activity among adults,%,Crude prevalence,21.5,17.5,25.9,4399,3311,"{'type': 'Point', 'coordinates': [-79.4656342, 35.2327729]}",37125950603,RISKBEH,LPA,CrdPrv,Physical Inactivity
2023,NC,North Carolina,Mecklenburg,37119,37119005932,BRFSS,Health Risk Behaviors,No leisure-time physical activity among adults,%,Crude prevalence,21.1,17.5,24.8,2465,1954,"{'type': 'Point', 'coordinates': [-80.9591056, 35.1107943]}",37119005932,RISKBEH,LPA,CrdPrv,Physical Inactivity
2023,NC,North Carolina,Mecklenburg,37119,37119006115,BRFSS,Health Risk Behaviors,No leisure-time physical activity among adults,%,Crude prevalence,16.1,13.2,19.6,3330,2815,"{'type': 'Point', 'coordinates': [-80.8514966, 35.3448115]}",37119006115,RISKBEH,LPA,CrdPrv,Physical Inactivity
2023,NC,North Carolina,Randolph,37151,37151031303,BRFSS,Health Risk Behaviors,No leisure-time physical activity among adults,%,Crude prevalence,25.1,20.9,29.9,4298,3414,"{'type': 'Point', 'coordinates': [-79.9215538, 35.8444486]}",37151031303,RISKBEH,LPA,CrdPrv,Physical Inactivity
2023,NC,North Carolina,Nash,37127,37127010301,BRFSS,Health Risk Behaviors,No leisure-time physical activity among adults,%,Crude prevalence,35.2,29.3,41.3,3441,2618,"{'type': 'Point', 'coordinates': [-77.8202038, 35.9342449]}",37127010301,RISKBEH,LPA,CrdPrv,Physical Inactivity
2023,NC,North Carolina,Mecklenburg,37119,37119006109,BRFSS,Health Risk Behaviors,No leisure-time physical activity among adults,%,Crude prevalence,24.0,19.9,28.0,4833,4030,"{'type': 'Point', 'coordinates': [-80.8532074, 35.3211017]}",37119006109,RISKBEH,LPA,CrdPrv,Physical Inactivity
2023,NC,North Carolina,Pitt,37147,37147000800,BRFSS,Health Risk Behaviors,No leisure-time physical activity among adults,%,Crude prevalence,40.3,34.8,45.8,3074,2413,"{'type': 'Point', 'coordinates': [-77.3659853, 35.6385498]}",37147000800,RISKBEH,LPA,CrdPrv,Physical Inactivity
2023,NC,North Carolina,Orange,37135,37135011211,BRFSS,Health Risk Behaviors,No leisure-time physical activity among adults,%,Crude prevalence,18.6,15.1,22.2,2336,1937,"{'type': 'Point', 'coordinates': [-79.2114165, 35.9841319]}",37135011211,RISKBEH,LPA,CrdPrv,Physical Inactivity
2023,NC,North Carolina,Mecklenburg,37119,37119005918,BRFSS,Health Risk Behaviors,No leisure-time physical activity among adults,%,Crude prevalence,23.2,19.3,27.4,4852,3545,"{'type': 'Point', 'coordinates': [-80.9842161, 35.0937791]}",37119005918,RISKBEH,LPA,CrdPrv,Physical Inactivity
2023,NC,North Carolina,Moore,37125,37125950202,BRFSS,Health Risk Behaviors,No leisure-time physical activity among adults,%,Crude prevalence,24.2,19.8,28.6,4154,3249,"{'type': 'Point', 'coordinates': [-79.6860495, 35.4529715]}",37125950202,RISKBEH,LPA,CrdPrv,Physical Inactivity
2023,NC,North Carolina,Pitt,37147,37147000202,BRFSS,Health Risk Behaviors,No leisure-time physical activity among adults,%,Crude prevalence,21.9,17.7,26.6,2556,2081,"{'type': 'Point', 'coordinates': [-77.3460413, 35.5973186]}",37147000202,RISKBEH,LPA,CrdPrv,Physical Inactivity
2023,NC,North Carolina,Pitt,37147,37147000504,BRFSS,Health Risk Behaviors,No leisure-time physical activity among adults,%,Crude prevalence,23.5,19.2,28.2,2228,1992,"{'type': 'Point', 'coordinates': [-77.3603493, 35.5768099]}",37147000504,RISKBEH,LPA,CrdPrv,Physical Inactivity
2023,NC,North Carolina,Nash,37127,37127010505,BRFSS,Health Risk Behaviors,No leisure-time physical activity among adults,%,Crude prevalence,27.4,22.4,32.5,3604,2906,"{'type': 'Point', 'coordinates': [-77.8229887, 35.9754798]}",37127010505,RISKBEH,LPA,CrdPrv,Physical Inactivity
2023,NC,North Carolina,Randolph,37151,37151030502,BRFSS,Health Risk Behaviors,No leisure-time physical activity among adults,%,Crude prevalence,23.4,19.2,28.2,4388,3493,"{'type': 'Point', 'coordinates': [-79.8518045, 35.7250666]}",37151030502,RISKBEH,LPA,CrdPrv,Physical Inactivity
2023,NC,North Carolina,Mecklenburg,37119,37119006218,BRFSS,Health Risk Behaviors,No leisure-time physical activity among adults,%,Crude prevalence,13.2,10.4,16.5,2853,2140,"{'type': 'Point', 'coordinates': [-80.93519, 35.4733279]}",37119006218,RISKBEH,LPA,CrdPrv,Physical Inactivity
2023,NC,North Carolina,Moore,37125,37125950801,BRFSS,Health Risk Behaviors,No leisure-time physical activity among adults,%,Crude prevalence,23.4,19.0,28.0,6049,4693,"{'type': 'Point', 'coordinates': [-79.4220921, 35.1878503]}",37125950801,RISKBEH,LPA,CrdPrv,Physical Inactivity
2023,NC,North Carolina,Mecklenburg,37119,37119006217,BRFSS,Health Risk Behaviors,No leisure-time physical activity among adults,%,Crude prevalence,15.2,12.1,18.7,3661,2954,"{'type': 'Point', 'coordinates': [-80.9129549, 35.4957073]}",37119006217,RISKBEH,LPA,CrdPrv,Physical Inactivity
2023,NC,North Carolina,Pitt,37147,37147000602,BRFSS,Health Risk Behaviors,No leisure-time physical activity among adults,%,Crude prevalence,27.0,22.3,31.9,4868,3704,"{'type': 'Point', 'coordinates': [-77.4146238, 35.579764]}",37147000602,RISKBEH,LPA,CrdPrv,Physical Inactivity
2023,NC,North Carolina,New Hanover,37129,37129011608,BRFSS,Health Risk Behaviors,No leisure-time physical activity among adults,%,Crude prevalence,19.3,15.9,23.1,6127,4829,"{'type': 'Point', 'coordinates': [-77.8377426, 34.3385485]}",37129011608,RISKBEH,LPA,CrdPrv,Physical Inactivity
2023,NC,North Carolina,Pender,37141,37141920401,BRFSS,Health Risk Behaviors,No leisure-time physical activity among adults,%,Crude prevalence,24.7,20.5,29.1,2268,1740,"{'type': 'Point', 'coordinates': [-77.9462191, 34.5055979]}",37141920401,RISKBEH,LPA,CrdPrv,Physical Inactivity
2023,NC,North Carolina,Onslow,37133,37133000404,BRFSS,Health Risk Behaviors,No leisure-time physical activity among adults,%,Crude prevalence,25.6,21.1,30.5,1430,1189,"{'type': 'Point', 'coordinates': [-77.3772016, 34.5614437]}",37133000404,RISKBEH,LPA,CrdPrv,Physical Inactivity
2023,NC,North Carolina,Moore,37125,37125950402,BRFSS,Health Risk Behaviors,No leisure-time physical activity among adults,%,Crude prevalence,23.5,19.3,28.1,3917,2970,"{'type': 'Point', 'coordinates': [-79.3634028, 35.3703543]}",37125950402,RISKBEH,LPA,CrdPrv,Physical Inactivity
2023,NC,North Carolina,Onslow,37133,37133001303,BRFSS,Health Risk Behaviors,No leisure-time physical activity among adults,%,Crude prevalence,21.5,17.8,25.6,2431,1919,"{'type': 'Point', 'coordinates': [-77.4085456, 34.7824531]}",37133001303,RISKBEH,LPA,CrdPrv,Physical Inactivity
2023,NC,North Carolina,Mecklenburg,37119,37119006012,BRFSS,Health Risk Behaviors,No leisure-time physical activity among adults,%,Crude prevalence,27.3,23.0,31.7,5100,3782,"{'type': 'Point', 'coordinates': [-80.9453076, 35.2541287]}",37119006012,RISKBEH,LPA,CrdPrv,Physical Inactivity
2023,NC,North Carolina,Onslow,37133,37133001304,BRFSS,Health Risk Behaviors,No leisure-time physical activity among adults,%,Crude prevalence,21.6,18.1,25.9,7925,5751,"{'type': 'Point', 'coordinates': [-77.4034453, 34.8004453]}",37133001304,RISKBEH,LPA,CrdPrv,Physical Inactivity
2023,NC,North Carolina,Randolph,37151,37151031101,BRFSS,Health Risk Behaviors,No leisure-time physical activity among adults,%,Crude prevalence,26.8,22.4,31.8,3349,2681,"{'type': 'Point', 'coordinates': [-79.7372439, 35.7832131]}",37151031101,RISKBEH,LPA,CrdPrv,Physical Inactivity
2023,NC,North Carolina,New Hanover,37129,37129012007,BRFSS,Health Risk Behaviors,No leisure-time physical activity among adults,%,Crude prevalence,20.4,16.4,25.2,5345,4739,"{'type': 'Point', 'coordinates': [-77.914488, 34.175032]}",37129012007,RISKBEH,LPA,CrdPrv,Physical Inactivity
2023,NC,North Carolina,New Hanover,37129,37129011300,BRFSS,Health Risk Behaviors,No leisure-time physical activity among adults,%,Crude prevalence,19.4,15.7,24.1,2014,1915,"{'type': 'Point', 'coordinates': [-77.9497306, 34.2271384]}",37129011300,RISKBEH,LPA,CrdPrv,Physical Inactivity
2023,NC,North Carolina,Orange,37135,37135011106,BRFSS,Health Risk Behaviors,No leisure-time physical activity among adults,%,Crude prevalence,20.7,16.9,24.8,2471,1910,"{'type': 'Point', 'coordinates': [-79.1203956, 36.0376721]}",37135011106,RISKBEH,LPA,CrdPrv,Physical Inactivity
2023,NC,North Carolina,Moore,37125,37125950303,BRFSS,Health Risk Behaviors,No leisure-time physical activity among adults,%,Crude prevalence,19.5,15.4,23.8,2269,1748,"{'type': 'Point', 'coordinates': [-79.5905289, 35.2509251]}",37125950303,RISKBEH,LPA,CrdPrv,Physical Inactivity
2023,NC,North Carolina,Orange,37135,37135011104,BRFSS,Health Risk Behaviors,No leisure-time physical activity among adults,%,Crude prevalence,19.1,15.3,23.3,1499,1172,"{'type': 'Point', 'coordinates': [-79.2360458, 36.1231146]}",37135011104,RISKBEH,LPA,CrdPrv,Physical Inactivity
2023,NC,North Carolina,Orange,37135,37135010706,BRFSS,Health Risk Behaviors,No leisure-time physical activity among adults,%,Crude prevalence,12.1,9.7,15.0,3668,2587,"{'type': 'Point', 'coordinates': [-79.0816371, 35.9362615]}",37135010706,RISKBEH,LPA,CrdPrv,Physical Inactivity
2023,NC,North Carolina,New Hanover,37129,37129011503,BRFSS,Health Risk Behaviors,No leisure-time physical activity among adults,%,Crude prevalence,29.3,24.7,34.5,3657,2892,"{'type': 'Point', 'coordinates': [-77.9786241, 34.3206504]}",37129011503,RISKBEH,LPA,CrdPrv,Physical Inactivity
2023,NC,North Carolina,Pasquotank,37139,37139960502,BRFSS,Health Risk Behaviors,No leisure-time physical activity among adults,%,Crude prevalence,23.9,19.6,29.0,5615,4622,"{'type': 'Point', 'coordinates': [-76.2789542, 36.3339503]}",37139960502,RISKBEH,LPA,CrdPrv,Physical Inactivity
2023,NC,North Carolina,Moore,37125,37125950201,BRFSS,Health Risk Behaviors,No leisure-time physical activity among adults,%,Crude prevalence,34.9,29.7,40.4,2369,1777,"{'type': 'Point', 'coordinates': [-79.5768075, 35.4218782]}",37125950201,RISKBEH,LPA,CrdPrv,Physical Inactivity
2023,NC,North Carolina,New Hanover,37129,37129012008,BRFSS,Health Risk Behaviors,No leisure-time physical activity among adults,%,Crude prevalence,21.1,17.5,24.9,6788,5545,"{'type': 'Point', 'coordinates': [-77.8953368, 34.1568086]}",37129012008,RISKBEH,LPA,CrdPrv,Physical Inactivity
2023,NC,North Carolina,Pender,37141,37141920403,BRFSS,Health Risk Behaviors,No leisure-time physical activity among adults,%,Crude prevalence,26.6,22.2,31.3,3336,2668,"{'type': 'Point', 'coordinates': [-77.8690183, 34.5493899]}",37141920403,RISKBEH,LPA,CrdPrv,Physical Inactivity
2023,NC,North Carolina,Nash,37127,37127010504,BRFSS,Health Risk Behaviors,No leisure-time physical activity among adults,%,Crude prevalence,23.2,19.1,27.7,5651,4462,"{'type': 'Point', 'coordinates': [-77.8842488, 35.9459936]}",37127010504,RISKBEH,LPA,CrdPrv,Physical Inactivity
2023,NC,North Carolina,Nash,37127,37127011502,BRFSS,Health Risk Behaviors,No leisure-time physical activity among adults,%,Crude prevalence,28.0,23.1,32.8,4055,3096,"{'type': 'Point', 'coordinates': [-78.171535, 35.8622871]}",37127011502,RISKBEH,LPA,CrdPrv,Physical Inactivity
2023,NC,North Carolina,Onslow,37133,37133000500,BRFSS,Health Risk Behaviors,No leisure-time physical activity among adults,%,Crude prevalence,23.2,17.9,28.7,3349,3322,"{'type': 'Point', 'coordinates': [-77.3480448, 34.622831]}",37133000500,RISKBEH,LPA,CrdPrv,Physical Inactivity
2023,NC,North Carolina,Nash,37127,37127010604,BRFSS,Health Risk Behaviors,No leisure-time physical activity among adults,%,Crude prevalence,30.9,25.5,36.7,3830,3037,"{'type': 'Point', 'coordinates': [-77.7952809, 35.9834482]}",37127010604,RISKBEH,LPA,CrdPrv,Physical Inactivity
2023,NC,North Carolina,Mecklenburg,37119,37119006221,BRFSS,Health Risk Behaviors,No leisure-time physical activity among adults,%,Crude prevalence,14.5,11.8,17.7,3865,2796,"{'type': 'Point', 'coordinates': [-80.9144399, 35.4060294]}",37119006221,RISKBEH,LPA,CrdPrv,Physical Inactivity
2023,NC,North Carolina,Mecklenburg,37119,37119005928,BRFSS,Health Risk Behaviors,No leisure-time physical activity among adults,%,Crude prevalence,23.7,20.1,27.4,1576,1225,"{'type': 'Point', 'coordinates': [-80.949242, 35.1723424]}",37119005928,RISKBEH,LPA,CrdPrv,Physical Inactivity
2023,NC,North Carolina,Onslow,37133,37133000304,BRFSS,Health Risk Behaviors,No leisure-time physical activity among adults,%,Crude prevalence,21.4,17.7,25.6,4222,3171,"{'type': 'Point', 'coordinates': [-77.600468, 34.750713]}",37133000304,RISKBEH,LPA,CrdPrv,Physical Inactivity
2023,NC,North Carolina,Moore,37125,37125950704,BRFSS,Health Risk Behaviors,No leisure-time physical activity among adults,%,Crude prevalence,17.5,13.4,22.8,2528,2132,"{'type': 'Point', 'coordinates': [-79.4796938, 35.1818402]}",37125950704,RISKBEH,LPA,CrdPrv,Physical Inactivity
2023,NC,North Carolina,Orange,37135,37135011904,BRFSS,Health Risk Behaviors,No leisure-time physical activity among adults,%,Crude prevalence,13.2,10.6,16.2,3096,2501,"{'type': 'Point', 'coordinates': [-79.0430397, 35.9501554]}",37135011904,RISKBEH,LPA,CrdPrv,Physical Inactivity
2023,NC,North Carolina,Onslow,37133,37133000105,BRFSS,Health Risk Behaviors,No leisure-time physical activity among adults,%,Crude prevalence,21.4,17.5,25.4,6990,5509,"{'type': 'Point', 'coordinates': [-77.1430054, 34.6933069]}",37133000105,RISKBEH,LPA,CrdPrv,Physical Inactivity
2023,NC,North Carolina,Onslow,37133,37133000800,BRFSS,Health Risk Behaviors,No leisure-time physical activity among adults,%,Crude prevalence,19.4,15.2,24.0,419,332,"{'type': 'Point', 'coordinates': [-77.3391348, 34.7280872]}",37133000800,RISKBEH,LPA,CrdPrv,Physical Inactivity
2023,NC,North Carolina,Mecklenburg,37119,37119006111,BRFSS,Health Risk Behaviors,No leisure-time physical activity among adults,%,Crude prevalence,23.1,19.4,27.1,4461,3293,"{'type': 'Point', 'coordinates': [-80.902734, 35.3129122]}",37119006111,RISKBEH,LPA,CrdPrv,Physical Inactivity
2023,NC,North Carolina,Randolph,37151,37151031308,BRFSS,Health Risk Behaviors,No leisure-time physical activity among adults,%,Crude prevalence,26.3,21.8,31.6,2678,2122,"{'type': 'Point', 'coordinates': [-79.7391965, 35.8881018]}",37151031308,RISKBEH,LPA,CrdPrv,Physical Inactivity
2023,NC,North Carolina,Nash,37127,37127011202,BRFSS,Health Risk Behaviors,No leisure-time physical activity among adults,%,Crude prevalence,21.8,17.8,25.9,3524,2793,"{'type': 'Point', 'coordinates': [-77.9369301, 35.8715715]}",37127011202,RISKBEH,LPA,CrdPrv,Physical Inactivity
2023,NC,North Carolina,Pender,37141,37141920601,BRFSS,Health Risk Behaviors,No leisure-time physical activity among adults,%,Crude prevalence,28.6,24.0,34.0,2849,2165,"{'type': 'Point', 'coordinates': [-77.9634417, 34.4486284]}",37141920601,RISKBEH,LPA,CrdPrv,Physical Inactivity
2023,NC,North Carolina,Pitt,37147,37147000702,BRFSS,Health Risk Behaviors,No leisure-time physical activity among adults,%,Crude prevalence,45.1,38.8,51.4,2728,1902,"{'type': 'Point', 'coordinates': [-77.3879965, 35.5970651]}",37147000702,RISKBEH,LPA,CrdPrv,Physical Inactivity
2023,NC,North Carolina,Mitchell,37121,37121950200,BRFSS,Health Risk Behaviors,No leisure-time physical activity among adults,%,Crude prevalence,24.6,19.9,30.2,3575,2956,"{'type': 'Point', 'coordinates': [-82.1409691, 36.0193268]}",37121950200,RISKBEH,LPA,CrdPrv,Physical Inactivity
2023,NC,North Carolina,Pasquotank,37139,37139960503,BRFSS,Health Risk Behaviors,No leisure-time physical activity among adults,%,Crude prevalence,26.8,22.3,31.8,2520,2018,"{'type': 'Point', 'coordinates': [-76.3966757, 36.3863295]}",37139960503,RISKBEH,LPA,CrdPrv,Physical Inactivity
2023,NC,North Carolina,Onslow,37133,37133001500,BRFSS,Health Risk Behaviors,No leisure-time physical activity among adults,%,Crude prevalence,29.4,24.8,34.4,2483,1814,"{'type': 'Point', 'coordinates': [-77.4236138, 34.773018]}",37133001500,RISKBEH,LPA,CrdPrv,Physical Inactivity
2023,NC,North Carolina,Mecklenburg,37119,37119006222,BRFSS,Health Risk Behaviors,No leisure-time physical activity among adults,%,Crude prevalence,15.3,12.3,18.7,3976,2918,"{'type': 'Point', 'coordinates': [-80.9476367, 35.3872901]}",37119006222,RISKBEH,LPA,CrdPrv,Physical Inactivity
2023,NC,North Carolina,Pitt,37147,37147000400,BRFSS,Health Risk Behaviors,No leisure-time physical activity among adults,%,Crude prevalence,18.8,14.7,23.7,5208,4986,"{'type': 'Point', 'coordinates': [-77.3643492, 35.5971553]}",37147000400,RISKBEH,LPA,CrdPrv,Physical Inactivity
2023,NC,North Carolina,Randolph,37151,37151031102,BRFSS,Health Risk Behaviors,No leisure-time physical activity among adults,%,Crude prevalence,29.7,25.1,34.8,2397,1809,"{'type': 'Point', 'coordinates': [-79.6997149, 35.7597542]}",37151031102,RISKBEH,LPA,CrdPrv,Physical Inactivity
2023,NC,North Carolina,Pender,37141,37141920502,BRFSS,Health Risk Behaviors,No leisure-time physical activity among adults,%,Crude prevalence,27.2,22.5,32.1,1677,1321,"{'type': 'Point', 'coordinates': [-78.1092291, 34.4059549]}",37141920502,RISKBEH,LPA,CrdPrv,Physical Inactivity
2023,NC,North Carolina,New Hanover,37129,37129010200,BRFSS,Health Risk Behaviors,No leisure-time physical activity among adults,%,Crude prevalence,28.1,23.7,32.7,3326,2785,"{'type': 'Point', 'coordinates': [-77.9252714, 34.2326213]}",37129010200,RISKBEH,LPA,CrdPrv,Physical Inactivity
2023,NC,North Carolina,Randolph,37151,37151030900,BRFSS,Health Risk Behaviors,No leisure-time physical activity among adults,%,Crude prevalence,20.4,16.8,24.4,3583,2848,"{'type': 'Point', 'coordinates': [-79.6129038, 35.6178904]}",37151030900,RISKBEH,LPA,CrdPrv,Physical Inactivity
2023,NC,North Carolina,Person,37145,37145920400,BRFSS,Health Risk Behaviors,No leisure-time physical activity among adults,%,Crude prevalence,32.8,27.6,38.5,2690,2133,"{'type': 'Point', 'coordinates': [-78.9806515, 36.388905]}",37145920400,RISKBEH,LPA,CrdPrv,Physical Inactivity
2023,NC,North Carolina,New Hanover,37129,37129011906,BRFSS,Health Risk Behaviors,No leisure-time physical activity among adults,%,Crude prevalence,23.4,19.0,28.1,2905,2611,"{'type': 'Point', 'coordinates': [-77.8770641, 34.2168883]}",37129011906,RISKBEH,LPA,CrdPrv,Physical Inactivity
2023,NC,North Carolina,Mecklenburg,37119,37119006224,BRFSS,Health Risk Behaviors,No leisure-time physical activity among adults,%,Crude prevalence,21.6,17.8,25.7,3395,2577,"{'type': 'Point', 'coordinates': [-80.8597444, 35.3807466]}",37119006224,RISKBEH,LPA,CrdPrv,Physical Inactivity
2023,NC,North Carolina,Pitt,37147,37147000606,BRFSS,Health Risk Behaviors,No leisure-time physical activity among adults,%,Crude prevalence,21.1,17.3,25.1,3838,2877,"{'type': 'Point', 'coordinates': [-77.3964758, 35.5613782]}",37147000606,RISKBEH,LPA,CrdPrv,Physical Inactivity
2023,NC,North Carolina,Randolph,37151,37151030400,BRFSS,Health Risk Behaviors,No leisure-time physical activity among adults,%,Crude prevalence,35.8,30.5,41.3,4238,3145,"{'type': 'Point', 'coordinates': [-79.8192854, 35.7404494]}",37151030400,RISKBEH,LPA,CrdPrv,Physical Inactivity
2023,NC,North Carolina,Mecklenburg,37119,37119006411,BRFSS,Health Risk Behaviors,No leisure-time physical activity among adults,%,Crude prevalence,23.4,19.2,27.9,2915,2155,"{'type': 'Point', 'coordinates': [-80.8711713, 35.4724518]}",37119006411,RISKBEH,LPA,CrdPrv,Physical Inactivity
2023,NC,North Carolina,Orange,37135,37135011800,BRFSS,Health Risk Behaviors,No leisure-time physical activity among adults,%,Crude prevalence,19.2,15.7,23.3,3076,2504,"{'type': 'Point', 'coordinates': [-79.0667888, 35.9403359]}",37135011800,RISKBEH,LPA,CrdPrv,Physical Inactivity
2023,NC,North Carolina,Mecklenburg,37119,37119006114,BRFSS,Health Risk Behaviors,No leisure-time physical activity among adults,%,Crude prevalence,19.9,16.6,23.6,4374,3315,"{'type': 'Point', 'coordinates': [-80.8672529, 35.3403645]}",37119006114,RISKBEH,LPA,CrdPrv,Physical Inactivity
2023,NC,North Carolina,Moore,37125,37125950604,BRFSS,Health Risk Behaviors,No leisure-time physical activity among adults,%,Crude prevalence,16.7,13.0,21.1,3477,2947,"{'type': 'Point', 'coordinates': [-79.4208185, 35.2285543]}",37125950604,RISKBEH,LPA,CrdPrv,Physical Inactivity
2023,NC,North Carolina,Orange,37135,37135011700,BRFSS,Health Risk Behaviors,No leisure-time physical activity among adults,%,Crude prevalence,19.8,15.3,25.4,5791,5403,"{'type': 'Point', 'coordinates': [-79.0589819, 35.9022528]}",37135011700,RISKBEH,LPA,CrdPrv,Physical Inactivity
2023,NC,North Carolina,New Hanover,37129,37129011703,BRFSS,Health Risk Behaviors,No leisure-time physical activity among adults,%,Crude prevalence,15.5,12.0,19.4,4898,4143,"{'type': 'Point', 'coordinates': [-77.8227, 34.2359833]}",37129011703,RISKBEH,LPA,CrdPrv,Physical Inactivity
2023,NC,North Carolina,Randolph,37151,37151030804,BRFSS,Health Risk Behaviors,No leisure-time physical activity among adults,%,Crude prevalence,27.7,22.8,33.1,2538,1950,"{'type': 'Point', 'coordinates': [-79.7778424, 35.6209839]}",37151030804,RISKBEH,LPA,CrdPrv,Physical Inactivity
2023,NC,North Carolina,Richmond,37153,37153970100,BRFSS,Health Risk Behaviors,No leisure-time physical activity among adults,%,Crude prevalence,29.7,24.9,34.6,3213,2661,"{'type': 'Point', 'coordinates': [-79.6140274, 35.0419652]}",37153970100,RISKBEH,LPA,CrdPrv,Physical Inactivity
2023,NC,North Carolina,Orange,37135,37135010709,BRFSS,Health Risk Behaviors,No leisure-time physical activity among adults,%,Crude prevalence,16.5,13.0,20.3,1955,1643,"{'type': 'Point', 'coordinates': [-79.0877596, 35.889842]}",37135010709,RISKBEH,LPA,CrdPrv,Physical Inactivity
2023,NC,North Carolina,Moore,37125,37125950306,BRFSS,Health Risk Behaviors,No leisure-time physical activity among adults,%,Crude prevalence,20.5,16.6,24.8,1920,1548,"{'type': 'Point', 'coordinates': [-79.5802568, 35.1813836]}",37125950306,RISKBEH,LPA,CrdPrv,Physical Inactivity
2023,NC,North Carolina,Onslow,37133,37133000901,BRFSS,Health Risk Behaviors,No leisure-time physical activity among adults,%,Crude prevalence,20.3,16.2,25.2,1139,916,"{'type': 'Point', 'coordinates': [-77.3661519, 34.7318856]}",37133000901,RISKBEH,LPA,CrdPrv,Physical Inactivity
2023,NC,North Carolina,New Hanover,37129,37129012110,BRFSS,Health Risk Behaviors,No leisure-time physical activity among adults,%,Crude prevalence,25.1,20.5,30.0,4663,3604,"{'type': 'Point', 'coordinates': [-77.9053154, 34.1389378]}",37129012110,RISKBEH,LPA,CrdPrv,Physical Inactivity
2023,NC,North Carolina,Robeson,37155,37155960501,BRFSS,Health Risk Behaviors,No leisure-time physical activity among adults,%,Crude prevalence,33.3,28.5,38.2,2924,2241,"{'type': 'Point', 'coordinates': [-79.2014282, 34.7026429]}",37155960501,RISKBEH,LPA,CrdPrv,Physical Inactivity
2023,NC,North Carolina,Stanly,37167,37167930802,BRFSS,Health Risk Behaviors,No leisure-time physical activity among adults,%,Crude prevalence,24.2,19.3,29.2,4746,3679,"{'type': 'Point', 'coordinates': [-80.4345538, 35.2021827]}",37167930802,RISKBEH,LPA,CrdPrv,Physical Inactivity
2023,NC,North Carolina,Union,37179,37179020401,BRFSS,Health Risk Behaviors,No leisure-time physical activity among adults,%,Crude prevalence,24.3,20.0,28.8,6465,4893,"{'type': 'Point', 'coordinates': [-80.5546358, 35.0237736]}",37179020401,RISKBEH,LPA,CrdPrv,Physical Inactivity
2023,NC,North Carolina,Wake,37183,37183053417,BRFSS,Health Risk Behaviors,No leisure-time physical activity among adults,%,Crude prevalence,18.8,15.7,22.3,4634,3388,"{'type': 'Point', 'coordinates': [-78.868582, 35.7074219]}",37183053417,RISKBEH,LPA,CrdPrv,Physical Inactivity
2023,NC,North Carolina,Sampson,37163,37163971002,BRFSS,Health Risk Behaviors,No leisure-time physical activity among adults,%,Crude prevalence,30.7,25.9,35.9,1226,986,"{'type': 'Point', 'coordinates': [-78.2413249, 34.7430983]}",37163971002,RISKBEH,LPA,CrdPrv,Physical Inactivity
2023,NC,North Carolina,Stanly,37167,37167931203,BRFSS,Health Risk Behaviors,No leisure-time physical activity among adults,%,Crude prevalence,41.8,35.0,48.0,2767,2097,"{'type': 'Point', 'coordinates': [-80.187144, 35.346916]}",37167931203,RISKBEH,LPA,CrdPrv,Physical Inactivity
2023,NC,North Carolina,Robeson,37155,37155960203,BRFSS,Health Risk Behaviors,No leisure-time physical activity among adults,%,Crude prevalence,31.7,27.5,35.6,3204,2400,"{'type': 'Point', 'coordinates': [-79.0037, 34.9056008]}",37155960203,RISKBEH,LPA,CrdPrv,Physical Inactivity
2023,NC,North Carolina,Wake,37183,37183051200,BRFSS,Health Risk Behaviors,No leisure-time physical activity among adults,%,Crude prevalence,14.3,11.7,17.5,4466,4173,"{'type': 'Point', 'coordinates': [-78.6587308, 35.7898429]}",37183051200,RISKBEH,LPA,CrdPrv,Physical Inactivity
2023,NC,North Carolina,Rutherford,37161,37161960301,BRFSS,Health Risk Behaviors,No leisure-time physical activity among adults,%,Crude prevalence,23.9,19.5,28.5,1615,1417,"{'type': 'Point', 'coordinates': [-82.1806256, 35.4715724]}",37161960301,RISKBEH,LPA,CrdPrv,Physical Inactivity
2023,NC,North Carolina,Surry,37171,37171930802,BRFSS,Health Risk Behaviors,No leisure-time physical activity among adults,%,Crude prevalence,31.0,25.9,36.2,3164,2521,"{'type': 'Point', 'coordinates': [-80.8662001, 36.3813323]}",37171930802,RISKBEH,LPA,CrdPrv,Physical Inactivity
2023,NC,North Carolina,Union,37179,37179020405,BRFSS,Health Risk Behaviors,No leisure-time physical activity among adults,%,Crude prevalence,31.0,26.0,36.3,2007,1573,"{'type': 'Point', 'coordinates': [-80.5834165, 35.0194615]}",37179020405,RISKBEH,LPA,CrdPrv,Physical Inactivity
2023,NC,North Carolina,Stanly,37167,37167931101,BRFSS,Health Risk Behaviors,No leisure-time physical activity among adults,%,Crude prevalence,24.2,19.9,29.0,2019,1640,"{'type': 'Point', 'coordinates': [-80.132299, 35.2619294]}",37167931101,RISKBEH,LPA,CrdPrv,Physical Inactivity
2023,NC,North Carolina,Union,37179,37179020602,BRFSS,Health Risk Behaviors,No leisure-time physical activity among adults,%,Crude prevalence,31.7,26.6,37.3,4702,3579,"{'type': 'Point', 'coordinates': [-80.530241, 34.9535372]}",37179020602,RISKBEH,LPA,CrdPrv,Physical Inactivity
2023,NC,North Carolina,Sampson,37163,37163970801,BRFSS,Health Risk Behaviors,No leisure-time physical activity among adults,%,Crude prevalence,31.7,26.5,37.3,2073,1667,"{'type': 'Point', 'coordinates': [-78.3282476, 34.9824601]}",37163970801,RISKBEH,LPA,CrdPrv,Physical Inactivity
2023,NC,North Carolina,Stokes,37169,37169070506,BRFSS,Health Risk Behaviors,No leisure-time physical activity among adults,%,Crude prevalence,29.4,24.3,34.7,2804,2297,"{'type': 'Point', 'coordinates': [-80.3655173, 36.2686345]}",37169070506,RISKBEH,LPA,CrdPrv,Physical Inactivity
2023,NC,North Carolina,Wake,37183,37183052901,BRFSS,Health Risk Behaviors,No leisure-time physical activity among adults,%,Crude prevalence,20.4,17.1,24.0,2906,2186,"{'type': 'Point', 'coordinates': [-78.6648754, 35.5648205]}",37183052901,RISKBEH,LPA,CrdPrv,Physical Inactivity
2023,NC,North Carolina,Union,37179,37179021005,BRFSS,Health Risk Behaviors,No leisure-time physical activity among adults,%,Crude prevalence,25.8,21.3,30.5,4891,3814,"{'type': 'Point', 'coordinates': [-80.6339834, 34.9236171]}",37179021005,RISKBEH,LPA,CrdPrv,Physical Inactivity
2023,NC,North Carolina,Surry,37171,37171930501,BRFSS,Health Risk Behaviors,No leisure-time physical activity among adults,%,Crude prevalence,29.1,24.2,34.2,2771,2173,"{'type': 'Point', 'coordinates': [-80.6563985, 36.5406504]}",37171930501,RISKBEH,LPA,CrdPrv,Physical Inactivity
2023,NC,North Carolina,Swain,37173,37173960301,BRFSS,Health Risk Behaviors,No leisure-time physical activity among adults,%,Crude prevalence,25.9,21.2,31.1,3192,2651,"{'type': 'Point', 'coordinates': [-83.5331722, 35.4180605]}",37173960301,RISKBEH,LPA,CrdPrv,Physical Inactivity
2023,NC,North Carolina,Robeson,37155,37155960900,BRFSS,Health Risk Behaviors,No leisure-time physical activity among adults,%,Crude prevalence,28.4,24.3,32.9,1874,1469,"{'type': 'Point', 'coordinates': [-79.0155545, 34.6346881]}",37155960900,RISKBEH,LPA,CrdPrv,Physical Inactivity
2023,NC,North Carolina,Wake,37183,37183053620,BRFSS,Health Risk Behaviors,No leisure-time physical activity among adults,%,Crude prevalence,15.8,13.1,18.6,6758,4640,"{'type': 'Point', 'coordinates': [-78.8664115, 35.8347648]}",37183053620,RISKBEH,LPA,CrdPrv,Physical Inactivity
2023,NC,North Carolina,Rowan,37159,37159051303,BRFSS,Health Risk Behaviors,No leisure-time physical activity among adults,%,Crude prevalence,32.2,27.4,37.4,5892,4610,"{'type': 'Point', 'coordinates': [-80.5083265, 35.7002011]}",37159051303,RISKBEH,LPA,CrdPrv,Physical Inactivity
2023,NC,North Carolina,Union,37179,37179020313,BRFSS,Health Risk Behaviors,No leisure-time physical activity among adults,%,Crude prevalence,21.8,17.7,26.1,2344,1788,"{'type': 'Point', 'coordinates': [-80.6773785, 35.0786034]}",37179020313,RISKBEH,LPA,CrdPrv,Physical Inactivity
2023,NC,North Carolina,Wake,37183,37183052905,BRFSS,Health Risk Behaviors,No leisure-time physical activity among adults,%,Crude prevalence,16.1,13.2,19.2,3286,2446,"{'type': 'Point', 'coordinates': [-78.6713405, 35.602268]}",37183052905,RISKBEH,LPA,CrdPrv,Physical Inactivity
2023,NC,North Carolina,Wake,37183,37183053423,BRFSS,Health Risk Behaviors,No leisure-time physical activity among adults,%,Crude prevalence,13.5,11.0,16.2,2172,1768,"{'type': 'Point', 'coordinates': [-78.8103968, 35.769796]}",37183053423,RISKBEH,LPA,CrdPrv,Physical Inactivity
2023,NC,North Carolina,Richmond,37153,37153970600,BRFSS,Health Risk Behaviors,No leisure-time physical activity among adults,%,Crude prevalence,39.9,34.2,46.0,3990,2970,"{'type': 'Point', 'coordinates': [-79.7296039, 34.9249562]}",37153970600,RISKBEH,LPA,CrdPrv,Physical Inactivity
2023,NC,North Carolina,Robeson,37155,37155961302,BRFSS,Health Risk Behaviors,No leisure-time physical activity among adults,%,Crude prevalence,35.7,31.3,40.4,5025,3582,"{'type': 'Point', 'coordinates': [-78.9770773, 34.6323205]}",37155961302,RISKBEH,LPA,CrdPrv,Physical Inactivity
2023,NC,North Carolina,Sampson,37163,37163971003,BRFSS,Health Risk Behaviors,No leisure-time physical activity among adults,%,Crude prevalence,30.7,25.5,36.2,895,717,"{'type': 'Point', 'coordinates': [-78.2522725, 34.6619166]}",37163971003,RISKBEH,LPA,CrdPrv,Physical Inactivity
2023,NC,North Carolina,Wake,37183,37183051400,BRFSS,Health Risk Behaviors,No leisure-time physical activity among adults,%,Crude prevalence,15.6,12.6,19.1,5962,5155,"{'type': 'Point', 'coordinates': [-78.6731798, 35.7959575]}",37183051400,RISKBEH,LPA,CrdPrv,Physical Inactivity
2023,NC,North Carolina,Wake,37183,37183053430,BRFSS,Health Risk Behaviors,No leisure-time physical activity among adults,%,Crude prevalence,15.2,12.6,18.1,4201,3133,"{'type': 'Point', 'coordinates': [-78.85737, 35.7525821]}",37183053430,RISKBEH,LPA,CrdPrv,Physical Inactivity
2023,NC,North Carolina,Wake,37183,37183053712,BRFSS,Health Risk Behaviors,No leisure-time physical activity among adults,%,Crude prevalence,14.4,11.5,17.5,2805,2149,"{'type': 'Point', 'coordinates': [-78.6915427, 35.8968975]}",37183053712,RISKBEH,LPA,CrdPrv,Physical Inactivity
2023,NC,North Carolina,Union,37179,37179021012,BRFSS,Health Risk Behaviors,No leisure-time physical activity among adults,%,Crude prevalence,16.6,13.4,20.2,5647,3778,"{'type': 'Point', 'coordinates': [-80.7301315, 34.9555521]}",37179021012,RISKBEH,LPA,CrdPrv,Physical Inactivity
2023,NC,North Carolina,Vance,37181,37181960800,BRFSS,Health Risk Behaviors,No leisure-time physical activity among adults,%,Crude prevalence,45.9,40.2,51.6,1898,1444,"{'type': 'Point', 'coordinates': [-78.4028631, 36.3000408]}",37181960800,RISKBEH,LPA,CrdPrv,Physical Inactivity
2023,NC,North Carolina,Wake,37183,37183053010,BRFSS,Health Risk Behaviors,No leisure-time physical activity among adults,%,Crude prevalence,16.2,13.5,19.3,4665,3678,"{'type': 'Point', 'coordinates': [-78.699942, 35.7131575]}",37183053010,RISKBEH,LPA,CrdPrv,Physical Inactivity
2023,NC,North Carolina,Swain,37173,37173960302,BRFSS,Health Risk Behaviors,No leisure-time physical activity among adults,%,Crude prevalence,27.5,22.6,32.6,3086,2449,"{'type': 'Point', 'coordinates': [-83.4140131, 35.3656664]}",37173960302,RISKBEH,LPA,CrdPrv,Physical Inactivity
2023,NC,North Carolina,Wake,37183,37183053410,BRFSS,Health Risk Behaviors,No leisure-time physical activity among adults,%,Crude prevalence,14.8,11.7,18.4,6673,4431,"{'type': 'Point', 'coordinates': [-78.914831, 35.8090746]}",37183053410,RISKBEH,LPA,CrdPrv,Physical Inactivity
2023,NC,North Carolina,Wake,37183,37183053617,BRFSS,Health Risk Behaviors,No leisure-time physical activity among adults,%,Crude prevalence,14.7,12.1,17.4,10385,7024,"{'type': 'Point', 'coordinates': [-78.8971478, 35.8318372]}",37183053617,RISKBEH,LPA,CrdPrv,Physical Inactivity
2023,NC,North Carolina,Union,37179,37179020206,BRFSS,Health Risk Behaviors,No leisure-time physical activity among adults,%,Crude prevalence,23.5,18.7,28.6,4017,3094,"{'type': 'Point', 'coordinates': [-80.5060805, 35.0813797]}",37179020206,RISKBEH,LPA,CrdPrv,Physical Inactivity
2023,NC,North Carolina,Scotland,37165,37165010300,BRFSS,Health Risk Behaviors,No leisure-time physical activity among adults,%,Crude prevalence,39.9,34.6,45.3,4145,3166,"{'type': 'Point', 'coordinates': [-79.4447996, 34.7525875]}",37165010300,RISKBEH,LPA,CrdPrv,Physical Inactivity
2023,NC,North Carolina,Surry,37171,37171930700,BRFSS,Health Risk Behaviors,No leisure-time physical activity among adults,%,Crude prevalence,24.5,20.1,29.9,4090,3218,"{'type': 'Point', 'coordinates': [-80.7124616, 36.5138202]}",37171930700,RISKBEH,LPA,CrdPrv,Physical Inactivity
2023,NC,North Carolina,Rowan,37159,37159051501,BRFSS,Health Risk Behaviors,No leisure-time physical activity among adults,%,Crude prevalence,29.6,24.8,34.7,4261,3070,"{'type': 'Point', 'coordinates': [-80.6291386, 35.5178017]}",37159051501,RISKBEH,LPA,CrdPrv,Physical Inactivity
2023,NC,North Carolina,Union,37179,37179020501,BRFSS,Health Risk Behaviors,No leisure-time physical activity among adults,%,Crude prevalence,29.7,25.2,35.0,5258,3925,"{'type': 'Point', 'coordinates': [-80.5777153, 34.9695439]}",37179020501,RISKBEH,LPA,CrdPrv,Physical Inactivity
2023,NC,North Carolina,Wake,37183,37183053411,BRFSS,Health Risk Behaviors,No leisure-time physical activity among adults,%,Crude prevalence,15.4,12.2,18.8,14610,9454,"{'type': 'Point', 'coordinates': [-78.8970079, 35.7978112]}",37183053411,RISKBEH,LPA,CrdPrv,Physical Inactivity
2023,NC,North Carolina,Wake,37183,37183052603,BRFSS,Health Risk Behaviors,No leisure-time physical activity among adults,%,Crude prevalence,11.8,9.3,14.7,3613,2922,"{'type': 'Point', 'coordinates': [-78.6420368, 35.8291119]}",37183052603,RISKBEH,LPA,CrdPrv,Physical Inactivity
2023,NC,North Carolina,Wake,37183,37183053517,BRFSS,Health Risk Behaviors,No leisure-time physical activity among adults,%,Crude prevalence,29.6,25.4,34.5,4663,3321,"{'type': 'Point', 'coordinates': [-78.7595116, 35.780801]}",37183053517,RISKBEH,LPA,CrdPrv,Physical Inactivity
2023,NC,North Carolina,Sampson,37163,37163970501,BRFSS,Health Risk Behaviors,No leisure-time physical activity among adults,%,Crude prevalence,28.0,23.5,33.0,1189,934,"{'type': 'Point', 'coordinates': [-78.5049105, 35.0125119]}",37163970501,RISKBEH,LPA,CrdPrv,Physical Inactivity
2023,NC,North Carolina,Wake,37183,37183052404,BRFSS,Health Risk Behaviors,No leisure-time physical activity among adults,%,Crude prevalence,17.3,14.1,21.1,4001,3330,"{'type': 'Point', 'coordinates': [-78.7048399, 35.7714479]}",37183052404,RISKBEH,LPA,CrdPrv,Physical Inactivity
2023,NC,North Carolina,Surry,37171,37171930902,BRFSS,Health Risk Behaviors,No leisure-time physical activity among adults,%,Crude prevalence,25.1,20.5,30.1,1618,1289,"{'type': 'Point', 'coordinates': [-80.8227531, 36.3014527]}",37171930902,RISKBEH,LPA,CrdPrv,Physical Inactivity
2023,NC,North Carolina,Wake,37183,37183051700,BRFSS,Health Risk Behaviors,No leisure-time physical activity among adults,%,Crude prevalence,11.2,9.1,13.5,4044,3059,"{'type': 'Point', 'coordinates': [-78.6579511, 35.8213404]}",37183051700,RISKBEH,LPA,CrdPrv,Physical Inactivity
2023,NC,North Carolina,Wake,37183,37183053106,BRFSS,Health Risk Behaviors,No leisure-time physical activity among adults,%,Crude prevalence,21.8,18.4,25.9,3999,2982,"{'type': 'Point', 'coordinates': [-78.8216419, 35.5861945]}",37183053106,RISKBEH,LPA,CrdPrv,Physical Inactivity
2023,NC,North Carolina,Union,37179,37179020901,BRFSS,Health Risk Behaviors,No leisure-time physical activity among adults,%,Crude prevalence,25.4,21.3,30.1,5306,4117,"{'type': 'Point', 'coordinates': [-80.4247764, 34.8637965]}",37179020901,RISKBEH,LPA,CrdPrv,Physical Inactivity
2023,NC,North Carolina,Transylvania,37175,37175960403,BRFSS,Health Risk Behaviors,No leisure-time physical activity among adults,%,Crude prevalence,17.2,13.3,21.9,2635,2438,"{'type': 'Point', 'coordinates': [-82.7230437, 35.1272135]}",37175960403,RISKBEH,LPA,CrdPrv,Physical Inactivity
2023,NC,North Carolina,Wake,37183,37183053405,BRFSS,Health Risk Behaviors,No leisure-time physical activity among adults,%,Crude prevalence,16.8,13.7,20.3,5376,4404,"{'type': 'Point', 'coordinates': [-78.7974898, 35.7223575]}",37183053405,RISKBEH,LPA,CrdPrv,Physical Inactivity
2023,NC,North Carolina,Robeson,37155,37155960702,BRFSS,Health Risk Behaviors,No leisure-time physical activity among adults,%,Crude prevalence,34.9,30.3,39.6,2617,1973,"{'type': 'Point', 'coordinates': [-79.051012, 34.663505]}",37155960702,RISKBEH,LPA,CrdPrv,Physical Inactivity
2023,NC,North Carolina,Rockingham,37157,37157040101,BRFSS,Health Risk Behaviors,No leisure-time physical activity among adults,%,Crude prevalence,26.8,22.6,32.1,3934,3171,"{'type': 'Point', 'coordinates': [-79.601979, 36.461968]}",37157040101,RISKBEH,LPA,CrdPrv,Physical Inactivity
2023,NC,North Carolina,Transylvania,37175,37175960202,BRFSS,Health Risk Behaviors,No leisure-time physical activity among adults,%,Crude prevalence,27.9,23.0,33.7,2469,2103,"{'type': 'Point', 'coordinates': [-82.7511075, 35.2613316]}",37175960202,RISKBEH,LPA,CrdPrv,Physical Inactivity
2023,NC,North Carolina,Robeson,37155,37155960403,BRFSS,Health Risk Behaviors,No leisure-time physical activity among adults,%,Crude prevalence,39.4,34.1,44.4,3029,2226,"{'type': 'Point', 'coordinates': [-79.2971351, 34.7944338]}",37155960403,RISKBEH,LPA,CrdPrv,Physical Inactivity
2023,NC,North Carolina,Wake,37183,37183053115,BRFSS,Health Risk Behaviors,No leisure-time physical activity among adults,%,Crude prevalence,22.7,19.2,26.8,2747,2007,"{'type': 'Point', 'coordinates': [-78.7159892, 35.5418073]}",37183053115,RISKBEH,LPA,CrdPrv,Physical Inactivity
2023,NC,North Carolina,Rockingham,37157,37157041502,BRFSS,Health Risk Behaviors,No leisure-time physical activity among adults,%,Crude prevalence,26.1,21.1,31.8,6035,4776,"{'type': 'Point', 'coordinates': [-79.6772063, 36.3378615]}",37157041502,RISKBEH,LPA,CrdPrv,Physical Inactivity
2023,NC,North Carolina,Wake,37183,37183053505,BRFSS,Health Risk Behaviors,No leisure-time physical activity among adults,%,Crude prevalence,15.5,12.8,18.6,3791,2960,"{'type': 'Point', 'coordinates': [-78.7598576, 35.7568038]}",37183053505,RISKBEH,LPA,CrdPrv,Physical Inactivity
2023,NC,North Carolina,Scotland,37165,37165010602,BRFSS,Health Risk Behaviors,No leisure-time physical activity among adults,%,Crude prevalence,28.9,24.7,33.8,3204,2530,"{'type': 'Point', 'coordinates': [-79.4851338, 34.94973]}",37165010602,RISKBEH,LPA,CrdPrv,Physical Inactivity
2023,NC,North Carolina,Wake,37183,37183053425,BRFSS,Health Risk Behaviors,No leisure-time physical activity among adults,%,Crude prevalence,14.6,12.0,17.3,3140,2302,"{'type': 'Point', 'coordinates': [-78.8433042, 35.78691]}",37183053425,RISKBEH,LPA,CrdPrv,Physical Inactivity
2023,NC,North Carolina,Wake,37183,37183053608,BRFSS,Health Risk Behaviors,No leisure-time physical activity among adults,%,Crude prevalence,13.8,11.2,17.0,7746,5259,"{'type': 'Point', 'coordinates': [-78.8543914, 35.8545012]}",37183053608,RISKBEH,LPA,CrdPrv,Physical Inactivity
2023,NC,North Carolina,Rowan,37159,37159051700,BRFSS,Health Risk Behaviors,No leisure-time physical activity among adults,%,Crude prevalence,28.3,23.8,33.5,8170,6340,"{'type': 'Point', 'coordinates': [-80.5762905, 35.5745032]}",37159051700,RISKBEH,LPA,CrdPrv,Physical Inactivity
2023,NC,North Carolina,Richmond,37153,37153970900,BRFSS,Health Risk Behaviors,No leisure-time physical activity among adults,%,Crude prevalence,29.0,24.3,33.9,5050,3981,"{'type': 'Point', 'coordinates': [-79.7368422, 34.8770818]}",37153970900,RISKBEH,LPA,CrdPrv,Physical Inactivity
2023,NC,North Carolina,Rowan,37159,37159051202,BRFSS,Health Risk Behaviors,No leisure-time physical activity among adults,%,Crude prevalence,28.8,24.2,34.2,3896,3029,"{'type': 'Point', 'coordinates': [-80.5513749, 35.6794281]}",37159051202,RISKBEH,LPA,CrdPrv,Physical Inactivity
2023,NC,North Carolina,Rutherford,37161,37161960103,BRFSS,Health Risk Behaviors,No leisure-time physical activity among adults,%,Crude prevalence,24.2,19.9,28.7,2420,1930,"{'type': 'Point', 'coordinates': [-81.8582358, 35.4157529]}",37161960103,RISKBEH,LPA,CrdPrv,Physical Inactivity
2023,NC,North Carolina,Union,37179,37179020800,BRFSS,Health Risk Behaviors,No leisure-time physical activity among adults,%,Crude prevalence,28.5,23.9,33.8,5072,3894,"{'type': 'Point', 'coordinates': [-80.3330504, 34.9688372]}",37179020800,RISKBEH,LPA,CrdPrv,Physical Inactivity
2023,NC,North Carolina,Scotland,37165,37165010400,BRFSS,Health Risk Behaviors,No leisure-time physical activity among adults,%,Crude prevalence,33.7,28.7,39.4,5288,4648,"{'type': 'Point', 'coordinates': [-79.4260624, 34.7240178]}",37165010400,RISKBEH,LPA,CrdPrv,Physical Inactivity
2023,NC,North Carolina,Wake,37183,37183053114,BRFSS,Health Risk Behaviors,No leisure-time physical activity among adults,%,Crude prevalence,17.5,14.5,20.6,7140,5142,"{'type': 'Point', 'coordinates': [-78.7606492, 35.5694713]}",37183053114,RISKBEH,LPA,CrdPrv,Physical Inactivity
2023,NC,North Carolina,Wake,37183,37183050900,BRFSS,Health Risk Behaviors,No leisure-time physical activity among adults,%,Crude prevalence,27.6,23.2,32.5,2672,2163,"{'type': 'Point', 'coordinates': [-78.637866, 35.7668872]}",37183050900,RISKBEH,LPA,CrdPrv,Physical Inactivity
2023,NC,North Carolina,Wake,37183,37183052807,BRFSS,Health Risk Behaviors,No leisure-time physical activity among adults,%,Crude prevalence,21.0,17.8,24.3,6737,4929,"{'type': 'Point', 'coordinates': [-78.5146366, 35.7066493]}",37183052807,RISKBEH,LPA,CrdPrv,Physical Inactivity
2023,NC,North Carolina,Stanly,37167,37167930300,BRFSS,Health Risk Behaviors,No leisure-time physical activity among adults,%,Crude prevalence,23.9,19.1,28.8,3917,3105,"{'type': 'Point', 'coordinates': [-80.1858131, 35.3882141]}",37167930300,RISKBEH,LPA,CrdPrv,Physical Inactivity
2023,NC,North Carolina,Stanly,37167,37167931202,BRFSS,Health Risk Behaviors,No leisure-time physical activity among adults,%,Crude prevalence,24.2,19.7,29.4,3159,2473,"{'type': 'Point', 'coordinates': [-80.2369152, 35.334863]}",37167931202,RISKBEH,LPA,CrdPrv,Physical Inactivity
2023,NC,North Carolina,Robeson,37155,37155960202,BRFSS,Health Risk Behaviors,No leisure-time physical activity among adults,%,Crude prevalence,41.3,36.4,46.4,4025,2844,"{'type': 'Point', 'coordinates': [-79.0890736, 34.8256498]}",37155960202,RISKBEH,LPA,CrdPrv,Physical Inactivity
2023,NC,North Carolina,Union,37179,37179020701,BRFSS,Health Risk Behaviors,No leisure-time physical activity among adults,%,Crude prevalence,25.7,21.2,30.7,5994,4825,"{'type': 'Point', 'coordinates': [-80.4516641, 35.0177952]}",37179020701,RISKBEH,LPA,CrdPrv,Physical Inactivity
2023,NC,North Carolina,Wake,37183,37183052816,BRFSS,Health Risk Behaviors,No leisure-time physical activity among adults,%,Crude prevalence,23.7,19.9,28.0,5842,4100,"{'type': 'Point', 'coordinates': [-78.5946177, 35.7344333]}",37183052816,RISKBEH,LPA,CrdPrv,Physical Inactivity
2023,NC,North Carolina,Swain,37173,37173960200,BRFSS,Health Risk Behaviors,No leisure-time physical activity among adults,%,Crude prevalence,28.1,23.0,33.2,2951,2316,"{'type': 'Point', 'coordinates': [-83.4219548, 35.4474756]}",37173960200,RISKBEH,LPA,CrdPrv,Physical Inactivity
2023,NC,North Carolina,Rutherford,37161,37161960503,BRFSS,Health Risk Behaviors,No leisure-time physical activity among adults,%,Crude prevalence,31.1,26.3,36.5,1699,1378,"{'type': 'Point', 'coordinates': [-81.9484109, 35.3448929]}",37161960503,RISKBEH,LPA,CrdPrv,Physical Inactivity
2023,NC,North Carolina,Surry,37171,37171930400,BRFSS,Health Risk Behaviors,No leisure-time physical activity among adults,%,Crude prevalence,45.1,38.7,51.1,2521,1993,"{'type': 'Point', 'coordinates': [-80.6077456, 36.492451]}",37171930400,RISKBEH,LPA,CrdPrv,Physical Inactivity
2023,NC,North Carolina,Wake,37183,37183053521,BRFSS,Health Risk Behaviors,No leisure-time physical activity among adults,%,Crude prevalence,16.7,13.9,19.6,3638,2842,"{'type': 'Point', 'coordinates': [-78.7485228, 35.8089553]}",37183053521,RISKBEH,LPA,CrdPrv,Physical Inactivity
2023,NC,North Carolina,Wake,37183,37183052815,BRFSS,Health Risk Behaviors,No leisure-time physical activity among adults,%,Crude prevalence,25.9,22.1,30.1,4648,3531,"{'type': 'Point', 'coordinates': [-78.6050764, 35.7164113]}",37183052815,RISKBEH,LPA,CrdPrv,Physical Inactivity
2023,NC,North Carolina,Wake,37183,37183053433,BRFSS,Health Risk Behaviors,No leisure-time physical activity among adults,%,Crude prevalence,13.5,11.1,16.6,4434,3083,"{'type': 'Point', 'coordinates': [-78.881843, 35.725524]}",37183053433,RISKBEH,LPA,CrdPrv,Physical Inactivity
2023,NC,North Carolina,Robeson,37155,37155960302,BRFSS,Health Risk Behaviors,No leisure-time physical activity among adults,%,Crude prevalence,37.9,33.3,42.4,2416,1804,"{'type': 'Point', 'coordinates': [-79.1406581, 34.8039564]}",37155960302,RISKBEH,LPA,CrdPrv,Physical Inactivity
2023,NC,North Carolina,Surry,37171,37171931103,BRFSS,Health Risk Behaviors,No leisure-time physical activity among adults,%,Crude prevalence,23.5,18.6,28.5,1746,1406,"{'type': 'Point', 'coordinates': [-80.4972325, 36.2961037]}",37171931103,RISKBEH,LPA,CrdPrv,Physical Inactivity
2023,NC,North Carolina,Rowan,37159,37159051801,BRFSS,Health Risk Behaviors,No leisure-time physical activity among adults,%,Crude prevalence,28.8,24.1,34.2,4577,3576,"{'type': 'Point', 'coordinates': [-80.7026556, 35.561215]}",37159051801,RISKBEH,LPA,CrdPrv,Physical Inactivity
2023,NC,North Carolina,Union,37179,37179021009,BRFSS,Health Risk Behaviors,No leisure-time physical activity among adults,%,Crude prevalence,16.0,13.0,19.6,4468,2932,"{'type': 'Point', 'coordinates': [-80.7536853, 34.9747667]}",37179021009,RISKBEH,LPA,CrdPrv,Physical Inactivity
2023,NC,North Carolina,Rowan,37159,37159051001,BRFSS,Health Risk Behaviors,No leisure-time physical activity among adults,%,Crude prevalence,25.7,21.6,30.5,7748,5936,"{'type': 'Point', 'coordinates': [-80.4019781, 35.5323035]}",37159051001,RISKBEH,LPA,CrdPrv,Physical Inactivity
2023,NC,North Carolina,Stanly,37167,37167930101,BRFSS,Health Risk Behaviors,No leisure-time physical activity among adults,%,Crude prevalence,24.2,19.8,29.3,4251,3478,"{'type': 'Point', 'coordinates': [-80.2962845, 35.4359413]}",37167930101,RISKBEH,LPA,CrdPrv,Physical Inactivity
2023,NC,North Carolina,Sampson,37163,37163970502,BRFSS,Health Risk Behaviors,No leisure-time physical activity among adults,%,Crude prevalence,33.0,28.0,38.3,4198,3207,"{'type': 'Point', 'coordinates': [-78.4466198, 35.0336562]}",37163970502,RISKBEH,LPA,CrdPrv,Physical Inactivity
2023,NC,North Carolina,Wake,37183,37183052506,BRFSS,Health Risk Behaviors,No leisure-time physical activity among adults,%,Crude prevalence,15.8,12.6,19.8,2488,2102,"{'type': 'Point', 'coordinates': [-78.6899932, 35.8545202]}",37183052506,RISKBEH,LPA,CrdPrv,Physical Inactivity
2023,NC,North Carolina,Wake,37183,37183053431,BRFSS,Health Risk Behaviors,No leisure-time physical activity among adults,%,Crude prevalence,15.5,12.7,18.5,5562,3935,"{'type': 'Point', 'coordinates': [-78.8209524, 35.7006001]}",37183053431,RISKBEH,LPA,CrdPrv,Physical Inactivity
2023,NC,North Carolina,Wake,37183,37183051000,BRFSS,Health Risk Behaviors,No leisure-time physical activity among adults,%,Crude prevalence,13.6,11.1,16.5,2798,2521,"{'type': 'Point', 'coordinates': [-78.6481695, 35.774008]}",37183051000,RISKBEH,LPA,CrdPrv,Physical Inactivity
2023,NC,North Carolina,Wake,37183,37183053713,BRFSS,Health Risk Behaviors,No leisure-time physical activity among adults,%,Crude prevalence,16.8,13.9,19.9,3799,3149,"{'type': 'Point', 'coordinates': [-78.6954477, 35.8789783]}",37183053713,RISKBEH,LPA,CrdPrv,Physical Inactivity
2023,NC,North Carolina,Stokes,37169,37169070400,BRFSS,Health Risk Behaviors,No leisure-time physical activity among adults,%,Crude prevalence,22.1,18.0,26.4,4959,3944,"{'type': 'Point', 'coordinates': [-80.3955283, 36.3483161]}",37169070400,RISKBEH,LPA,CrdPrv,Physical Inactivity
2023,NC,North Carolina,Rowan,37159,37159051904,BRFSS,Health Risk Behaviors,No leisure-time physical activity among adults,%,Crude prevalence,27.9,23.6,33.0,3207,2477,"{'type': 'Point', 'coordinates': [-80.6923794, 35.8064106]}",37159051904,RISKBEH,LPA,CrdPrv,Physical Inactivity
2023,NC,North Carolina,Wake,37183,37183053619,BRFSS,Health Risk Behaviors,No leisure-time physical activity among adults,%,Crude prevalence,15.4,12.3,19.1,501,433,"{'type': 'Point', 'coordinates': [-78.88092, 35.8552147]}",37183053619,RISKBEH,LPA,CrdPrv,Physical Inactivity
2023,NC,North Carolina,Union,37179,37179021019,BRFSS,Health Risk Behaviors,No leisure-time physical activity among adults,%,Crude prevalence,14.3,11.1,17.5,5007,3600,"{'type': 'Point', 'coordinates': [-80.7296021, 35.0462281]}",37179021019,RISKBEH,LPA,CrdPrv,Physical Inactivity
2023,NC,North Carolina,Surry,37171,37171931001,BRFSS,Health Risk Behaviors,No leisure-time physical activity among adults,%,Crude prevalence,30.8,25.6,36.6,2393,1845,"{'type': 'Point', 'coordinates': [-80.679797, 36.414915]}",37171931001,RISKBEH,LPA,CrdPrv,Physical Inactivity
2023,NC,North Carolina,Vance,37181,37181961000,BRFSS,Health Risk Behaviors,No leisure-time physical activity among adults,%,Crude prevalence,28.2,23.4,33.4,5518,4332,"{'type': 'Point', 'coordinates': [-78.4362328, 36.2320332]}",37181961000,RISKBEH,LPA,CrdPrv,Physical Inactivity
2023,NC,North Carolina,Wake,37183,37183052102,BRFSS,Health Risk Behaviors,No leisure-time physical activity among adults,%,Crude prevalence,29.7,25.3,34.4,5966,4137,"{'type': 'Point', 'coordinates': [-78.5987045, 35.7507683]}",37183052102,RISKBEH,LPA,CrdPrv,Physical Inactivity
2023,NC,North Carolina,Wake,37183,37183052906,BRFSS,Health Risk Behaviors,No leisure-time physical activity among adults,%,Crude prevalence,20.3,16.7,24.3,5131,3969,"{'type': 'Point', 'coordinates': [-78.6523913, 35.6226845]}",37183052906,RISKBEH,LPA,CrdPrv,Physical Inactivity
2023,NC,North Carolina,Robeson,37155,37155961700,BRFSS,Health Risk Behaviors,No leisure-time physical activity among adults,%,Crude prevalence,38.6,34.2,43.1,4322,3475,"{'type': 'Point', 'coordinates': [-79.1284809, 34.4780634]}",37155961700,RISKBEH,LPA,CrdPrv,Physical Inactivity
2023,NC,North Carolina,Rowan,37159,37159051002,BRFSS,Health Risk Behaviors,No leisure-time physical activity among adults,%,Crude prevalence,24.6,20.5,29.1,5980,4596,"{'type': 'Point', 'coordinates': [-80.4459435, 35.5935931]}",37159051002,RISKBEH,LPA,CrdPrv,Physical Inactivity
2023,NC,North Carolina,Rutherford,37161,37161960700,BRFSS,Health Risk Behaviors,No leisure-time physical activity among adults,%,Crude prevalence,28.4,23.9,33.5,4558,3589,"{'type': 'Point', 'coordinates': [-81.8582142, 35.3544255]}",37161960700,RISKBEH,LPA,CrdPrv,Physical Inactivity
2023,NC,North Carolina,Wake,37183,37183053426,BRFSS,Health Risk Behaviors,No leisure-time physical activity among adults,%,Crude prevalence,16.6,13.7,19.5,7522,5095,"{'type': 'Point', 'coordinates': [-78.9105449, 35.7613248]}",37183053426,RISKBEH,LPA,CrdPrv,Physical Inactivity
2023,NC,North Carolina,Wake,37183,37183053006,BRFSS,Health Risk Behaviors,No leisure-time physical activity among adults,%,Crude prevalence,13.1,10.7,15.7,3126,2444,"{'type': 'Point', 'coordinates': [-78.7438873, 35.6932144]}",37183053006,RISKBEH,LPA,CrdPrv,Physical Inactivity
2023,NC,North Carolina,Rockingham,37157,37157041100,BRFSS,Health Risk Behaviors,No leisure-time physical activity among adults,%,Crude prevalence,25.8,21.6,30.8,6485,5251,"{'type': 'Point', 'coordinates': [-79.7310768, 36.4304117]}",37157041100,RISKBEH,LPA,CrdPrv,Physical Inactivity
2023,NC,North Carolina,Wake,37183,37183053615,BRFSS,Health Risk Behaviors,No leisure-time physical activity among adults,%,Crude prevalence,14.7,12.1,17.5,5038,4204,"{'type': 'Point', 'coordinates': [-78.8059491, 35.8908286]}",37183053615,RISKBEH,LPA,CrdPrv,Physical Inactivity
2023,NC,North Carolina,Wake,37183,37183053011,BRFSS,Health Risk Behaviors,No leisure-time physical activity among adults,%,Crude prevalence,15.7,12.9,18.8,4224,3565,"{'type': 'Point', 'coordinates': [-78.7222239, 35.7596606]}",37183053011,RISKBEH,LPA,CrdPrv,Physical Inactivity
2023,NC,North Carolina,Vance,37181,37181960600,BRFSS,Health Risk Behaviors,No leisure-time physical activity among adults,%,Crude prevalence,34.5,29.4,39.7,1375,1022,"{'type': 'Point', 'coordinates': [-78.3729411, 36.3439027]}",37181960600,RISKBEH,LPA,CrdPrv,Physical Inactivity
2023,NC,North Carolina,Wake,37183,37183053206,BRFSS,Health Risk Behaviors,No leisure-time physical activity among adults,%,Crude prevalence,17.0,14.2,20.1,5759,3920,"{'type': 'Point', 'coordinates': [-78.8328307, 35.6148819]}",37183053206,RISKBEH,LPA,CrdPrv,Physical Inactivity
2023,NC,North Carolina,Surry,37171,37171931003,BRFSS,Health Risk Behaviors,No leisure-time physical activity among adults,%,Crude prevalence,34.9,29.7,40.3,2949,2206,"{'type': 'Point', 'coordinates': [-80.7450269, 36.3136618]}",37171931003,RISKBEH,LPA,CrdPrv,Physical Inactivity
2023,NC,North Carolina,Robeson,37155,37155960801,BRFSS,Health Risk Behaviors,No leisure-time physical activity among adults,%,Crude prevalence,45.4,40.7,50.0,3220,2561,"{'type': 'Point', 'coordinates': [-79.0548243, 34.608347]}",37155960801,RISKBEH,LPA,CrdPrv,Physical Inactivity
2023,NC,North Carolina,Richmond,37153,37153970800,BRFSS,Health Risk Behaviors,No leisure-time physical activity among adults,%,Crude prevalence,30.8,26.0,36.0,4981,3879,"{'type': 'Point', 'coordinates': [-79.820195, 34.8508484]}",37153970800,RISKBEH,LPA,CrdPrv,Physical Inactivity
2023,NC,North Carolina,Transylvania,37175,37175960404,BRFSS,Health Risk Behaviors,No leisure-time physical activity among adults,%,Crude prevalence,23.6,18.7,28.8,1941,1631,"{'type': 'Point', 'coordinates': [-82.6513395, 35.1710514]}",37175960404,RISKBEH,LPA,CrdPrv,Physical Inactivity
2023,NC,North Carolina,Surry,37171,37171931200,BRFSS,Health Risk Behaviors,No leisure-time physical activity among adults,%,Crude prevalence,23.0,19.1,27.3,3703,2909,"{'type': 'Point', 'coordinates': [-80.4875968, 36.3644183]}",37171931200,RISKBEH,LPA,CrdPrv,Physical Inactivity
2023,NC,North Carolina,Union,37179,37179021013,BRFSS,Health Risk Behaviors,No leisure-time physical activity among adults,%,Crude prevalence,17.9,14.6,22.1,9206,6112,"{'type': 'Point', 'coordinates': [-80.7579066, 34.9346059]}",37179021013,RISKBEH,LPA,CrdPrv,Physical Inactivity
2023,NC,North Carolina,Surry,37171,37171930101,BRFSS,Health Risk Behaviors,No leisure-time physical activity among adults,%,Crude prevalence,29.4,24.3,34.5,1818,1473,"{'type': 'Point', 'coordinates': [-80.4749297, 36.521172]}",37171930101,RISKBEH,LPA,CrdPrv,Physical Inactivity
2023,NC,North Carolina,Wake,37183,37183052508,BRFSS,Health Risk Behaviors,No leisure-time physical activity among adults,%,Crude prevalence,15.9,13.0,19.0,3384,2956,"{'type': 'Point', 'coordinates': [-78.700628, 35.8402135]}",37183052508,RISKBEH,LPA,CrdPrv,Physical Inactivity
2023,NC,North Carolina,Wake,37183,37183052407,BRFSS,Health Risk Behaviors,No leisure-time physical activity among adults,%,Crude prevalence,15.6,12.8,18.8,4401,3606,"{'type': 'Point', 'coordinates': [-78.7100677, 35.7846005]}",37183052407,RISKBEH,LPA,CrdPrv,Physical Inactivity
2023,NC,North Carolina,Sampson,37163,37163970401,BRFSS,Health Risk Behaviors,No leisure-time physical activity among adults,%,Crude prevalence,24.2,19.4,29.0,1833,1458,"{'type': 'Point', 'coordinates': [-78.5933044, 34.9938025]}",37163970401,RISKBEH,LPA,CrdPrv,Physical Inactivity
2023,NC,North Carolina,Wake,37183,37183052411,BRFSS,Health Risk Behaviors,No leisure-time physical activity among adults,%,Crude prevalence,18.5,15.2,22.0,6285,5185,"{'type': 'Point', 'coordinates': [-78.7397457, 35.7810672]}",37183052411,RISKBEH,LPA,CrdPrv,Physical Inactivity
2023,NC,North Carolina,Rowan,37159,37159050901,BRFSS,Health Risk Behaviors,No leisure-time physical activity among adults,%,Crude prevalence,27.0,22.2,32.3,4169,3511,"{'type': 'Point', 'coordinates': [-80.3298884, 35.6410039]}",37159050901,RISKBEH,LPA,CrdPrv,Physical Inactivity
2023,NC,North Carolina,Stokes,37169,37169070301,BRFSS,Health Risk Behaviors,No leisure-time physical activity among adults,%,Crude prevalence,23.6,18.9,28.6,2315,1928,"{'type': 'Point', 'coordinates': [-80.364396, 36.5026502]}",37169070301,RISKBEH,LPA,CrdPrv,Physical Inactivity
2023,NC,North Carolina,Union,37179,37179020203,BRFSS,Health Risk Behaviors,No leisure-time physical activity among adults,%,Crude prevalence,19.4,16.0,23.6,3943,3154,"{'type': 'Point', 'coordinates': [-80.5614853, 35.1743251]}",37179020203,RISKBEH,LPA,CrdPrv,Physical Inactivity
2023,NC,North Carolina,Wake,37183,37183053525,BRFSS,Health Risk Behaviors,No leisure-time physical activity among adults,%,Crude prevalence,15.3,12.4,18.7,2898,2205,"{'type': 'Point', 'coordinates': [-78.8177286, 35.7785201]}",37183053525,RISKBEH,LPA,CrdPrv,Physical Inactivity
2023,NC,North Carolina,Wake,37183,37183053202,BRFSS,Health Risk Behaviors,No leisure-time physical activity among adults,%,Crude prevalence,16.8,13.8,20.2,4367,3206,"{'type': 'Point', 'coordinates': [-78.7993293, 35.6480941]}",37183053202,RISKBEH,LPA,CrdPrv,Physical Inactivity
2023,NC,North Carolina,Stokes,37169,37169070200,BRFSS,Health Risk Behaviors,No leisure-time physical activity among adults,%,Crude prevalence,26.4,21.8,31.2,3256,2723,"{'type': 'Point', 'coordinates': [-80.245113, 36.4620598]}",37169070200,RISKBEH,LPA,CrdPrv,Physical Inactivity
2023,NC,North Carolina,Wake,37183,37183053211,BRFSS,Health Risk Behaviors,No leisure-time physical activity among adults,%,Crude prevalence,13.8,11.4,16.4,8124,5502,"{'type': 'Point', 'coordinates': [-78.7649529, 35.6470704]}",37183053211,RISKBEH,LPA,CrdPrv,Physical Inactivity
2023,NC,North Carolina,Sampson,37163,37163970600,BRFSS,Health Risk Behaviors,No leisure-time physical activity among adults,%,Crude prevalence,33.6,28.5,38.9,4640,3597,"{'type': 'Point', 'coordinates': [-78.3404209, 35.0425315]}",37163970600,RISKBEH,LPA,CrdPrv,Physical Inactivity
2023,NC,North Carolina,Wake,37183,37183051502,BRFSS,Health Risk Behaviors,No leisure-time physical activity among adults,%,Crude prevalence,11.9,9.5,14.5,2695,2099,"{'type': 'Point', 'coordinates': [-78.6831384, 35.8087069]}",37183051502,RISKBEH,LPA,CrdPrv,Physical Inactivity
2023,NC,North Carolina,Richmond,37153,37153971000,BRFSS,Health Risk Behaviors,No leisure-time physical activity among adults,%,Crude prevalence,35.7,30.3,41.3,3730,2845,"{'type': 'Point', 'coordinates': [-79.6738822, 34.9374896]}",37153971000,RISKBEH,LPA,CrdPrv,Physical Inactivity
2023,NC,North Carolina,Surry,37171,37171930901,BRFSS,Health Risk Behaviors,No leisure-time physical activity among adults,%,Crude prevalence,28.8,23.8,34.2,4438,3542,"{'type': 'Point', 'coordinates': [-80.8561546, 36.2700923]}",37171930901,RISKBEH,LPA,CrdPrv,Physical Inactivity
2023,NC,North Carolina,Wake,37183,37183052507,BRFSS,Health Risk Behaviors,No leisure-time physical activity among adults,%,Crude prevalence,17.8,14.6,21.1,2861,2176,"{'type': 'Point', 'coordinates': [-78.7038641, 35.8502768]}",37183052507,RISKBEH,LPA,CrdPrv,Physical Inactivity
2023,NC,North Carolina,Rockingham,37157,37157041601,BRFSS,Health Risk Behaviors,No leisure-time physical activity among adults,%,Crude prevalence,25.2,21.0,30.3,3323,2698,"{'type': 'Point', 'coordinates': [-79.7600212, 36.3520484]}",37157041601,RISKBEH,LPA,CrdPrv,Physical Inactivity
2023,NC,North Carolina,Surry,37171,37171930502,BRFSS,Health Risk Behaviors,No leisure-time physical activity among adults,%,Crude prevalence,36.8,31.3,42.2,3516,2890,"{'type': 'Point', 'coordinates': [-80.6363605, 36.5060832]}",37171930502,RISKBEH,LPA,CrdPrv,Physical Inactivity
2023,NC,North Carolina,Robeson,37155,37155961602,BRFSS,Health Risk Behaviors,No leisure-time physical activity among adults,%,Crude prevalence,33.5,29.5,37.8,3098,2467,"{'type': 'Point', 'coordinates': [-79.0452961, 34.4266198]}",37155961602,RISKBEH,LPA,CrdPrv,Physical Inactivity
2023,NC,North Carolina,Transylvania,37175,37175960100,BRFSS,Health Risk Behaviors,No leisure-time physical activity among adults,%,Crude prevalence,23.9,19.3,28.7,4352,3464,"{'type': 'Point', 'coordinates': [-82.7071843, 35.325018]}",37175960100,RISKBEH,LPA,CrdPrv,Physical Inactivity
2023,NC,North Carolina,Sampson,37163,37163970201,BRFSS,Health Risk Behaviors,No leisure-time physical activity among adults,%,Crude prevalence,29.3,24.7,34.3,1154,918,"{'type': 'Point', 'coordinates': [-78.3631439, 35.2558218]}",37163970201,RISKBEH,LPA,CrdPrv,Physical Inactivity
2023,NC,North Carolina,Rowan,37159,37159050202,BRFSS,Health Risk Behaviors,No leisure-time physical activity among adults,%,Crude prevalence,29.9,25.5,34.7,5347,4210,"{'type': 'Point', 'coordinates': [-80.4738316, 35.6417994]}",37159050202,RISKBEH,LPA,CrdPrv,Physical Inactivity
2023,NC,North Carolina,Stanly,37167,37167931204,BRFSS,Health Risk Behaviors,No leisure-time physical activity among adults,%,Crude prevalence,24.5,19.8,29.7,3675,2864,"{'type': 'Point', 'coordinates': [-80.1904396, 35.3604346]}",37167931204,RISKBEH,LPA,CrdPrv,Physical Inactivity
2023,NC,North Carolina,Vance,37181,37181960700,BRFSS,Health Risk Behaviors,No leisure-time physical activity among adults,%,Crude prevalence,41.6,35.6,48.0,3770,2763,"{'type': 'Point', 'coordinates': [-78.3943158, 36.3226964]}",37181960700,RISKBEH,LPA,CrdPrv,Physical Inactivity
2023,NC,North Carolina,Wake,37183,37183053210,BRFSS,Health Risk Behaviors,No leisure-time physical activity among adults,%,Crude prevalence,14.1,11.7,16.9,5363,3820,"{'type': 'Point', 'coordinates': [-78.7685957, 35.6788182]}",37183053210,RISKBEH,LPA,CrdPrv,Physical Inactivity
2023,NC,North Carolina,Union,37179,37179020902,BRFSS,Health Risk Behaviors,No leisure-time physical activity among adults,%,Crude prevalence,25.9,21.4,30.8,5952,4655,"{'type': 'Point', 'coordinates': [-80.6116346, 34.8477552]}",37179020902,RISKBEH,LPA,CrdPrv,Physical Inactivity
2023,NC,North Carolina,Wake,37183,37183053422,BRFSS,Health Risk Behaviors,No leisure-time physical activity among adults,%,Crude prevalence,12.5,10.1,15.3,2449,1790,"{'type': 'Point', 'coordinates': [-78.8307704, 35.7776929]}",37183053422,RISKBEH,LPA,CrdPrv,Physical Inactivity
2023,NC,North Carolina,Rowan,37159,37159051600,BRFSS,Health Risk Behaviors,No leisure-time physical activity among adults,%,Crude prevalence,26.3,22.2,31.0,7182,5552,"{'type': 'Point', 'coordinates': [-80.6241416, 35.5487465]}",37159051600,RISKBEH,LPA,CrdPrv,Physical Inactivity
2023,NC,North Carolina,Sampson,37163,37163970900,BRFSS,Health Risk Behaviors,No leisure-time physical activity among adults,%,Crude prevalence,30.6,25.8,35.7,2976,2221,"{'type': 'Point', 'coordinates': [-78.4009507, 34.8292527]}",37163970900,RISKBEH,LPA,CrdPrv,Physical Inactivity
2023,NC,North Carolina,Robeson,37155,37155960102,BRFSS,Health Risk Behaviors,No leisure-time physical activity among adults,%,Crude prevalence,37.8,33.4,42.6,4594,3458,"{'type': 'Point', 'coordinates': [-79.0088383, 34.8178866]}",37155960102,RISKBEH,LPA,CrdPrv,Physical Inactivity
2023,NC,North Carolina,Rockingham,37157,37157041200,BRFSS,Health Risk Behaviors,No leisure-time physical activity among adults,%,Crude prevalence,39.1,33.6,45.7,4962,3876,"{'type': 'Point', 'coordinates': [-79.6751173, 36.3704045]}",37157041200,RISKBEH,LPA,CrdPrv,Physical Inactivity
2023,NC,North Carolina,Wake,37183,37183052601,BRFSS,Health Risk Behaviors,No leisure-time physical activity among adults,%,Crude prevalence,12.2,9.7,14.9,3386,2556,"{'type': 'Point', 'coordinates': [-78.6530628, 35.8440367]}",37183052601,RISKBEH,LPA,CrdPrv,Physical Inactivity
2023,NC,North Carolina,Surry,37171,37171930302,BRFSS,Health Risk Behaviors,No leisure-time physical activity among adults,%,Crude prevalence,25.0,20.0,30.3,3606,2858,"{'type': 'Point', 'coordinates': [-80.6057706, 36.5139359]}",37171930302,RISKBEH,LPA,CrdPrv,Physical Inactivity
2023,NC,North Carolina,Rowan,37159,37159050500,BRFSS,Health Risk Behaviors,No leisure-time physical activity among adults,%,Crude prevalence,18.9,15.3,22.9,3845,3249,"{'type': 'Point', 'coordinates': [-80.4731589, 35.6862475]}",37159050500,RISKBEH,LPA,CrdPrv,Physical Inactivity
2023,NC,North Carolina,Union,37179,37179020318,BRFSS,Health Risk Behaviors,No leisure-time physical activity among adults,%,Crude prevalence,20.7,16.9,25.0,3764,2940,"{'type': 'Point', 'coordinates': [-80.6376166, 35.0872315]}",37179020318,RISKBEH,LPA,CrdPrv,Physical Inactivity
2023,NC,North Carolina,Wake,37183,37183053609,BRFSS,Health Risk Behaviors,No leisure-time physical activity among adults,%,Crude prevalence,17.6,14.5,21.2,1653,1352,"{'type': 'Point', 'coordinates': [-78.817459, 35.8408048]}",37183053609,RISKBEH,LPA,CrdPrv,Physical Inactivity
2023,NC,North Carolina,Robeson,37155,37155960503,BRFSS,Health Risk Behaviors,No leisure-time physical activity among adults,%,Crude prevalence,35.9,31.4,40.8,1783,1330,"{'type': 'Point', 'coordinates': [-79.158717, 34.64715]}",37155960503,RISKBEH,LPA,CrdPrv,Physical Inactivity
2023,NC,North Carolina,Rutherford,37161,37161961103,BRFSS,Health Risk Behaviors,No leisure-time physical activity among adults,%,Crude prevalence,27.9,23.5,32.6,2332,1797,"{'type': 'Point', 'coordinates': [-81.7834399, 35.2458464]}",37161961103,RISKBEH,LPA,CrdPrv,Physical Inactivity
2023,NC,North Carolina,Sampson,37163,37163970303,BRFSS,Health Risk Behaviors,No leisure-time physical activity among adults,%,Crude prevalence,38.0,32.5,44.0,2227,1620,"{'type': 'Point', 'coordinates': [-78.5924833, 35.191795]}",37163970303,RISKBEH,LPA,CrdPrv,Physical Inactivity
2023,NC,North Carolina,Wake,37183,37183053409,BRFSS,Health Risk Behaviors,No leisure-time physical activity among adults,%,Crude prevalence,12.9,10.7,15.3,6807,4872,"{'type': 'Point', 'coordinates': [-78.8611014, 35.7666779]}",37183053409,RISKBEH,LPA,CrdPrv,Physical Inactivity
2023,NC,North Carolina,Union,37179,37179020406,BRFSS,Health Risk Behaviors,No leisure-time physical activity among adults,%,Crude prevalence,42.1,36.5,47.9,4373,2962,"{'type': 'Point', 'coordinates': [-80.5537514, 34.9940151]}",37179020406,RISKBEH,LPA,CrdPrv,Physical Inactivity
2023,NC,North Carolina,Union,37179,37179021020,BRFSS,Health Risk Behaviors,No leisure-time physical activity among adults,%,Crude prevalence,15.3,12.4,18.5,5173,3500,"{'type': 'Point', 'coordinates': [-80.6963837, 34.9923322]}",37179021020,RISKBEH,LPA,CrdPrv,Physical Inactivity
2023,NC,North Carolina,Wake,37183,37183052101,BRFSS,Health Risk Behaviors,No leisure-time physical activity among adults,%,Crude prevalence,32.0,27.3,36.8,8750,6401,"{'type': 'Point', 'coordinates': [-78.6210255, 35.7439038]}",37183052101,RISKBEH,LPA,CrdPrv,Physical Inactivity
2023,NC,North Carolina,Rowan,37159,37159051301,BRFSS,Health Risk Behaviors,No leisure-time physical activity among adults,%,Crude prevalence,25.1,20.6,30.1,2848,2281,"{'type': 'Point', 'coordinates': [-80.5453807, 35.7168412]}",37159051301,RISKBEH,LPA,CrdPrv,Physical Inactivity
2023,NC,North Carolina,Wake,37183,37183053711,BRFSS,Health Risk Behaviors,No leisure-time physical activity among adults,%,Crude prevalence,14.3,11.6,17.1,5339,4173,"{'type': 'Point', 'coordinates': [-78.7099861, 35.8947355]}",37183053711,RISKBEH,LPA,CrdPrv,Physical Inactivity
2023,NC,North Carolina,Wake,37183,37183053205,BRFSS,Health Risk Behaviors,No leisure-time physical activity among adults,%,Crude prevalence,13.4,11.1,15.9,6082,4129,"{'type': 'Point', 'coordinates': [-78.806737, 35.6275663]}",37183053205,RISKBEH,LPA,CrdPrv,Physical Inactivity
2023,NC,North Carolina,Surry,37171,37171930600,BRFSS,Health Risk Behaviors,No leisure-time physical activity among adults,%,Crude prevalence,31.6,26.4,36.6,3538,2850,"{'type': 'Point', 'coordinates': [-80.6377986, 36.468832]}",37171930600,RISKBEH,LPA,CrdPrv,Physical Inactivity
2023,NC,North Carolina,Wake,37183,37183052410,BRFSS,Health Risk Behaviors,No leisure-time physical activity among adults,%,Crude prevalence,27.7,22.8,32.7,1790,1344,"{'type': 'Point', 'coordinates': [-78.7260279, 35.7766536]}",37183052410,RISKBEH,LPA,CrdPrv,Physical Inactivity
2023,NC,North Carolina,Wake,37183,37183052706,BRFSS,Health Risk Behaviors,No leisure-time physical activity among adults,%,Crude prevalence,26.6,22.6,30.7,4848,3641,"{'type': 'Point', 'coordinates': [-78.5898672, 35.8088239]}",37183052706,RISKBEH,LPA,CrdPrv,Physical Inactivity
2023,NC,North Carolina,Union,37179,37179020314,BRFSS,Health Risk Behaviors,No leisure-time physical activity among adults,%,Crude prevalence,19.4,15.8,23.4,5841,4282,"{'type': 'Point', 'coordinates': [-80.703883, 35.0740104]}",37179020314,RISKBEH,LPA,CrdPrv,Physical Inactivity
2023,NC,North Carolina,Rockingham,37157,37157040900,BRFSS,Health Risk Behaviors,No leisure-time physical activity among adults,%,Crude prevalence,29.0,24.2,34.6,2468,2047,"{'type': 'Point', 'coordinates': [-79.9483621, 36.422529]}",37157040900,RISKBEH,LPA,CrdPrv,Physical Inactivity
2023,NC,North Carolina,Union,37179,37179020601,BRFSS,Health Risk Behaviors,No leisure-time physical activity among adults,%,Crude prevalence,32.7,27.6,37.9,5064,3602,"{'type': 'Point', 'coordinates': [-80.4971779, 35.0018953]}",37179020601,RISKBEH,LPA,CrdPrv,Physical Inactivity
2023,NC,North Carolina,Wake,37183,37183052306,BRFSS,Health Risk Behaviors,No leisure-time physical activity among adults,%,Crude prevalence,16.2,13.3,19.6,1382,1224,"{'type': 'Point', 'coordinates': [-78.7073043, 35.7509946]}",37183052306,RISKBEH,LPA,CrdPrv,Physical Inactivity
2023,NC,North Carolina,Rockingham,37157,37157041300,BRFSS,Health Risk Behaviors,No leisure-time physical activity among adults,%,Crude prevalence,29.7,25.1,35.1,6374,5000,"{'type': 'Point', 'coordinates': [-79.5853072, 36.3144265]}",37157041300,RISKBEH,LPA,CrdPrv,Physical Inactivity
2023,NC,North Carolina,Union,37179,37179020321,BRFSS,Health Risk Behaviors,No leisure-time physical activity among adults,%,Crude prevalence,27.8,23.2,32.8,4723,3366,"{'type': 'Point', 'coordinates': [-80.6101594, 35.0609916]}",37179020321,RISKBEH,LPA,CrdPrv,Physical Inactivity
2023,NC,North Carolina,Rockingham,37157,37157041001,BRFSS,Health Risk Behaviors,No leisure-time physical activity among adults,%,Crude prevalence,26.0,21.7,31.4,6437,5117,"{'type': 'Point', 'coordinates': [-79.9756041, 36.3108592]}",37157041001,RISKBEH,LPA,CrdPrv,Physical Inactivity
2023,NC,North Carolina,Wake,37183,37183052812,BRFSS,Health Risk Behaviors,No leisure-time physical activity among adults,%,Crude prevalence,19.9,16.6,23.6,4215,3436,"{'type': 'Point', 'coordinates': [-78.6151546, 35.6782369]}",37183052812,RISKBEH,LPA,CrdPrv,Physical Inactivity
2023,NC,North Carolina,Wake,37183,37183053616,BRFSS,Health Risk Behaviors,No leisure-time physical activity among adults,%,Crude prevalence,14.1,11.8,16.8,5488,4336,"{'type': 'Point', 'coordinates': [-78.8396244, 35.8044988]}",37183053616,RISKBEH,LPA,CrdPrv,Physical Inactivity
2023,NC,North Carolina,Wake,37183,37183052304,BRFSS,Health Risk Behaviors,No leisure-time physical activity among adults,%,Crude prevalence,19.5,16.3,23.3,2803,2285,"{'type': 'Point', 'coordinates': [-78.6776078, 35.7523655]}",37183052304,RISKBEH,LPA,CrdPrv,Physical Inactivity
2023,NC,North Carolina,Wake,37183,37183053009,BRFSS,Health Risk Behaviors,No leisure-time physical activity among adults,%,Crude prevalence,17.6,14.8,20.9,9254,6912,"{'type': 'Point', 'coordinates': [-78.6811836, 35.6968209]}",37183053009,RISKBEH,LPA,CrdPrv,Physical Inactivity
2023,NC,North Carolina,Stokes,37169,37169070505,BRFSS,Health Risk Behaviors,No leisure-time physical activity among adults,%,Crude prevalence,27.0,22.5,31.8,3545,2917,"{'type': 'Point', 'coordinates': [-80.4023024, 36.2851655]}",37169070505,RISKBEH,LPA,CrdPrv,Physical Inactivity
2023,NC,North Carolina,Rowan,37159,37159050903,BRFSS,Health Risk Behaviors,No leisure-time physical activity among adults,%,Crude prevalence,22.4,18.1,26.9,6349,4943,"{'type': 'Point', 'coordinates': [-80.3808197, 35.6042106]}",37159050903,RISKBEH,LPA,CrdPrv,Physical Inactivity
2023,NC,North Carolina,Surry,37171,37171930803,BRFSS,Health Risk Behaviors,No leisure-time physical activity among adults,%,Crude prevalence,29.0,24.0,34.4,2321,1846,"{'type': 'Point', 'coordinates': [-80.8740743, 36.487531]}",37171930803,RISKBEH,LPA,CrdPrv,Physical Inactivity
2023,NC,North Carolina,Union,37179,37179021016,BRFSS,Health Risk Behaviors,No leisure-time physical activity among adults,%,Crude prevalence,15.6,12.5,19.0,5254,3477,"{'type': 'Point', 'coordinates': [-80.7942923, 34.979408]}",37179021016,RISKBEH,LPA,CrdPrv,Physical Inactivity
2023,NC,North Carolina,Wake,37183,37183053429,BRFSS,Health Risk Behaviors,No leisure-time physical activity among adults,%,Crude prevalence,13.7,11.4,16.4,3185,2476,"{'type': 'Point', 'coordinates': [-78.848942, 35.742995]}",37183053429,RISKBEH,LPA,CrdPrv,Physical Inactivity
2023,NC,North Carolina,Stanly,37167,37167930700,BRFSS,Health Risk Behaviors,No leisure-time physical activity among adults,%,Crude prevalence,21.5,17.2,26.0,4668,3701,"{'type': 'Point', 'coordinates': [-80.3153331, 35.3271654]}",37167930700,RISKBEH,LPA,CrdPrv,Physical Inactivity
2023,NC,North Carolina,Wake,37183,37183053421,BRFSS,Health Risk Behaviors,No leisure-time physical activity among adults,%,Crude prevalence,13.9,11.6,16.4,5922,4287,"{'type': 'Point', 'coordinates': [-78.7940717, 35.6893534]}",37183053421,RISKBEH,LPA,CrdPrv,Physical Inactivity
2023,NC,North Carolina,Wake,37183,37183053112,BRFSS,Health Risk Behaviors,No leisure-time physical activity among adults,%,Crude prevalence,18.8,15.6,22.2,6549,4992,"{'type': 'Point', 'coordinates': [-78.7890886, 35.5648198]}",37183053112,RISKBEH,LPA,CrdPrv,Physical Inactivity
2023,NC,North Carolina,Rowan,37159,37159051101,BRFSS,Health Risk Behaviors,No leisure-time physical activity among adults,%,Crude prevalence,24.0,19.9,28.5,7017,5546,"{'type': 'Point', 'coordinates': [-80.4885313, 35.5485347]}",37159051101,RISKBEH,LPA,CrdPrv,Physical Inactivity
2023,NC,North Carolina,Robeson,37155,37155960404,BRFSS,Health Risk Behaviors,No leisure-time physical activity among adults,%,Crude prevalence,29.7,25.4,34.2,3205,2419,"{'type': 'Point', 'coordinates': [-79.2476223, 34.7418673]}",37155960404,RISKBEH,LPA,CrdPrv,Physical Inactivity
2023,NC,North Carolina,Wake,37183,37183052305,BRFSS,Health Risk Behaviors,No leisure-time physical activity among adults,%,Crude prevalence,15.0,11.8,18.9,3053,2836,"{'type': 'Point', 'coordinates': [-78.673369, 35.7658117]}",37183052305,RISKBEH,LPA,CrdPrv,Physical Inactivity
2023,NC,North Carolina,Robeson,37155,37155961900,BRFSS,Health Risk Behaviors,No leisure-time physical activity among adults,%,Crude prevalence,37.5,33.1,42.0,4004,3126,"{'type': 'Point', 'coordinates': [-79.224732, 34.4701832]}",37155961900,RISKBEH,LPA,CrdPrv,Physical Inactivity
2023,NC,North Carolina,Sampson,37163,37163970802,BRFSS,Health Risk Behaviors,No leisure-time physical activity among adults,%,Crude prevalence,36.5,31.0,42.3,4513,3284,"{'type': 'Point', 'coordinates': [-78.317681, 34.9234433]}",37163970802,RISKBEH,LPA,CrdPrv,Physical Inactivity
2023,NC,North Carolina,Wake,37183,37183053612,BRFSS,Health Risk Behaviors,No leisure-time physical activity among adults,%,Crude prevalence,14.6,11.8,17.8,3664,2495,"{'type': 'Point', 'coordinates': [-78.8340966, 35.8332439]}",37183053612,RISKBEH,LPA,CrdPrv,Physical Inactivity
2023,NC,North Carolina,Wake,37183,37183051900,BRFSS,Health Risk Behaviors,No leisure-time physical activity among adults,%,Crude prevalence,27.2,22.9,31.4,4911,3784,"{'type': 'Point', 'coordinates': [-78.6021439, 35.7909911]}",37183051900,RISKBEH,LPA,CrdPrv,Physical Inactivity
2023,NC,North Carolina,Transylvania,37175,37175960301,BRFSS,Health Risk Behaviors,No leisure-time physical activity among adults,%,Crude prevalence,20.3,16.3,25.0,3892,3290,"{'type': 'Point', 'coordinates': [-82.7131456, 35.2424641]}",37175960301,RISKBEH,LPA,CrdPrv,Physical Inactivity
2023,NC,North Carolina,Wake,37183,37183050500,BRFSS,Health Risk Behaviors,No leisure-time physical activity among adults,%,Crude prevalence,16.5,13.0,20.0,3880,2975,"{'type': 'Point', 'coordinates': [-78.6203634, 35.7972616]}",37183050500,RISKBEH,LPA,CrdPrv,Physical Inactivity
2023,NC,North Carolina,Robeson,37155,37155960602,BRFSS,Health Risk Behaviors,No leisure-time physical activity among adults,%,Crude prevalence,36.9,31.9,42.2,1272,963,"{'type': 'Point', 'coordinates': [-79.1068145, 34.645861]}",37155960602,RISKBEH,LPA,CrdPrv,Physical Inactivity
2023,NC,North Carolina,Richmond,37153,37153971100,BRFSS,Health Risk Behaviors,No leisure-time physical activity among adults,%,Crude prevalence,38.4,33.0,43.8,3965,3066,"{'type': 'Point', 'coordinates': [-79.6567293, 34.8752235]}",37153971100,RISKBEH,LPA,CrdPrv,Physical Inactivity
2023,NC,North Carolina,Sampson,37163,37163970202,BRFSS,Health Risk Behaviors,No leisure-time physical activity among adults,%,Crude prevalence,28.5,23.8,33.5,5143,3920,"{'type': 'Point', 'coordinates': [-78.4072039, 35.180214]}",37163970202,RISKBEH,LPA,CrdPrv,Physical Inactivity
2023,NC,North Carolina,Wake,37183,37183053611,BRFSS,Health Risk Behaviors,No leisure-time physical activity among adults,%,Crude prevalence,14.7,12.3,17.4,6852,4842,"{'type': 'Point', 'coordinates': [-78.8412868, 35.8257558]}",37183053611,RISKBEH,LPA,CrdPrv,Physical Inactivity
2023,NC,North Carolina,Robeson,37155,37155960601,BRFSS,Health Risk Behaviors,No leisure-time physical activity among adults,%,Crude prevalence,34.6,30.2,39.3,3996,2901,"{'type': 'Point', 'coordinates': [-79.1089014, 34.6905184]}",37155960601,RISKBEH,LPA,CrdPrv,Physical Inactivity
2023,NC,North Carolina,Union,37179,37179021004,BRFSS,Health Risk Behaviors,No leisure-time physical activity among adults,%,Crude prevalence,17.5,14.2,21.6,7062,4876,"{'type': 'Point', 'coordinates': [-80.692727, 34.9568405]}",37179021004,RISKBEH,LPA,CrdPrv,Physical Inactivity
2023,NC,North Carolina,Rowan,37159,37159050400,BRFSS,Health Risk Behaviors,No leisure-time physical activity among adults,%,Crude prevalence,38.6,32.9,45.3,3139,2432,"{'type': 'Point', 'coordinates': [-80.4888669, 35.6747401]}",37159050400,RISKBEH,LPA,CrdPrv,Physical Inactivity
2023,NC,North Carolina,Wake,37183,37183053111,BRFSS,Health Risk Behaviors,No leisure-time physical activity among adults,%,Crude prevalence,16.9,14.3,19.9,6905,4889,"{'type': 'Point', 'coordinates': [-78.7257107, 35.6535912]}",37183053111,RISKBEH,LPA,CrdPrv,Physical Inactivity
2023,NC,North Carolina,Wake,37183,37183050600,BRFSS,Health Risk Behaviors,No leisure-time physical activity among adults,%,Crude prevalence,16.9,13.8,20.4,3460,2981,"{'type': 'Point', 'coordinates': [-78.6210561, 35.7849873]}",37183050600,RISKBEH,LPA,CrdPrv,Physical Inactivity
2023,NC,North Carolina,Robeson,37155,37155960802,BRFSS,Health Risk Behaviors,No leisure-time physical activity among adults,%,Crude prevalence,42.8,37.8,47.8,1178,816,"{'type': 'Point', 'coordinates': [-78.9997035, 34.5919063]}",37155960802,RISKBEH,LPA,CrdPrv,Physical Inactivity
2023,NC,North Carolina,Sampson,37163,37163970102,BRFSS,Health Risk Behaviors,No leisure-time physical activity among adults,%,Crude prevalence,33.2,28.2,38.5,4555,3392,"{'type': 'Point', 'coordinates': [-78.2582294, 35.1299915]}",37163970102,RISKBEH,LPA,CrdPrv,Physical Inactivity
2023,NC,North Carolina,Union,37179,37179020702,BRFSS,Health Risk Behaviors,No leisure-time physical activity among adults,%,Crude prevalence,29.8,25.1,34.7,3966,3127,"{'type': 'Point', 'coordinates': [-80.4429642, 34.9362748]}",37179020702,RISKBEH,LPA,CrdPrv,Physical Inactivity
2023,NC,North Carolina,Wake,37183,37183053110,BRFSS,Health Risk Behaviors,No leisure-time physical activity among adults,%,Crude prevalence,18.4,15.4,21.4,6424,4764,"{'type': 'Point', 'coordinates': [-78.7080411, 35.6192532]}",37183053110,RISKBEH,LPA,CrdPrv,Physical Inactivity
2023,NC,North Carolina,Wake,37183,37183052813,BRFSS,Health Risk Behaviors,No leisure-time physical activity among adults,%,Crude prevalence,20.2,17.2,23.5,2939,2375,"{'type': 'Point', 'coordinates': [-78.58111, 35.6542687]}",37183052813,RISKBEH,LPA,CrdPrv,Physical Inactivity
2023,NC,North Carolina,Richmond,37153,37153970700,BRFSS,Health Risk Behaviors,No leisure-time physical activity among adults,%,Crude prevalence,42.2,36.4,48.4,2789,2087,"{'type': 'Point', 'coordinates': [-79.7665562, 34.9178657]}",37153970700,RISKBEH,LPA,CrdPrv,Physical Inactivity
2023,NC,North Carolina,Surry,37171,37171930301,BRFSS,Health Risk Behaviors,No leisure-time physical activity among adults,%,Crude prevalence,24.6,20.3,29.1,2086,1697,"{'type': 'Point', 'coordinates': [-80.5962176, 36.5398684]}",37171930301,RISKBEH,LPA,CrdPrv,Physical Inactivity
2023,NC,North Carolina,Scotland,37165,37165010200,BRFSS,Health Risk Behaviors,No leisure-time physical activity among adults,%,Crude prevalence,43.7,38.0,49.5,3614,2625,"{'type': 'Point', 'coordinates': [-79.462944, 34.7918008]}",37165010200,RISKBEH,LPA,CrdPrv,Physical Inactivity
2023,NC,North Carolina,Rutherford,37161,37161960900,BRFSS,Health Risk Behaviors,No leisure-time physical activity among adults,%,Crude prevalence,31.4,26.2,36.9,5056,3981,"{'type': 'Point', 'coordinates': [-81.8621472, 35.3018315]}",37161960900,RISKBEH,LPA,CrdPrv,Physical Inactivity
2023,NC,North Carolina,Wake,37183,37183052002,BRFSS,Health Risk Behaviors,No leisure-time physical activity among adults,%,Crude prevalence,28.8,24.4,33.3,5085,3865,"{'type': 'Point', 'coordinates': [-78.5975489, 35.7668489]}",37183052002,RISKBEH,LPA,CrdPrv,Physical Inactivity
2023,NC,North Carolina,Rutherford,37161,37161960202,BRFSS,Health Risk Behaviors,No leisure-time physical activity among adults,%,Crude prevalence,33.3,27.6,39.9,1303,1035,"{'type': 'Point', 'coordinates': [-82.0590377, 35.4368986]}",37161960202,RISKBEH,LPA,CrdPrv,Physical Inactivity
2023,NC,North Carolina,Robeson,37155,37155961200,BRFSS,Health Risk Behaviors,No leisure-time physical activity among adults,%,Crude prevalence,35.8,31.2,40.5,2767,2165,"{'type': 'Point', 'coordinates': [-78.9912765, 34.6239945]}",37155961200,RISKBEH,LPA,CrdPrv,Physical Inactivity
2023,NC,North Carolina,Rowan,37159,37159050201,BRFSS,Health Risk Behaviors,No leisure-time physical activity among adults,%,Crude prevalence,32.7,27.7,38.3,4152,3246,"{'type': 'Point', 'coordinates': [-80.4396594, 35.6495718]}",37159050201,RISKBEH,LPA,CrdPrv,Physical Inactivity
2023,NC,North Carolina,Wake,37183,37183052810,BRFSS,Health Risk Behaviors,No leisure-time physical activity among adults,%,Crude prevalence,23.9,19.9,28.2,8391,5885,"{'type': 'Point', 'coordinates': [-78.5350492, 35.7318957]}",37183052810,RISKBEH,LPA,CrdPrv,Physical Inactivity
2023,NC,North Carolina,Rutherford,37161,37161961200,BRFSS,Health Risk Behaviors,No leisure-time physical activity among adults,%,Crude prevalence,29.6,24.7,34.8,4346,3553,"{'type': 'Point', 'coordinates': [-81.9068768, 35.2314014]}",37161961200,RISKBEH,LPA,CrdPrv,Physical Inactivity
2023,NC,North Carolina,Wake,37183,37183052902,BRFSS,Health Risk Behaviors,No leisure-time physical activity among adults,%,Crude prevalence,18.7,15.7,22.1,5824,4502,"{'type': 'Point', 'coordinates': [-78.6129578, 35.6205256]}",37183052902,RISKBEH,LPA,CrdPrv,Physical Inactivity
2023,NC,North Carolina,Rockingham,37157,37157040602,BRFSS,Health Risk Behaviors,No leisure-time physical activity among adults,%,Crude prevalence,29.0,24.3,34.6,4386,3533,"{'type': 'Point', 'coordinates': [-79.8671963, 36.4328515]}",37157040602,RISKBEH,LPA,CrdPrv,Physical Inactivity
2023,NC,North Carolina,Vance,37181,37181960100,BRFSS,Health Risk Behaviors,No leisure-time physical activity among adults,%,Crude prevalence,26.2,21.5,31.2,3925,3166,"{'type': 'Point', 'coordinates': [-78.3449351, 36.4276144]}",37181960100,RISKBEH,LPA,CrdPrv,Physical Inactivity
2023,NC,North Carolina,Wake,37183,37183053005,BRFSS,Health Risk Behaviors,No leisure-time physical activity among adults,%,Crude prevalence,13.1,10.8,15.8,4880,3843,"{'type': 'Point', 'coordinates': [-78.7730897, 35.7134961]}",37183053005,RISKBEH,LPA,CrdPrv,Physical Inactivity
2023,NC,North Carolina,Stanly,37167,37167930500,BRFSS,Health Risk Behaviors,No leisure-time physical activity among adults,%,Crude prevalence,26.1,21.5,31.6,3478,2727,"{'type': 'Point', 'coordinates': [-80.2365242, 35.3779417]}",37167930500,RISKBEH,LPA,CrdPrv,Physical Inactivity
2023,NC,North Carolina,Rutherford,37161,37161961102,BRFSS,Health Risk Behaviors,No leisure-time physical activity among adults,%,Crude prevalence,24.2,19.9,29.2,3132,2463,"{'type': 'Point', 'coordinates': [-81.8199451, 35.2210428]}",37161961102,RISKBEH,LPA,CrdPrv,Physical Inactivity
2023,NC,North Carolina,Robeson,37155,37155960301,BRFSS,Health Risk Behaviors,No leisure-time physical activity among adults,%,Crude prevalence,42.6,38.0,47.3,3283,2395,"{'type': 'Point', 'coordinates': [-79.2098707, 34.8128109]}",37155960301,RISKBEH,LPA,CrdPrv,Physical Inactivity
2023,NC,North Carolina,Union,37179,37179020319,BRFSS,Health Risk Behaviors,No leisure-time physical activity among adults,%,Crude prevalence,19.0,15.3,23.0,3419,2390,"{'type': 'Point', 'coordinates': [-80.6513153, 35.1083213]}",37179020319,RISKBEH,LPA,CrdPrv,Physical Inactivity
2023,NC,North Carolina,Union,37179,37179020315,BRFSS,Health Risk Behaviors,No leisure-time physical activity among adults,%,Crude prevalence,18.8,15.3,22.6,5250,3671,"{'type': 'Point', 'coordinates': [-80.6942415, 35.0453229]}",37179020315,RISKBEH,LPA,CrdPrv,Physical Inactivity
2023,NC,North Carolina,Wake,37183,37183052705,BRFSS,Health Risk Behaviors,No leisure-time physical activity among adults,%,Crude prevalence,23.9,20.0,28.0,5558,4657,"{'type': 'Point', 'coordinates': [-78.5989928, 35.8261154]}",37183052705,RISKBEH,LPA,CrdPrv,Physical Inactivity
2023,NC,North Carolina,Wake,37183,37183053512,BRFSS,Health Risk Behaviors,No leisure-time physical activity among adults,%,Crude prevalence,12.2,9.9,14.7,7112,5960,"{'type': 'Point', 'coordinates': [-78.7805364, 35.8258367]}",37183053512,RISKBEH,LPA,CrdPrv,Physical Inactivity
2023,NC,North Carolina,Sampson,37163,37163970101,BRFSS,Health Risk Behaviors,No leisure-time physical activity among adults,%,Crude prevalence,31.8,26.9,37.1,1734,1328,"{'type': 'Point', 'coordinates': [-78.1894802, 34.9810873]}",37163970101,RISKBEH,LPA,CrdPrv,Physical Inactivity
2023,NC,North Carolina,Wake,37183,37183053434,BRFSS,Health Risk Behaviors,No leisure-time physical activity among adults,%,Crude prevalence,17.1,13.8,20.9,4931,3412,"{'type': 'Point', 'coordinates': [-78.8671636, 35.7286286]}",37183053434,RISKBEH,LPA,CrdPrv,Physical Inactivity
2023,NC,North Carolina,Rockingham,37157,37157040300,BRFSS,Health Risk Behaviors,No leisure-time physical activity among adults,%,Crude prevalence,29.9,25.0,35.7,3866,3146,"{'type': 'Point', 'coordinates': [-79.7383568, 36.4948633]}",37157040300,RISKBEH,LPA,CrdPrv,Physical Inactivity
2023,NC,North Carolina,Wake,37183,37183050400,BRFSS,Health Risk Behaviors,No leisure-time physical activity among adults,%,Crude prevalence,15.1,12.5,17.9,1655,1373,"{'type': 'Point', 'coordinates': [-78.635487, 35.7959372]}",37183050400,RISKBEH,LPA,CrdPrv,Physical Inactivity
2023,NC,North Carolina,Wake,37183,37183052001,BRFSS,Health Risk Behaviors,No leisure-time physical activity among adults,%,Crude prevalence,39.2,34.3,44.1,3782,2707,"{'type': 'Point', 'coordinates': [-78.5910813, 35.7795509]}",37183052001,RISKBEH,LPA,CrdPrv,Physical Inactivity
2023,NC,North Carolina,Rutherford,37161,37161960600,BRFSS,Health Risk Behaviors,No leisure-time physical activity among adults,%,Crude prevalence,33.3,28.0,38.8,4109,3272,"{'type': 'Point', 'coordinates': [-81.9191855, 35.3655458]}",37161960600,RISKBEH,LPA,CrdPrv,Physical Inactivity
2023,NC,North Carolina,Wake,37183,37183053427,BRFSS,Health Risk Behaviors,No leisure-time physical activity among adults,%,Crude prevalence,12.7,10.3,15.2,5698,3969,"{'type': 'Point', 'coordinates': [-78.923884, 35.7367655]}",37183053427,RISKBEH,LPA,CrdPrv,Physical Inactivity
2023,NC,North Carolina,Wake,37183,37183051501,BRFSS,Health Risk Behaviors,No leisure-time physical activity among adults,%,Crude prevalence,14.0,11.6,16.7,3519,2647,"{'type': 'Point', 'coordinates': [-78.6740845, 35.8260553]}",37183051501,RISKBEH,LPA,CrdPrv,Physical Inactivity
2023,NC,North Carolina,Stokes,37169,37169070102,BRFSS,Health Risk Behaviors,No leisure-time physical activity among adults,%,Crude prevalence,30.7,25.7,36.0,2633,2133,"{'type': 'Point', 'coordinates': [-80.1177073, 36.4819219]}",37169070102,RISKBEH,LPA,CrdPrv,Physical Inactivity
2023,NC,North Carolina,Vance,37181,37181960200,BRFSS,Health Risk Behaviors,No leisure-time physical activity among adults,%,Crude prevalence,26.7,22.0,31.5,4107,3288,"{'type': 'Point', 'coordinates': [-78.4408778, 36.4836787]}",37181960200,RISKBEH,LPA,CrdPrv,Physical Inactivity
2023,NC,North Carolina,Wake,37183,37183052505,BRFSS,Health Risk Behaviors,No leisure-time physical activity among adults,%,Crude prevalence,15.9,12.9,19.5,5050,4173,"{'type': 'Point', 'coordinates': [-78.6720248, 35.8474136]}",37183052505,RISKBEH,LPA,CrdPrv,Physical Inactivity
2023,NC,North Carolina,Sampson,37163,37163971001,BRFSS,Health Risk Behaviors,No leisure-time physical activity among adults,%,Crude prevalence,33.8,28.7,39.1,2471,1891,"{'type': 'Point', 'coordinates': [-78.2554542, 34.857044]}",37163971001,RISKBEH,LPA,CrdPrv,Physical Inactivity
2023,NC,North Carolina,Transylvania,37175,37175960502,BRFSS,Health Risk Behaviors,No leisure-time physical activity among adults,%,Crude prevalence,26.0,21.5,30.6,2661,2050,"{'type': 'Point', 'coordinates': [-82.8590334, 35.2384835]}",37175960502,RISKBEH,LPA,CrdPrv,Physical Inactivity
2023,NC,North Carolina,Sampson,37163,37163970302,BRFSS,Health Risk Behaviors,No leisure-time physical activity among adults,%,Crude prevalence,24.5,20.2,29.0,4906,3718,"{'type': 'Point', 'coordinates': [-78.5711338, 35.1060835]}",37163970302,RISKBEH,LPA,CrdPrv,Physical Inactivity
2023,NC,North Carolina,Robeson,37155,37155960101,BRFSS,Health Risk Behaviors,No leisure-time physical activity among adults,%,Crude prevalence,36.8,32.4,41.2,3859,2802,"{'type': 'Point', 'coordinates': [-78.9336833, 34.8340472]}",37155960101,RISKBEH,LPA,CrdPrv,Physical Inactivity
2023,NC,North Carolina,Wake,37183,37183052802,BRFSS,Health Risk Behaviors,No leisure-time physical activity among adults,%,Crude prevalence,23.5,20.1,27.0,5972,4736,"{'type': 'Point', 'coordinates': [-78.6446074, 35.7060065]}",37183052802,RISKBEH,LPA,CrdPrv,Physical Inactivity
2023,NC,North Carolina,Wake,37183,37183051101,BRFSS,Health Risk Behaviors,No leisure-time physical activity among adults,%,Crude prevalence,23.7,19.8,28.1,4099,3678,"{'type': 'Point', 'coordinates': [-78.6883195, 35.7880125]}",37183051101,RISKBEH,LPA,CrdPrv,Physical Inactivity
2023,NC,North Carolina,Transylvania,37175,37175960601,BRFSS,Health Risk Behaviors,No leisure-time physical activity among adults,%,Crude prevalence,20.7,16.5,25.6,1124,914,"{'type': 'Point', 'coordinates': [-82.9429903, 35.0814213]}",37175960601,RISKBEH,LPA,CrdPrv,Physical Inactivity
2023,NC,North Carolina,Vance,37181,37181960400,BRFSS,Health Risk Behaviors,No leisure-time physical activity among adults,%,Crude prevalence,26.6,21.7,31.7,4226,3383,"{'type': 'Point', 'coordinates': [-78.4360393, 36.319355]}",37181960400,RISKBEH,LPA,CrdPrv,Physical Inactivity
2023,NC,North Carolina,Union,37179,37179020100,BRFSS,Health Risk Behaviors,No leisure-time physical activity among adults,%,Crude prevalence,21.4,17.3,25.6,6928,5219,"{'type': 'Point', 'coordinates': [-80.359179, 35.096438]}",37179020100,RISKBEH,LPA,CrdPrv,Physical Inactivity
2023,NC,North Carolina,Stanly,37167,37167930902,BRFSS,Health Risk Behaviors,No leisure-time physical activity among adults,%,Crude prevalence,24.0,19.5,28.6,3459,2641,"{'type': 'Point', 'coordinates': [-80.339919, 35.2592609]}",37167930902,RISKBEH,LPA,CrdPrv,Physical Inactivity
2023,NC,North Carolina,Rutherford,37161,37161961002,BRFSS,Health Risk Behaviors,No leisure-time physical activity among adults,%,Crude prevalence,27.2,22.4,32.8,3088,2376,"{'type': 'Point', 'coordinates': [-81.7363988, 35.3594568]}",37161961002,RISKBEH,LPA,CrdPrv,Physical Inactivity
2023,NC,North Carolina,Rowan,37159,37159050300,BRFSS,Health Risk Behaviors,No leisure-time physical activity among adults,%,Crude prevalence,29.8,25.2,35.2,3609,2860,"{'type': 'Point', 'coordinates': [-80.4895557, 35.6619876]}",37159050300,RISKBEH,LPA,CrdPrv,Physical Inactivity
2023,NC,North Carolina,Wake,37183,37183053204,BRFSS,Health Risk Behaviors,No leisure-time physical activity among adults,%,Crude prevalence,17.2,14.3,20.6,4982,3676,"{'type': 'Point', 'coordinates': [-78.8323251, 35.647668]}",37183053204,RISKBEH,LPA,CrdPrv,Physical Inactivity
2023,NC,North Carolina,Wake,37183,37183050700,BRFSS,Health Risk Behaviors,No leisure-time physical activity among adults,%,Crude prevalence,28.7,24.6,33.1,3073,2510,"{'type': 'Point', 'coordinates': [-78.6207333, 35.7739244]}",37183050700,RISKBEH,LPA,CrdPrv,Physical Inactivity
2023,NC,North Carolina,Union,37179,37179021006,BRFSS,Health Risk Behaviors,No leisure-time physical activity among adults,%,Crude prevalence,14.9,11.7,18.3,5541,3876,"{'type': 'Point', 'coordinates': [-80.7837618, 35.0176378]}",37179021006,RISKBEH,LPA,CrdPrv,Physical Inactivity
2023,NC,North Carolina,Stokes,37169,37169070503,BRFSS,Health Risk Behaviors,No leisure-time physical activity among adults,%,Crude prevalence,21.6,17.4,26.2,5892,4677,"{'type': 'Point', 'coordinates': [-80.3524014, 36.2982318]}",37169070503,RISKBEH,LPA,CrdPrv,Physical Inactivity
2023,NC,North Carolina,Surry,37171,37171931002,BRFSS,Health Risk Behaviors,No leisure-time physical activity among adults,%,Crude prevalence,27.4,22.9,32.3,4938,3908,"{'type': 'Point', 'coordinates': [-80.7392563, 36.3902386]}",37171931002,RISKBEH,LPA,CrdPrv,Physical Inactivity
2023,NC,North Carolina,Rowan,37159,37159051204,BRFSS,Health Risk Behaviors,No leisure-time physical activity among adults,%,Crude prevalence,26.6,22.0,31.7,4282,3192,"{'type': 'Point', 'coordinates': [-80.5268296, 35.6494477]}",37159051204,RISKBEH,LPA,CrdPrv,Physical Inactivity
2023,NC,North Carolina,Stokes,37169,37169070302,BRFSS,Health Risk Behaviors,No leisure-time physical activity among adults,%,Crude prevalence,28.4,23.7,33.1,2178,1760,"{'type': 'Point', 'coordinates': [-80.3922429, 36.427251]}",37169070302,RISKBEH,LPA,CrdPrv,Physical Inactivity
2023,NC,North Carolina,Robeson,37155,37155961601,BRFSS,Health Risk Behaviors,No leisure-time physical activity among adults,%,Crude prevalence,30.7,26.8,35.1,3402,2562,"{'type': 'Point', 'coordinates': [-78.9796203, 34.521995]}",37155961601,RISKBEH,LPA,CrdPrv,Physical Inactivity
2023,NC,North Carolina,Stanly,37167,37167930200,BRFSS,Health Risk Behaviors,No leisure-time physical activity among adults,%,Crude prevalence,28.0,23.1,33.2,4945,4118,"{'type': 'Point', 'coordinates': [-80.1078462, 35.3625354]}",37167930200,RISKBEH,LPA,CrdPrv,Physical Inactivity
2023,NC,North Carolina,Wake,37183,37183053419,BRFSS,Health Risk Behaviors,No leisure-time physical activity among adults,%,Crude prevalence,15.5,12.5,18.9,3010,2181,"{'type': 'Point', 'coordinates': [-78.8164556, 35.7342995]}",37183053419,RISKBEH,LPA,CrdPrv,Physical Inactivity
2023,NC,North Carolina,Robeson,37155,37155960502,BRFSS,Health Risk Behaviors,No leisure-time physical activity among adults,%,Crude prevalence,30.2,25.7,34.6,5701,4848,"{'type': 'Point', 'coordinates': [-79.1992108, 34.6819038]}",37155960502,RISKBEH,LPA,CrdPrv,Physical Inactivity
2023,NC,North Carolina,Wake,37183,37183053520,BRFSS,Health Risk Behaviors,No leisure-time physical activity among adults,%,Crude prevalence,18.5,15.5,21.9,5857,4583,"{'type': 'Point', 'coordinates': [-78.7751998, 35.8002556]}",37183053520,RISKBEH,LPA,CrdPrv,Physical Inactivity
2023,NC,North Carolina,Rockingham,37157,37157041501,BRFSS,Health Risk Behaviors,No leisure-time physical activity among adults,%,Crude prevalence,27.3,22.9,32.7,1338,1110,"{'type': 'Point', 'coordinates': [-79.6907659, 36.3043263]}",37157041501,RISKBEH,LPA,CrdPrv,Physical Inactivity
2023,NC,North Carolina,Rowan,37159,37159050700,BRFSS,Health Risk Behaviors,No leisure-time physical activity among adults,%,Crude prevalence,30.0,25.2,35.1,3221,2474,"{'type': 'Point', 'coordinates': [-80.4247433, 35.702163]}",37159050700,RISKBEH,LPA,CrdPrv,Physical Inactivity
2023,NC,North Carolina,Wake,37183,37183053209,BRFSS,Health Risk Behaviors,No leisure-time physical activity among adults,%,Crude prevalence,15.1,12.3,18.1,3023,2095,"{'type': 'Point', 'coordinates': [-78.9313013, 35.6027831]}",37183053209,RISKBEH,LPA,CrdPrv,Physical Inactivity
2023,NC,North Carolina,Wake,37183,37183053614,BRFSS,Health Risk Behaviors,No leisure-time physical activity among adults,%,Crude prevalence,14.7,12.0,17.7,2572,2030,"{'type': 'Point', 'coordinates': [-78.8037616, 35.9090523]}",37183053614,RISKBEH,LPA,CrdPrv,Physical Inactivity
2023,NC,North Carolina,Wake,37183,37183053509,BRFSS,Health Risk Behaviors,No leisure-time physical activity among adults,%,Crude prevalence,12.6,10.3,15.3,5201,4002,"{'type': 'Point', 'coordinates': [-78.8043542, 35.7501257]}",37183053509,RISKBEH,LPA,CrdPrv,Physical Inactivity
2023,NC,North Carolina,Rowan,37159,37159050800,BRFSS,Health Risk Behaviors,No leisure-time physical activity among adults,%,Crude prevalence,32.0,27.3,37.2,2870,2146,"{'type': 'Point', 'coordinates': [-80.4171909, 35.6779562]}",37159050800,RISKBEH,LPA,CrdPrv,Physical Inactivity
2023,NC,North Carolina,Robeson,37155,37155961400,BRFSS,Health Risk Behaviors,No leisure-time physical activity among adults,%,Crude prevalence,30.6,26.7,34.7,3789,2883,"{'type': 'Point', 'coordinates': [-78.8959756, 34.7035214]}",37155961400,RISKBEH,LPA,CrdPrv,Physical Inactivity
2023,NC,North Carolina,Robeson,37155,37155961801,BRFSS,Health Risk Behaviors,No leisure-time physical activity among adults,%,Crude prevalence,38.0,33.4,42.8,4444,3332,"{'type': 'Point', 'coordinates': [-79.2476138, 34.6244596]}",37155961801,RISKBEH,LPA,CrdPrv,Physical Inactivity
2023,NC,North Carolina,Vance,37181,37181960903,BRFSS,Health Risk Behaviors,No leisure-time physical activity among adults,%,Crude prevalence,45.5,39.5,51.2,3464,2467,"{'type': 'Point', 'coordinates': [-78.3332926, 36.3000766]}",37181960903,RISKBEH,LPA,CrdPrv,Physical Inactivity
2023,NC,North Carolina,Wake,37183,37183052809,BRFSS,Health Risk Behaviors,No leisure-time physical activity among adults,%,Crude prevalence,26.1,22.2,30.2,2772,2055,"{'type': 'Point', 'coordinates': [-78.5475861, 35.6661543]}",37183052809,RISKBEH,LPA,CrdPrv,Physical Inactivity
2023,NC,North Carolina,Wake,37183,37183050800,BRFSS,Health Risk Behaviors,No leisure-time physical activity among adults,%,Crude prevalence,31.1,26.5,35.9,4086,3563,"{'type': 'Point', 'coordinates': [-78.6256548, 35.7644588]}",37183050800,RISKBEH,LPA,CrdPrv,Physical Inactivity
2023,NC,North Carolina,Rutherford,37161,37161960400,BRFSS,Health Risk Behaviors,No leisure-time physical activity among adults,%,Crude prevalence,24.3,19.9,29.4,3384,2714,"{'type': 'Point', 'coordinates': [-81.9788997, 35.3060518]}",37161960400,RISKBEH,LPA,CrdPrv,Physical Inactivity
2023,NC,North Carolina,Surry,37171,37171931102,BRFSS,Health Risk Behaviors,No leisure-time physical activity among adults,%,Crude prevalence,25.7,21.2,30.5,3503,2783,"{'type': 'Point', 'coordinates': [-80.6144359, 36.3108208]}",37171931102,RISKBEH,LPA,CrdPrv,Physical Inactivity
2023,NC,North Carolina,Wake,37183,37183053432,BRFSS,Health Risk Behaviors,No leisure-time physical activity among adults,%,Crude prevalence,15.0,12.3,18.0,3173,2264,"{'type': 'Point', 'coordinates': [-78.8531823, 35.6847767]}",37183053432,RISKBEH,LPA,CrdPrv,Physical Inactivity
2023,NC,North Carolina,Wake,37183,37183052701,BRFSS,Health Risk Behaviors,No leisure-time physical activity among adults,%,Crude prevalence,23.2,19.4,27.0,6052,4810,"{'type': 'Point', 'coordinates': [-78.6206175, 35.8339214]}",37183052701,RISKBEH,LPA,CrdPrv,Physical Inactivity
2023,NC,North Carolina,Wake,37183,37183051600,BRFSS,Health Risk Behaviors,No leisure-time physical activity among adults,%,Crude prevalence,11.6,9.4,13.9,4958,3815,"{'type': 'Point', 'coordinates': [-78.6594977, 35.806999]}",37183051600,RISKBEH,LPA,CrdPrv,Physical Inactivity
2023,NC,North Carolina,Rowan,37159,37159051400,BRFSS,Health Risk Behaviors,No leisure-time physical activity among adults,%,Crude prevalence,26.7,22.5,31.5,7583,5907,"{'type': 'Point', 'coordinates': [-80.5705368, 35.5157551]}",37159051400,RISKBEH,LPA,CrdPrv,Physical Inactivity
2023,NC,North Carolina,Scotland,37165,37165010601,BRFSS,Health Risk Behaviors,No leisure-time physical activity among adults,%,Crude prevalence,33.9,29.0,39.1,3115,2458,"{'type': 'Point', 'coordinates': [-79.414398, 34.8581548]}",37165010601,RISKBEH,LPA,CrdPrv,Physical Inactivity
2023,NC,North Carolina,Union,37179,37179020316,BRFSS,Health Risk Behaviors,No leisure-time physical activity among adults,%,Crude prevalence,19.3,15.9,23.5,4968,3738,"{'type': 'Point', 'coordinates': [-80.6715276, 35.0493981]}",37179020316,RISKBEH,LPA,CrdPrv,Physical Inactivity
2023,NC,North Carolina,Wake,37183,37183053105,BRFSS,Health Risk Behaviors,No leisure-time physical activity among adults,%,Crude prevalence,18.2,15.0,21.4,5462,4319,"{'type': 'Point', 'coordinates': [-78.7883312, 35.6081409]}",37183053105,RISKBEH,LPA,CrdPrv,Physical Inactivity
2023,NC,North Carolina,Stanly,37167,37167931102,BRFSS,Health Risk Behaviors,No leisure-time physical activity among adults,%,Crude prevalence,27.6,22.7,32.8,3406,2694,"{'type': 'Point', 'coordinates': [-80.1240923, 35.2078597]}",37167931102,RISKBEH,LPA,CrdPrv,Physical Inactivity
2023,NC,North Carolina,Stokes,37169,37169070101,BRFSS,Health Risk Behaviors,No leisure-time physical activity among adults,%,Crude prevalence,28.1,23.4,32.9,3492,2799,"{'type': 'Point', 'coordinates': [-80.0859336, 36.3854332]}",37169070101,RISKBEH,LPA,CrdPrv,Physical Inactivity
2023,NC,North Carolina,Sampson,37163,37163970402,BRFSS,Health Risk Behaviors,No leisure-time physical activity among adults,%,Crude prevalence,29.7,24.8,34.9,2801,2107,"{'type': 'Point', 'coordinates': [-78.517642, 34.9714765]}",37163970402,RISKBEH,LPA,CrdPrv,Physical Inactivity
2023,NC,North Carolina,Rockingham,37157,37157040400,BRFSS,Health Risk Behaviors,No leisure-time physical activity among adults,%,Crude prevalence,30.3,25.8,36.1,5851,4568,"{'type': 'Point', 'coordinates': [-79.7607194, 36.5249226]}",37157040400,RISKBEH,LPA,CrdPrv,Physical Inactivity
2023,NC,North Carolina,Rockingham,37157,37157040700,BRFSS,Health Risk Behaviors,No leisure-time physical activity among adults,%,Crude prevalence,29.3,24.9,34.9,4149,3446,"{'type': 'Point', 'coordinates': [-79.9942531, 36.4489951]}",37157040700,RISKBEH,LPA,CrdPrv,Physical Inactivity
2023,NC,North Carolina,Rutherford,37161,37161961001,BRFSS,Health Risk Behaviors,No leisure-time physical activity among adults,%,Crude prevalence,22.9,18.8,27.4,3890,3055,"{'type': 'Point', 'coordinates': [-81.7927797, 35.351168]}",37161961001,RISKBEH,LPA,CrdPrv,Physical Inactivity
2023,NC,North Carolina,Union,37179,37179020310,BRFSS,Health Risk Behaviors,No leisure-time physical activity among adults,%,Crude prevalence,19.0,15.6,23.0,6422,4717,"{'type': 'Point', 'coordinates': [-80.6326957, 35.1222951]}",37179020310,RISKBEH,LPA,CrdPrv,Physical Inactivity
2023,NC,North Carolina,Wake,37183,37183053519,BRFSS,Health Risk Behaviors,No leisure-time physical activity among adults,%,Crude prevalence,19.7,16.5,23.0,3954,3164,"{'type': 'Point', 'coordinates': [-78.790295, 35.7653692]}",37183053519,RISKBEH,LPA,CrdPrv,Physical Inactivity
2023,NC,North Carolina,Wake,37183,37183053604,BRFSS,Health Risk Behaviors,No leisure-time physical activity among adults,%,Crude prevalence,14.0,11.4,17.4,4336,3195,"{'type': 'Point', 'coordinates': [-78.8538326, 35.8015105]}",37183053604,RISKBEH,LPA,CrdPrv,Physical Inactivity
2023,NC,North Carolina,Sampson,37163,37163970702,BRFSS,Health Risk Behaviors,No leisure-time physical activity among adults,%,Crude prevalence,31.7,26.8,37.0,4624,3509,"{'type': 'Point', 'coordinates': [-78.2813843, 35.0277813]}",37163970702,RISKBEH,LPA,CrdPrv,Physical Inactivity
2023,NC,North Carolina,Union,37179,37179020308,BRFSS,Health Risk Behaviors,No leisure-time physical activity among adults,%,Crude prevalence,21.9,18.2,26.1,6326,4638,"{'type': 'Point', 'coordinates': [-80.6410664, 34.9929515]}",37179020308,RISKBEH,LPA,CrdPrv,Physical Inactivity
2023,NC,North Carolina,Rutherford,37161,37161960302,BRFSS,Health Risk Behaviors,No leisure-time physical activity among adults,%,Crude prevalence,22.4,18.3,27.0,1405,1266,"{'type': 'Point', 'coordinates': [-82.2010985, 35.424827]}",37161960302,RISKBEH,LPA,CrdPrv,Physical Inactivity
2023,NC,North Carolina,Rockingham,37157,37157040501,BRFSS,Health Risk Behaviors,No leisure-time physical activity among adults,%,Crude prevalence,32.5,27.7,38.4,3534,2835,"{'type': 'Point', 'coordinates': [-79.8114953, 36.5163684]}",37157040501,RISKBEH,LPA,CrdPrv,Physical Inactivity
2023,NC,North Carolina,Robeson,37155,37155960402,BRFSS,Health Risk Behaviors,No leisure-time physical activity among adults,%,Crude prevalence,36.8,32.1,41.3,3342,2508,"{'type': 'Point', 'coordinates': [-79.1518478, 34.7499258]}",37155960402,RISKBEH,LPA,CrdPrv,Physical Inactivity
2023,NC,North Carolina,Wake,37183,37183050300,BRFSS,Health Risk Behaviors,No leisure-time physical activity among adults,%,Crude prevalence,13.3,10.9,15.9,3498,3301,"{'type': 'Point', 'coordinates': [-78.6481734, 35.7905875]}",37183050300,RISKBEH,LPA,CrdPrv,Physical Inactivity
2023,NC,North Carolina,Surry,37171,37171930201,BRFSS,Health Risk Behaviors,No leisure-time physical activity among adults,%,Crude prevalence,35.8,30.3,41.0,3125,2511,"{'type': 'Point', 'coordinates': [-80.5338818, 36.5382079]}",37171930201,RISKBEH,LPA,CrdPrv,Physical Inactivity
2023,NC,North Carolina,Union,37179,37179020205,BRFSS,Health Risk Behaviors,No leisure-time physical activity among adults,%,Crude prevalence,19.8,16.2,23.7,3443,2524,"{'type': 'Point', 'coordinates': [-80.5571871, 35.0830084]}",37179020205,RISKBEH,LPA,CrdPrv,Physical Inactivity
2023,NC,North Carolina,Vance,37181,37181960500,BRFSS,Health Risk Behaviors,No leisure-time physical activity among adults,%,Crude prevalence,34.0,28.2,39.9,4650,3573,"{'type': 'Point', 'coordinates': [-78.4123046, 36.3331012]}",37181960500,RISKBEH,LPA,CrdPrv,Physical Inactivity
2023,NC,North Carolina,Sampson,37163,37163970701,BRFSS,Health Risk Behaviors,No leisure-time physical activity among adults,%,Crude prevalence,26.4,21.7,32.1,1807,1365,"{'type': 'Point', 'coordinates': [-78.3149208, 35.0102854]}",37163970701,RISKBEH,LPA,CrdPrv,Physical Inactivity
2023,NC,North Carolina,Stokes,37169,37169070600,BRFSS,Health Risk Behaviors,No leisure-time physical activity among adults,%,Crude prevalence,26.2,21.5,31.3,4748,3876,"{'type': 'Point', 'coordinates': [-80.2035739, 36.3254971]}",37169070600,RISKBEH,LPA,CrdPrv,Physical Inactivity
2023,NC,North Carolina,Wake,37183,37183053208,BRFSS,Health Risk Behaviors,No leisure-time physical activity among adults,%,Crude prevalence,12.4,10.1,15.2,12130,7814,"{'type': 'Point', 'coordinates': [-78.8916077, 35.6486269]}",37183053208,RISKBEH,LPA,CrdPrv,Physical Inactivity
2023,NC,North Carolina,Robeson,37155,37155962002,BRFSS,Health Risk Behaviors,No leisure-time physical activity among adults,%,Crude prevalence,37.1,32.5,41.7,2729,2058,"{'type': 'Point', 'coordinates': [-79.3630446, 34.6364112]}",37155962002,RISKBEH,LPA,CrdPrv,Physical Inactivity
2023,NC,North Carolina,Wake,37183,37183052814,BRFSS,Health Risk Behaviors,No leisure-time physical activity among adults,%,Crude prevalence,18.5,15.5,21.7,5061,3951,"{'type': 'Point', 'coordinates': [-78.5917127, 35.6825314]}",37183052814,RISKBEH,LPA,CrdPrv,Physical Inactivity
2023,NC,North Carolina,Surry,37171,37171930102,BRFSS,Health Risk Behaviors,No leisure-time physical activity among adults,%,Crude prevalence,26.7,22.0,32.1,4806,3742,"{'type': 'Point', 'coordinates': [-80.5106658, 36.4348377]}",37171930102,RISKBEH,LPA,CrdPrv,Physical Inactivity
2023,NC,North Carolina,Union,37179,37179020312,BRFSS,Health Risk Behaviors,No leisure-time physical activity among adults,%,Crude prevalence,24.4,20.3,28.8,4293,3205,"{'type': 'Point', 'coordinates': [-80.6592068, 35.0837483]}",37179020312,RISKBEH,LPA,CrdPrv,Physical Inactivity
2023,NC,North Carolina,Wake,37183,37183053506,BRFSS,Health Risk Behaviors,No leisure-time physical activity among adults,%,Crude prevalence,18.3,15.3,21.7,5943,4955,"{'type': 'Point', 'coordinates': [-78.7717669, 35.7586522]}",37183053506,RISKBEH,LPA,CrdPrv,Physical Inactivity
2023,NC,North Carolina,Rockingham,37157,37157041002,BRFSS,Health Risk Behaviors,No leisure-time physical activity among adults,%,Crude prevalence,27.4,22.9,32.7,5903,4760,"{'type': 'Point', 'coordinates': [-79.8799436, 36.3368906]}",37157041002,RISKBEH,LPA,CrdPrv,Physical Inactivity
2023,NC,North Carolina,Rutherford,37161,37161960201,BRFSS,Health Risk Behaviors,No leisure-time physical activity among adults,%,Crude prevalence,30.5,25.3,36.1,4184,3394,"{'type': 'Point', 'coordinates': [-82.0247673, 35.4709687]}",37161960201,RISKBEH,LPA,CrdPrv,Physical Inactivity
2023,NC,North Carolina,Wake,37183,37183053004,BRFSS,Health Risk Behaviors,No leisure-time physical activity among adults,%,Crude prevalence,14.4,11.6,17.8,2938,2447,"{'type': 'Point', 'coordinates': [-78.7679969, 35.7348869]}",37183053004,RISKBEH,LPA,CrdPrv,Physical Inactivity
2023,NC,North Carolina,Union,37179,37179020307,BRFSS,Health Risk Behaviors,No leisure-time physical activity among adults,%,Crude prevalence,22.3,18.3,26.4,6748,4995,"{'type': 'Point', 'coordinates': [-80.6313097, 35.0323038]}",37179020307,RISKBEH,LPA,CrdPrv,Physical Inactivity
2023,NC,North Carolina,Stanly,37167,37167930901,BRFSS,Health Risk Behaviors,No leisure-time physical activity among adults,%,Crude prevalence,25.6,21.1,31.0,2590,2004,"{'type': 'Point', 'coordinates': [-80.3210677, 35.2103653]}",37167930901,RISKBEH,LPA,CrdPrv,Physical Inactivity
2023,NC,North Carolina,Wake,37183,37183052504,BRFSS,Health Risk Behaviors,No leisure-time physical activity among adults,%,Crude prevalence,14.1,11.6,16.7,7187,6282,"{'type': 'Point', 'coordinates': [-78.6950589, 35.8230939]}",37183052504,RISKBEH,LPA,CrdPrv,Physical Inactivity
2023,NC,North Carolina,Union,37179,37179021018,BRFSS,Health Risk Behaviors,No leisure-time physical activity among adults,%,Crude prevalence,16.7,13.4,20.4,4794,3297,"{'type': 'Point', 'coordinates': [-80.749915, 35.0125084]}",37179021018,RISKBEH,LPA,CrdPrv,Physical Inactivity
2023,NC,North Carolina,Robeson,37155,37155961100,BRFSS,Health Risk Behaviors,No leisure-time physical activity among adults,%,Crude prevalence,40.7,36.0,45.4,1930,1313,"{'type': 'Point', 'coordinates': [-78.9763282, 34.5954386]}",37155961100,RISKBEH,LPA,CrdPrv,Physical Inactivity
2023,NC,North Carolina,Robeson,37155,37155961500,BRFSS,Health Risk Behaviors,No leisure-time physical activity among adults,%,Crude prevalence,33.8,29.2,38.4,5044,3796,"{'type': 'Point', 'coordinates': [-78.9028952, 34.5652487]}",37155961500,RISKBEH,LPA,CrdPrv,Physical Inactivity
2023,NC,North Carolina,Wake,37183,37183053424,BRFSS,Health Risk Behaviors,No leisure-time physical activity among adults,%,Crude prevalence,14.4,11.9,17.3,4728,3588,"{'type': 'Point', 'coordinates': [-78.837467, 35.7679562]}",37183053424,RISKBEH,LPA,CrdPrv,Physical Inactivity
2023,NC,North Carolina,Union,37179,37179020403,BRFSS,Health Risk Behaviors,No leisure-time physical activity among adults,%,Crude prevalence,23.2,19.1,27.9,4555,3475,"{'type': 'Point', 'coordinates': [-80.5938649, 34.9943676]}",37179020403,RISKBEH,LPA,CrdPrv,Physical Inactivity
2023,NC,North Carolina,Wake,37183,37183053109,BRFSS,Health Risk Behaviors,No leisure-time physical activity among adults,%,Crude prevalence,18.9,15.9,22.2,10138,7495,"{'type': 'Point', 'coordinates': [-78.7388501, 35.5937566]}",37183053109,RISKBEH,LPA,CrdPrv,Physical Inactivity
2023,NC,North Carolina,Wake,37183,37183053613,BRFSS,Health Risk Behaviors,No leisure-time physical activity among adults,%,Crude prevalence,15.1,12.5,18.2,4419,3657,"{'type': 'Point', 'coordinates': [-78.7903587, 35.9117755]}",37183053613,RISKBEH,LPA,CrdPrv,Physical Inactivity
2023,NC,North Carolina,Vance,37181,37181960902,BRFSS,Health Risk Behaviors,No leisure-time physical activity among adults,%,Crude prevalence,30.4,25.0,35.9,1661,1274,"{'type': 'Point', 'coordinates': [-78.3103897, 36.3376829]}",37181960902,RISKBEH,LPA,CrdPrv,Physical Inactivity
2023,NC,North Carolina,Wake,37183,37183053518,BRFSS,Health Risk Behaviors,No leisure-time physical activity among adults,%,Crude prevalence,15.2,12.5,18.0,3528,2868,"{'type': 'Point', 'coordinates': [-78.8071658, 35.7634579]}",37183053518,RISKBEH,LPA,CrdPrv,Physical Inactivity
2023,NC,North Carolina,Wake,37183,37183053003,BRFSS,Health Risk Behaviors,No leisure-time physical activity among adults,%,Crude prevalence,15.2,12.5,18.4,6105,5158,"{'type': 'Point', 'coordinates': [-78.7480848, 35.7491524]}",37183053003,RISKBEH,LPA,CrdPrv,Physical Inactivity
2023,NC,North Carolina,Robeson,37155,37155961802,BRFSS,Health Risk Behaviors,No leisure-time physical activity among adults,%,Crude prevalence,38.1,33.5,42.5,4450,3437,"{'type': 'Point', 'coordinates': [-79.1582318, 34.560509]}",37155961802,RISKBEH,LPA,CrdPrv,Physical Inactivity
2023,NC,North Carolina,Wake,37183,37183050100,BRFSS,Health Risk Behaviors,No leisure-time physical activity among adults,%,Crude prevalence,13.5,11.2,16.2,5199,4939,"{'type': 'Point', 'coordinates': [-78.6392921, 35.7806867]}",37183050100,RISKBEH,LPA,CrdPrv,Physical Inactivity
2023,NC,North Carolina,Scotland,37165,37165010502,BRFSS,Health Risk Behaviors,No leisure-time physical activity among adults,%,Crude prevalence,33.3,28.5,38.5,3550,2720,"{'type': 'Point', 'coordinates': [-79.5795378, 34.8269479]}",37165010502,RISKBEH,LPA,CrdPrv,Physical Inactivity
2023,NC,North Carolina,Wake,37183,37183053522,BRFSS,Health Risk Behaviors,No leisure-time physical activity among adults,%,Crude prevalence,13.1,10.9,15.6,8495,6638,"{'type': 'Point', 'coordinates': [-78.8115922, 35.813733]}",37183053522,RISKBEH,LPA,CrdPrv,Physical Inactivity
2023,NC,North Carolina,Stanly,37167,37167931002,BRFSS,Health Risk Behaviors,No leisure-time physical activity among adults,%,Crude prevalence,29.4,24.1,34.8,3441,2753,"{'type': 'Point', 'coordinates': [-80.1593741, 35.3026404]}",37167931002,RISKBEH,LPA,CrdPrv,Physical Inactivity
2023,NC,North Carolina,Tyrrell,37177,37177960100,BRFSS,Health Risk Behaviors,No leisure-time physical activity among adults,%,Crude prevalence,32.0,26.6,37.7,3245,2574,"{'type': 'Point', 'coordinates': [-76.1653454, 35.8704196]}",37177960100,RISKBEH,LPA,CrdPrv,Physical Inactivity
2023,NC,North Carolina,Robeson,37155,37155960701,BRFSS,Health Risk Behaviors,No leisure-time physical activity among adults,%,Crude prevalence,33.0,28.4,37.6,4782,3639,"{'type': 'Point', 'coordinates': [-79.0332787, 34.7286273]}",37155960701,RISKBEH,LPA,CrdPrv,Physical Inactivity
2023,NC,North Carolina,Stokes,37169,37169070702,BRFSS,Health Risk Behaviors,No leisure-time physical activity among adults,%,Crude prevalence,30.6,25.8,35.6,2556,2048,"{'type': 'Point', 'coordinates': [-80.0960541, 36.3094561]}",37169070702,RISKBEH,LPA,CrdPrv,Physical Inactivity
2023,NC,North Carolina,Rowan,37159,37159051802,BRFSS,Health Risk Behaviors,No leisure-time physical activity among adults,%,Crude prevalence,23.7,19.9,28.3,4879,3854,"{'type': 'Point', 'coordinates': [-80.6623, 35.6129208]}",37159051802,RISKBEH,LPA,CrdPrv,Physical Inactivity
2023,NC,North Carolina,Rutherford,37161,37161960800,BRFSS,Health Risk Behaviors,No leisure-time physical activity among adults,%,Crude prevalence,38.8,33.1,44.6,4505,3329,"{'type': 'Point', 'coordinates': [-81.8674712, 35.3297725]}",37161960800,RISKBEH,LPA,CrdPrv,Physical Inactivity
2023,NC,North Carolina,Rockingham,37157,37157040800,BRFSS,Health Risk Behaviors,No leisure-time physical activity among adults,%,Crude prevalence,27.7,23.2,33.1,1597,1305,"{'type': 'Point', 'coordinates': [-79.9700192, 36.3910354]}",37157040800,RISKBEH,LPA,CrdPrv,Physical Inactivity
2023,NC,North Carolina,Rockingham,37157,37157040102,BRFSS,Health Risk Behaviors,No leisure-time physical activity among adults,%,Crude prevalence,27.0,22.7,32.1,2454,1971,"{'type': 'Point', 'coordinates': [-79.5558505, 36.4335225]}",37157040102,RISKBEH,LPA,CrdPrv,Physical Inactivity
2023,NC,North Carolina,Rowan,37159,37159050904,BRFSS,Health Risk Behaviors,No leisure-time physical activity among adults,%,Crude prevalence,26.7,22.4,31.4,2597,2078,"{'type': 'Point', 'coordinates': [-80.2649778, 35.5527202]}",37159050904,RISKBEH,LPA,CrdPrv,Physical Inactivity
2023,NC,North Carolina,Wake,37183,37183053603,BRFSS,Health Risk Behaviors,No leisure-time physical activity among adults,%,Crude prevalence,14.8,12.0,17.8,4457,3241,"{'type': 'Point', 'coordinates': [-78.8618008, 35.8037837]}",37183053603,RISKBEH,LPA,CrdPrv,Physical Inactivity
2023,NC,North Carolina,Wake,37183,37183053435,BRFSS,Health Risk Behaviors,No leisure-time physical activity among adults,%,Crude prevalence,14.1,11.6,16.7,3741,2852,"{'type': 'Point', 'coordinates': [-78.8308572, 35.7456823]}",37183053435,RISKBEH,LPA,CrdPrv,Physical Inactivity
2023,NC,North Carolina,Rutherford,37161,37161960502,BRFSS,Health Risk Behaviors,No leisure-time physical activity among adults,%,Crude prevalence,34.7,29.6,40.0,2799,2288,"{'type': 'Point', 'coordinates': [-81.9465353, 35.3912244]}",37161960502,RISKBEH,LPA,CrdPrv,Physical Inactivity
2023,NC,North Carolina,Wake,37183,37183053513,BRFSS,Health Risk Behaviors,No leisure-time physical activity among adults,%,Crude prevalence,20.2,16.7,24.1,4461,3478,"{'type': 'Point', 'coordinates': [-78.7889857, 35.8009623]}",37183053513,RISKBEH,LPA,CrdPrv,Physical Inactivity
2023,NC,North Carolina,Wake,37183,37183052707,BRFSS,Health Risk Behaviors,No leisure-time physical activity among adults,%,Crude prevalence,24.3,20.6,28.1,6958,5333,"{'type': 'Point', 'coordinates': [-78.5739005, 35.8171385]}",37183052707,RISKBEH,LPA,CrdPrv,Physical Inactivity
2023,NC,North Carolina,Surry,37171,37171931101,BRFSS,Health Risk Behaviors,No leisure-time physical activity among adults,%,Crude prevalence,27.8,23.3,32.9,2874,2260,"{'type': 'Point', 'coordinates': [-80.6047332, 36.3988433]}",37171931101,RISKBEH,LPA,CrdPrv,Physical Inactivity
2023,NC,North Carolina,Rockingham,37157,37157041400,BRFSS,Health Risk Behaviors,No leisure-time physical activity among adults,%,Crude prevalence,36.6,31.2,42.5,3019,2270,"{'type': 'Point', 'coordinates': [-79.6524639, 36.3287231]}",37157041400,RISKBEH,LPA,CrdPrv,Physical Inactivity
2023,NC,North Carolina,Rowan,37159,37159052000,BRFSS,Health Risk Behaviors,No leisure-time physical activity among adults,%,Crude prevalence,34.4,29.1,40.3,2582,2095,"{'type': 'Point', 'coordinates': [-80.4639814, 35.6725895]}",37159052000,RISKBEH,LPA,CrdPrv,Physical Inactivity
2023,NC,North Carolina,Transylvania,37175,37175960401,BRFSS,Health Risk Behaviors,No leisure-time physical activity among adults,%,Crude prevalence,20.5,16.4,25.4,4355,3693,"{'type': 'Point', 'coordinates': [-82.6590016, 35.2335552]}",37175960401,RISKBEH,LPA,CrdPrv,Physical Inactivity
2023,NC,North Carolina,Wake,37183,37183053714,BRFSS,Health Risk Behaviors,No leisure-time physical activity among adults,%,Crude prevalence,15.3,12.8,18.2,5297,4221,"{'type': 'Point', 'coordinates': [-78.6862502, 35.8737089]}",37183053714,RISKBEH,LPA,CrdPrv,Physical Inactivity
2023,NC,North Carolina,Wake,37183,37183053618,BRFSS,Health Risk Behaviors,No leisure-time physical activity among adults,%,Crude prevalence,12.0,9.9,14.4,4931,3584,"{'type': 'Point', 'coordinates': [-78.9015239, 35.8548498]}",37183053618,RISKBEH,LPA,CrdPrv,Physical Inactivity
2023,NC,North Carolina,Scotland,37165,37165010102,BRFSS,Health Risk Behaviors,No leisure-time physical activity among adults,%,Crude prevalence,33.2,28.2,38.8,5031,3765,"{'type': 'Point', 'coordinates': [-79.5044027, 34.7613053]}",37165010102,RISKBEH,LPA,CrdPrv,Physical Inactivity
2023,NC,North Carolina,Wake,37183,37183053507,BRFSS,Health Risk Behaviors,No leisure-time physical activity among adults,%,Crude prevalence,20.5,16.4,24.6,3923,3263,"{'type': 'Point', 'coordinates': [-78.790329, 35.7793034]}",37183053507,RISKBEH,LPA,CrdPrv,Physical Inactivity
2023,NC,North Carolina,Vance,37181,37181960300,BRFSS,Health Risk Behaviors,No leisure-time physical activity among adults,%,Crude prevalence,23.3,19.0,28.2,5124,4031,"{'type': 'Point', 'coordinates': [-78.4631693, 36.3463926]}",37181960300,RISKBEH,LPA,CrdPrv,Physical Inactivity
2023,NC,North Carolina,Wake,37183,37183052903,BRFSS,Health Risk Behaviors,No leisure-time physical activity among adults,%,Crude prevalence,16.7,13.8,19.7,3257,2573,"{'type': 'Point', 'coordinates': [-78.6383054, 35.6573701]}",37183052903,RISKBEH,LPA,CrdPrv,Physical Inactivity
2023,NC,North Carolina,Wake,37183,37183052602,BRFSS,Health Risk Behaviors,No leisure-time physical activity among adults,%,Crude prevalence,15.2,12.3,18.6,5219,4436,"{'type': 'Point', 'coordinates': [-78.6343311, 35.8439384]}",37183052602,RISKBEH,LPA,CrdPrv,Physical Inactivity
2023,NC,North Carolina,Union,37179,37179021017,BRFSS,Health Risk Behaviors,No leisure-time physical activity among adults,%,Crude prevalence,15.8,12.7,19.4,5405,3645,"{'type': 'Point', 'coordinates': [-80.7840313, 34.9575102]}",37179021017,RISKBEH,LPA,CrdPrv,Physical Inactivity
2023,NC,North Carolina,Union,37179,37179020317,BRFSS,Health Risk Behaviors,No leisure-time physical activity among adults,%,Crude prevalence,19.8,16.0,23.7,6772,4782,"{'type': 'Point', 'coordinates': [-80.6626738, 35.0314519]}",37179020317,RISKBEH,LPA,CrdPrv,Physical Inactivity
2023,NC,North Carolina,Wake,37183,37183052408,BRFSS,Health Risk Behaviors,No leisure-time physical activity among adults,%,Crude prevalence,24.3,20.2,28.5,3025,2392,"{'type': 'Point', 'coordinates': [-78.6926895, 35.7798637]}",37183052408,RISKBEH,LPA,CrdPrv,Physical Inactivity
2023,NC,North Carolina,Surry,37171,37171930202,BRFSS,Health Risk Behaviors,No leisure-time physical activity among adults,%,Crude prevalence,31.1,26.1,36.7,3152,2493,"{'type': 'Point', 'coordinates': [-80.5706791, 36.4691666]}",37171930202,RISKBEH,LPA,CrdPrv,Physical Inactivity
2023,NC,North Carolina,Union,37179,37179020305,BRFSS,Health Risk Behaviors,No leisure-time physical activity among adults,%,Crude prevalence,18.2,14.7,22.2,7286,5167,"{'type': 'Point', 'coordinates': [-80.5952805, 35.1013486]}",37179020305,RISKBEH,LPA,CrdPrv,Physical Inactivity
2023,NC,North Carolina,Rowan,37159,37159051201,BRFSS,Health Risk Behaviors,No leisure-time physical activity among adults,%,Crude prevalence,29.6,24.8,34.5,6887,5403,"{'type': 'Point', 'coordinates': [-80.5615862, 35.6251138]}",37159051201,RISKBEH,LPA,CrdPrv,Physical Inactivity
2023,NC,North Carolina,Wake,37183,37183053415,BRFSS,Health Risk Behaviors,No leisure-time physical activity among adults,%,Crude prevalence,13.7,11.3,16.5,4917,3540,"{'type': 'Point', 'coordinates': [-78.8830086, 35.7463889]}",37183053415,RISKBEH,LPA,CrdPrv,Physical Inactivity
2023,NC,North Carolina,Union,37179,37179020309,BRFSS,Health Risk Behaviors,No leisure-time physical activity among adults,%,Crude prevalence,19.5,15.7,23.8,2343,1880,"{'type': 'Point', 'coordinates': [-80.6199839, 35.13181]}",37179020309,RISKBEH,LPA,CrdPrv,Physical Inactivity
2023,NC,North Carolina,Stanly,37167,37167930801,BRFSS,Health Risk Behaviors,No leisure-time physical activity among adults,%,Crude prevalence,23.1,18.8,27.9,5839,4509,"{'type': 'Point', 'coordinates': [-80.4049663, 35.2804852]}",37167930801,RISKBEH,LPA,CrdPrv,Physical Inactivity
2023,NC,North Carolina,Wake,37183,37183051102,BRFSS,Health Risk Behaviors,No leisure-time physical activity among adults,%,Crude prevalence,28.1,22.6,34.3,3940,3911,"{'type': 'Point', 'coordinates': [-78.665827, 35.7819418]}",37183051102,RISKBEH,LPA,CrdPrv,Physical Inactivity
2023,NC,North Carolina,Wake,37183,37183053113,BRFSS,Health Risk Behaviors,No leisure-time physical activity among adults,%,Crude prevalence,19.5,16.4,22.8,5592,4014,"{'type': 'Point', 'coordinates': [-78.8254299, 35.5689206]}",37183053113,RISKBEH,LPA,CrdPrv,Physical Inactivity
2023,NC,North Carolina,Wake,37183,37183051800,BRFSS,Health Risk Behaviors,No leisure-time physical activity among adults,%,Crude prevalence,13.5,10.7,16.8,5147,4056,"{'type': 'Point', 'coordinates': [-78.6307951, 35.808813]}",37183051800,RISKBEH,LPA,CrdPrv,Physical Inactivity
2023,NC,North Carolina,Wake,37183,37183052704,BRFSS,Health Risk Behaviors,No leisure-time physical activity among adults,%,Crude prevalence,34.4,29.6,39.4,6809,4787,"{'type': 'Point', 'coordinates': [-78.5922622, 35.8408976]}",37183052704,RISKBEH,LPA,CrdPrv,Physical Inactivity
2023,NC,North Carolina,Rowan,37159,37159051903,BRFSS,Health Risk Behaviors,No leisure-time physical activity among adults,%,Crude prevalence,24.7,20.5,29.4,3390,2671,"{'type': 'Point', 'coordinates': [-80.5955026, 35.7734389]}",37159051903,RISKBEH,LPA,CrdPrv,Physical Inactivity
2023,NC,North Carolina,Wake,37183,37183052401,BRFSS,Health Risk Behaviors,No leisure-time physical activity among adults,%,Crude prevalence,13.5,10.7,16.8,6315,5687,"{'type': 'Point', 'coordinates': [-78.7221086, 35.8033747]}",37183052401,RISKBEH,LPA,CrdPrv,Physical Inactivity
2023,NC,North Carolina,Robeson,37155,37155961000,BRFSS,Health Risk Behaviors,No leisure-time physical activity among adults,%,Crude prevalence,33.4,29.2,38.0,1803,1429,"{'type': 'Point', 'coordinates': [-79.0058254, 34.6235686]}",37155961000,RISKBEH,LPA,CrdPrv,Physical Inactivity
2023,NC,North Carolina,Rutherford,37161,37161960501,BRFSS,Health Risk Behaviors,No leisure-time physical activity among adults,%,Crude prevalence,23.2,18.9,27.8,2600,2109,"{'type': 'Point', 'coordinates': [-81.9871518, 35.371623]}",37161960501,RISKBEH,LPA,CrdPrv,Physical Inactivity
2023,NC,North Carolina,Wake,37183,37183053436,BRFSS,Health Risk Behaviors,No leisure-time physical activity among adults,%,Crude prevalence,15.7,12.9,18.7,3255,2470,"{'type': 'Point', 'coordinates': [-78.8430635, 35.7309289]}",37183053436,RISKBEH,LPA,CrdPrv,Physical Inactivity
2023,NC,North Carolina,Rockingham,37157,37157040200,BRFSS,Health Risk Behaviors,No leisure-time physical activity among adults,%,Crude prevalence,33.9,28.9,39.8,3746,2858,"{'type': 'Point', 'coordinates': [-79.680084, 36.5189608]}",37157040200,RISKBEH,LPA,CrdPrv,Physical Inactivity
2023,NC,North Carolina,Wake,37183,37183053524,BRFSS,Health Risk Behaviors,No leisure-time physical activity among adults,%,Crude prevalence,15.5,12.7,18.7,3778,3076,"{'type': 'Point', 'coordinates': [-78.8009413, 35.7865359]}",37183053524,RISKBEH,LPA,CrdPrv,Physical Inactivity
2023,NC,North Carolina,Stokes,37169,37169070701,BRFSS,Health Risk Behaviors,No leisure-time physical activity among adults,%,Crude prevalence,29.7,25.0,34.9,2852,2361,"{'type': 'Point', 'coordinates': [-80.1705891, 36.2934346]}",37169070701,RISKBEH,LPA,CrdPrv,Physical Inactivity
2023,NC,North Carolina,Wake,37183,37183053408,BRFSS,Health Risk Behaviors,No leisure-time physical activity among adults,%,Crude prevalence,14.2,11.5,17.4,4278,2916,"{'type': 'Point', 'coordinates': [-78.8585922, 35.7806752]}",37183053408,RISKBEH,LPA,CrdPrv,Physical Inactivity
2023,NC,North Carolina,Robeson,37155,37155960204,BRFSS,Health Risk Behaviors,No leisure-time physical activity among adults,%,Crude prevalence,31.4,27.5,35.3,2057,1497,"{'type': 'Point', 'coordinates': [-79.0740846, 34.880281]}",37155960204,RISKBEH,LPA,CrdPrv,Physical Inactivity
2023,NC,North Carolina,Wake,37183,37183052811,BRFSS,Health Risk Behaviors,No leisure-time physical activity among adults,%,Crude prevalence,29.2,24.7,34.2,8517,6075,"{'type': 'Point', 'coordinates': [-78.557097, 35.75106]}",37183052811,RISKBEH,LPA,CrdPrv,Physical Inactivity
2023,NC,North Carolina,Wake,37183,37183052409,BRFSS,Health Risk Behaviors,No leisure-time physical activity among adults,%,Crude prevalence,22.9,17.9,28.7,4865,4442,"{'type': 'Point', 'coordinates': [-78.6840191, 35.7778912]}",37183052409,RISKBEH,LPA,CrdPrv,Physical Inactivity
2023,NC,North Carolina,Sampson,37163,37163970304,BRFSS,Health Risk Behaviors,No leisure-time physical activity among adults,%,Crude prevalence,22.2,18.1,26.9,4071,3097,"{'type': 'Point', 'coordinates': [-78.5513489, 35.2552398]}",37163970304,RISKBEH,LPA,CrdPrv,Physical Inactivity
2023,NC,North Carolina,Union,37179,37179021014,BRFSS,Health Risk Behaviors,No leisure-time physical activity among adults,%,Crude prevalence,20.7,17.0,24.8,2769,2116,"{'type': 'Point', 'coordinates': [-80.7344996, 34.9132677]}",37179021014,RISKBEH,LPA,CrdPrv,Physical Inactivity
2023,NC,North Carolina,Rutherford,37161,37161961104,BRFSS,Health Risk Behaviors,No leisure-time physical activity among adults,%,Crude prevalence,31.4,26.5,36.7,3008,2362,"{'type': 'Point', 'coordinates': [-81.7849282, 35.2887382]}",37161961104,RISKBEH,LPA,CrdPrv,Physical Inactivity
2023,NC,North Carolina,Wake,37183,37183052509,BRFSS,Health Risk Behaviors,No leisure-time physical activity among adults,%,Crude prevalence,17.1,13.9,20.5,3989,3347,"{'type': 'Point', 'coordinates': [-78.7175059, 35.8255626]}",37183052509,RISKBEH,LPA,CrdPrv,Physical Inactivity
2023,NC,North Carolina,Wake,37183,37183053007,BRFSS,Health Risk Behaviors,No leisure-time physical activity among adults,%,Crude prevalence,14.4,11.8,17.3,3545,2826,"{'type': 'Point', 'coordinates': [-78.7294404, 35.7133613]}",37183053007,RISKBEH,LPA,CrdPrv,Physical Inactivity
2023,NC,North Carolina,Stokes,37169,37169070504,BRFSS,Health Risk Behaviors,No leisure-time physical activity among adults,%,Crude prevalence,25.3,20.6,30.6,3290,2586,"{'type': 'Point', 'coordinates': [-80.3151987, 36.3020151]}",37169070504,RISKBEH,LPA,CrdPrv,Physical Inactivity
2023,NC,North Carolina,Rutherford,37161,37161960101,BRFSS,Health Risk Behaviors,No leisure-time physical activity among adults,%,Crude prevalence,28.5,23.5,33.9,1471,1193,"{'type': 'Point', 'coordinates': [-81.7542138, 35.5062155]}",37161960101,RISKBEH,LPA,CrdPrv,Physical Inactivity
2023,NC,North Carolina,Robeson,37155,37155961301,BRFSS,Health Risk Behaviors,No leisure-time physical activity among adults,%,Crude prevalence,28.9,25.2,32.8,4322,3497,"{'type': 'Point', 'coordinates': [-78.9656707, 34.6754522]}",37155961301,RISKBEH,LPA,CrdPrv,Physical Inactivity
2023,NC,North Carolina,Rowan,37159,37159051102,BRFSS,Health Risk Behaviors,No leisure-time physical activity among adults,%,Crude prevalence,23.9,19.6,28.6,3824,3002,"{'type': 'Point', 'coordinates': [-80.5161387, 35.5979926]}",37159051102,RISKBEH,LPA,CrdPrv,Physical Inactivity
2023,NC,North Carolina,Union,37179,37179021021,BRFSS,Health Risk Behaviors,No leisure-time physical activity among adults,%,Crude prevalence,18.5,15.0,22.5,2403,1766,"{'type': 'Point', 'coordinates': [-80.7044534, 35.0098062]}",37179021021,RISKBEH,LPA,CrdPrv,Physical Inactivity
2023,NC,North Carolina,Rutherford,37161,37161960102,BRFSS,Health Risk Behaviors,No leisure-time physical activity among adults,%,Crude prevalence,26.5,22.0,31.2,2210,1830,"{'type': 'Point', 'coordinates': [-81.8730208, 35.5055712]}",37161960102,RISKBEH,LPA,CrdPrv,Physical Inactivity
2023,NC,North Carolina,Surry,37171,37171930804,BRFSS,Health Risk Behaviors,No leisure-time physical activity among adults,%,Crude prevalence,26.7,22.3,31.6,2683,2025,"{'type': 'Point', 'coordinates': [-80.8050749, 36.4794188]}",37171930804,RISKBEH,LPA,CrdPrv,Physical Inactivity
2023,NC,North Carolina,Wake,37183,37183053428,BRFSS,Health Risk Behaviors,No leisure-time physical activity among adults,%,Crude prevalence,13.8,11.3,16.6,13307,8731,"{'type': 'Point', 'coordinates': [-78.9346424, 35.6971512]}",37183053428,RISKBEH,LPA,CrdPrv,Physical Inactivity
2023,NC,North Carolina,Swain,37173,37173940100,BRFSS,Health Risk Behaviors,No leisure-time physical activity among adults,%,Crude prevalence,30.4,25.5,35.7,4883,3555,"{'type': 'Point', 'coordinates': [-83.2888398, 35.5187395]}",37173940100,RISKBEH,LPA,CrdPrv,Physical Inactivity
2023,NC,North Carolina,Union,37179,37179020320,BRFSS,Health Risk Behaviors,No leisure-time physical activity among adults,%,Crude prevalence,21.9,18.0,26.3,2956,2168,"{'type': 'Point', 'coordinates': [-80.6248454, 35.0768941]}",37179020320,RISKBEH,LPA,CrdPrv,Physical Inactivity
2023,NC,North Carolina,Wake,37183,37183053203,BRFSS,Health Risk Behaviors,No leisure-time physical activity among adults,%,Crude prevalence,14.1,11.5,17.0,10600,7057,"{'type': 'Point', 'coordinates': [-78.8171344, 35.6666267]}",37183053203,RISKBEH,LPA,CrdPrv,Physical Inactivity
2023,NC,North Carolina,Rowan,37159,37159051901,BRFSS,Health Risk Behaviors,No leisure-time physical activity among adults,%,Crude prevalence,23.6,19.7,28.1,4861,3813,"{'type': 'Point', 'coordinates': [-80.6815563, 35.6842494]}",37159051901,RISKBEH,LPA,CrdPrv,Physical Inactivity
2023,NC,North Carolina,Rockingham,37157,37157041602,BRFSS,Health Risk Behaviors,No leisure-time physical activity among adults,%,Crude prevalence,24.3,20.1,29.7,4736,3785,"{'type': 'Point', 'coordinates': [-79.7558417, 36.2936869]}",37157041602,RISKBEH,LPA,CrdPrv,Physical Inactivity
2023,NC,North Carolina,Wake,37183,37183053516,BRFSS,Health Risk Behaviors,No leisure-time physical activity among adults,%,Crude prevalence,20.2,16.7,23.8,3543,2793,"{'type': 'Point', 'coordinates': [-78.7517408, 35.7716349]}",37183053516,RISKBEH,LPA,CrdPrv,Physical Inactivity
2023,NC,North Carolina,Stanly,37167,37167931001,BRFSS,Health Risk Behaviors,No leisure-time physical activity among adults,%,Crude prevalence,22.8,18.4,27.7,2347,1822,"{'type': 'Point', 'coordinates': [-80.2154336, 35.2218549]}",37167931001,RISKBEH,LPA,CrdPrv,Physical Inactivity
2023,NC,North Carolina,Rutherford,37161,37161960203,BRFSS,Health Risk Behaviors,No leisure-time physical activity among adults,%,Crude prevalence,26.1,20.7,31.6,1330,1088,"{'type': 'Point', 'coordinates': [-82.0630125, 35.3780886]}",37161960203,RISKBEH,LPA,CrdPrv,Physical Inactivity
2023,NC,North Carolina,Rowan,37159,37159051302,BRFSS,Health Risk Behaviors,No leisure-time physical activity among adults,%,Crude prevalence,28.8,24.1,34.2,5355,4356,"{'type': 'Point', 'coordinates': [-80.475277, 35.7332839]}",37159051302,RISKBEH,LPA,CrdPrv,Physical Inactivity
2023,NC,North Carolina,Vance,37181,37181960901,BRFSS,Health Risk Behaviors,No leisure-time physical activity among adults,%,Crude prevalence,29.0,23.8,34.2,2860,2128,"{'type': 'Point', 'coordinates': [-78.3398178, 36.2745633]}",37181960901,RISKBEH,LPA,CrdPrv,Physical Inactivity
2023,NC,North Carolina,Union,37179,37179021007,BRFSS,Health Risk Behaviors,No leisure-time physical activity among adults,%,Crude prevalence,14.8,11.8,18.1,7126,4673,"{'type': 'Point', 'coordinates': [-80.8045432, 34.9998363]}",37179021007,RISKBEH,LPA,CrdPrv,Physical Inactivity
2023,NC,North Carolina,Rockingham,37157,37157040601,BRFSS,Health Risk Behaviors,No leisure-time physical activity among adults,%,Crude prevalence,28.1,23.7,33.5,3688,2981,"{'type': 'Point', 'coordinates': [-79.8996425, 36.4998089]}",37157040601,RISKBEH,LPA,CrdPrv,Physical Inactivity
2023,NC,North Carolina,Union,37179,37179020502,BRFSS,Health Risk Behaviors,No leisure-time physical activity among adults,%,Crude prevalence,25.8,21.3,30.7,4085,3063,"{'type': 'Point', 'coordinates': [-80.5630541, 34.9506947]}",37179020502,RISKBEH,LPA,CrdPrv,Physical Inactivity
2023,NC,North Carolina,Rockingham,37157,37157040502,BRFSS,Health Risk Behaviors,No leisure-time physical activity among adults,%,Crude prevalence,27.2,22.9,32.6,2811,2279,"{'type': 'Point', 'coordinates': [-79.791443, 36.4833574]}",37157040502,RISKBEH,LPA,CrdPrv,Physical Inactivity
2023,NC,North Carolina,Scotland,37165,37165010501,BRFSS,Health Risk Behaviors,No leisure-time physical activity among adults,%,Crude prevalence,36.6,31.5,41.8,2698,2105,"{'type': 'Point', 'coordinates': [-79.5883267, 34.7591752]}",37165010501,RISKBEH,LPA,CrdPrv,Physical Inactivity
2023,NC,North Carolina,Wake,37183,37183052307,BRFSS,Health Risk Behaviors,No leisure-time physical activity among adults,%,Crude prevalence,16.9,14.0,20.0,4619,4205,"{'type': 'Point', 'coordinates': [-78.6997186, 35.7606333]}",37183052307,RISKBEH,LPA,CrdPrv,Physical Inactivity
2023,NC,North Carolina,Wake,37183,37183052303,BRFSS,Health Risk Behaviors,No leisure-time physical activity among adults,%,Crude prevalence,18.4,14.7,22.6,3759,3344,"{'type': 'Point', 'coordinates': [-78.6859961, 35.7459374]}",37183052303,RISKBEH,LPA,CrdPrv,Physical Inactivity
2023,NC,North Carolina,Stanly,37167,37167930102,BRFSS,Health Risk Behaviors,No leisure-time physical activity among adults,%,Crude prevalence,25.5,21.1,30.8,3797,2959,"{'type': 'Point', 'coordinates': [-80.1780208, 35.4400369]}",37167930102,RISKBEH,LPA,CrdPrv,Physical Inactivity
2023,NC,North Carolina,Union,37179,37179020204,BRFSS,Health Risk Behaviors,No leisure-time physical activity among adults,%,Crude prevalence,23.4,19.5,27.9,4117,3169,"{'type': 'Point', 'coordinates': [-80.4951961, 35.1426575]}",37179020204,RISKBEH,LPA,CrdPrv,Physical Inactivity
2023,NC,North Carolina,Transylvania,37175,37175960201,BRFSS,Health Risk Behaviors,No leisure-time physical activity among adults,%,Crude prevalence,24.3,20.0,28.9,1868,1451,"{'type': 'Point', 'coordinates': [-82.8000581, 35.2401417]}",37175960201,RISKBEH,LPA,CrdPrv,Physical Inactivity
2023,NC,North Carolina,Transylvania,37175,37175960602,BRFSS,Health Risk Behaviors,No leisure-time physical activity among adults,%,Crude prevalence,25.7,20.2,31.5,1331,1101,"{'type': 'Point', 'coordinates': [-82.9424503, 35.1642798]}",37175960602,RISKBEH,LPA,CrdPrv,Physical Inactivity
2023,NC,North Carolina,Wake,37183,37183053523,BRFSS,Health Risk Behaviors,No leisure-time physical activity among adults,%,Crude prevalence,14.6,12.2,17.4,5779,4463,"{'type': 'Point', 'coordinates': [-78.819312, 35.7954503]}",37183053523,RISKBEH,LPA,CrdPrv,Physical Inactivity
2023,NC,North Carolina,Wake,37183,37183052801,BRFSS,Health Risk Behaviors,No leisure-time physical activity among adults,%,Crude prevalence,20.1,16.7,23.7,6140,4914,"{'type': 'Point', 'coordinates': [-78.6318857, 35.6854205]}",37183052801,RISKBEH,LPA,CrdPrv,Physical Inactivity
2023,NC,North Carolina,Transylvania,37175,37175960302,BRFSS,Health Risk Behaviors,No leisure-time physical activity among adults,%,Crude prevalence,20.0,15.9,24.5,3539,2921,"{'type': 'Point', 'coordinates': [-82.7553229, 35.202514]}",37175960302,RISKBEH,LPA,CrdPrv,Physical Inactivity
2023,NC,North Carolina,Union,37179,37179021015,BRFSS,Health Risk Behaviors,No leisure-time physical activity among adults,%,Crude prevalence,22.7,18.2,27.4,4819,3825,"{'type': 'Point', 'coordinates': [-80.7502614, 34.8644931]}",37179021015,RISKBEH,LPA,CrdPrv,Physical Inactivity
2023,NC,North Carolina,Rowan,37159,37159051502,BRFSS,Health Risk Behaviors,No leisure-time physical activity among adults,%,Crude prevalence,30.7,25.7,36.0,3156,2513,"{'type': 'Point', 'coordinates': [-80.6603781, 35.5236917]}",37159051502,RISKBEH,LPA,CrdPrv,Physical Inactivity
2023,NC,North Carolina,Robeson,37155,37155962001,BRFSS,Health Risk Behaviors,No leisure-time physical activity among adults,%,Crude prevalence,42.6,37.8,47.4,3040,2239,"{'type': 'Point', 'coordinates': [-79.3213385, 34.7193641]}",37155962001,RISKBEH,LPA,CrdPrv,Physical Inactivity
2023,NC,North Carolina,Scotland,37165,37165010101,BRFSS,Health Risk Behaviors,No leisure-time physical activity among adults,%,Crude prevalence,26.2,21.5,31.4,3529,2828,"{'type': 'Point', 'coordinates': [-79.500348, 34.7251943]}",37165010101,RISKBEH,LPA,CrdPrv,Physical Inactivity
2023,NC,North Carolina,Transylvania,37175,37175960501,BRFSS,Health Risk Behaviors,No leisure-time physical activity among adults,%,Crude prevalence,21.8,17.7,26.6,2819,2243,"{'type': 'Point', 'coordinates': [-82.8064425, 35.1252393]}",37175960501,RISKBEH,LPA,CrdPrv,Physical Inactivity
2023,NC,North Carolina,Wayne,37191,37191000402,BRFSS,Health Risk Behaviors,No leisure-time physical activity among adults,%,Crude prevalence,32.8,27.1,38.5,4160,3224,"{'type': 'Point', 'coordinates': [-77.9321935, 35.3194445]}",37191000402,RISKBEH,LPA,CrdPrv,Physical Inactivity
2023,NC,North Carolina,Wilson,37195,37195000401,BRFSS,Health Risk Behaviors,No leisure-time physical activity among adults,%,Crude prevalence,36.3,30.6,42.5,4574,3732,"{'type': 'Point', 'coordinates': [-77.9385517, 35.7237476]}",37195000401,RISKBEH,LPA,CrdPrv,Physical Inactivity
2023,NC,North Carolina,Wake,37183,37183054112,BRFSS,Health Risk Behaviors,No leisure-time physical activity among adults,%,Crude prevalence,23.2,19.7,26.9,3999,2919,"{'type': 'Point', 'coordinates': [-78.4709733, 35.8172715]}",37183054112,RISKBEH,LPA,CrdPrv,Physical Inactivity
2023,NC,North Carolina,Warren,37185,37185950101,BRFSS,Health Risk Behaviors,No leisure-time physical activity among adults,%,Crude prevalence,23.4,18.9,28.1,2215,1989,"{'type': 'Point', 'coordinates': [-78.0221595, 36.5086411]}",37185950101,RISKBEH,LPA,CrdPrv,Physical Inactivity
2023,NC,North Carolina,Watauga,37189,37189920702,BRFSS,Health Risk Behaviors,No leisure-time physical activity among adults,%,Crude prevalence,21.2,16.9,25.8,2905,2380,"{'type': 'Point', 'coordinates': [-81.5580515, 36.1727153]}",37189920702,RISKBEH,LPA,CrdPrv,Physical Inactivity
2023,NC,North Carolina,Wilson,37195,37195000802,BRFSS,Health Risk Behaviors,No leisure-time physical activity among adults,%,Crude prevalence,45.0,39.1,51.1,3383,2483,"{'type': 'Point', 'coordinates': [-77.8912968, 35.6792683]}",37195000802,RISKBEH,LPA,CrdPrv,Physical Inactivity
2023,NC,North Carolina,Wake,37183,37183054218,BRFSS,Health Risk Behaviors,No leisure-time physical activity among adults,%,Crude prevalence,18.2,15.4,21.3,8672,6176,"{'type': 'Point', 'coordinates': [-78.5225624, 35.8990796]}",37183054218,RISKBEH,LPA,CrdPrv,Physical Inactivity
2023,NC,North Carolina,Wayne,37191,37191001000,BRFSS,Health Risk Behaviors,No leisure-time physical activity among adults,%,Crude prevalence,28.8,23.7,34.2,3766,2949,"{'type': 'Point', 'coordinates': [-78.1982835, 35.2750367]}",37191001000,RISKBEH,LPA,CrdPrv,Physical Inactivity
2023,NC,North Carolina,Wake,37183,37183053721,BRFSS,Health Risk Behaviors,No leisure-time physical activity among adults,%,Crude prevalence,12.8,10.4,15.8,3980,2976,"{'type': 'Point', 'coordinates': [-78.715151, 35.9203025]}",37183053721,RISKBEH,LPA,CrdPrv,Physical Inactivity
2023,NC,North Carolina,Wayne,37191,37191000500,BRFSS,Health Risk Behaviors,No leisure-time physical activity among adults,%,Crude prevalence,19.0,15.1,23.5,2722,1854,"{'type': 'Point', 'coordinates': [-77.9625752, 35.3479164]}",37191000500,RISKBEH,LPA,CrdPrv,Physical Inactivity
2023,NC,North Carolina,Wilkes,37193,37193961201,BRFSS,Health Risk Behaviors,No leisure-time physical activity among adults,%,Crude prevalence,24.0,19.7,28.9,3567,2900,"{'type': 'Point', 'coordinates': [-81.0020103, 36.1013183]}",37193961201,RISKBEH,LPA,CrdPrv,Physical Inactivity
2023,NC,North Carolina,Wake,37183,37183054220,BRFSS,Health Risk Behaviors,No leisure-time physical activity among adults,%,Crude prevalence,20.9,17.7,24.4,6573,4802,"{'type': 'Point', 'coordinates': [-78.5404835, 35.9318999]}",37183054220,RISKBEH,LPA,CrdPrv,Physical Inactivity
2023,NC,North Carolina,Wayne,37191,37191000700,BRFSS,Health Risk Behaviors,No leisure-time physical activity among adults,%,Crude prevalence,40.6,34.2,46.9,2338,1852,"{'type': 'Point', 'coordinates': [-78.0465722, 35.1988299]}",37191000700,RISKBEH,LPA,CrdPrv,Physical Inactivity
2023,NC,North Carolina,Warren,37185,37185950300,BRFSS,Health Risk Behaviors,No leisure-time physical activity among adults,%,Crude prevalence,35.3,29.8,40.9,3726,2989,"{'type': 'Point', 'coordinates': [-78.1493951, 36.3767119]}",37185950300,RISKBEH,LPA,CrdPrv,Physical Inactivity
2023,NC,North Carolina,Wilson,37195,37195000300,BRFSS,Health Risk Behaviors,No leisure-time physical activity among adults,%,Crude prevalence,41.0,35.0,46.7,2200,1672,"{'type': 'Point', 'coordinates': [-77.925797, 35.7138425]}",37195000300,RISKBEH,LPA,CrdPrv,Physical Inactivity
2023,NC,North Carolina,Wilson,37195,37195001301,BRFSS,Health Risk Behaviors,No leisure-time physical activity among adults,%,Crude prevalence,35.1,30.0,40.7,2719,2140,"{'type': 'Point', 'coordinates': [-77.8839379, 35.8082579]}",37195001301,RISKBEH,LPA,CrdPrv,Physical Inactivity
2023,NC,North Carolina,Wake,37183,37183054017,BRFSS,Health Risk Behaviors,No leisure-time physical activity among adults,%,Crude prevalence,20.4,17.1,23.8,2813,2250,"{'type': 'Point', 'coordinates': [-78.5900749, 35.8817202]}",37183054017,RISKBEH,LPA,CrdPrv,Physical Inactivity
2023,NC,North Carolina,Wayne,37191,37191000200,BRFSS,Health Risk Behaviors,No leisure-time physical activity among adults,%,Crude prevalence,32.1,26.9,37.6,3110,2504,"{'type': 'Point', 'coordinates': [-77.8945009, 35.5442294]}",37191000200,RISKBEH,LPA,CrdPrv,Physical Inactivity
2023,NC,North Carolina,Watauga,37189,37189920900,BRFSS,Health Risk Behaviors,No leisure-time physical activity among adults,%,Crude prevalence,21.3,17.4,25.7,4610,3823,"{'type': 'Point', 'coordinates': [-81.8069751, 36.1860588]}",37189920900,RISKBEH,LPA,CrdPrv,Physical Inactivity
2023,NC,North Carolina,Wake,37183,37183054008,BRFSS,Health Risk Behaviors,No leisure-time physical activity among adults,%,Crude prevalence,23.4,19.7,27.2,6474,4845,"{'type': 'Point', 'coordinates': [-78.5706493, 35.8506029]}",37183054008,RISKBEH,LPA,CrdPrv,Physical Inactivity
2023,NC,North Carolina,Wilson,37195,37195001501,BRFSS,Health Risk Behaviors,No leisure-time physical activity among adults,%,Crude prevalence,27.2,22.8,32.0,2337,1725,"{'type': 'Point', 'coordinates': [-78.0669009, 35.7493721]}",37195001501,RISKBEH,LPA,CrdPrv,Physical Inactivity
2023,NC,North Carolina,Wayne,37191,37191000604,BRFSS,Health Risk Behaviors,No leisure-time physical activity among adults,%,Crude prevalence,39.3,32.9,45.8,3223,2161,"{'type': 'Point', 'coordinates': [-77.8996297, 35.1995605]}",37191000604,RISKBEH,LPA,CrdPrv,Physical Inactivity
2023,NC,North Carolina,Wake,37183,37183054117,BRFSS,Health Risk Behaviors,No leisure-time physical activity among adults,%,Crude prevalence,19.3,16.2,22.6,6300,4695,"{'type': 'Point', 'coordinates': [-78.5599063, 35.8400331]}",37183054117,RISKBEH,LPA,CrdPrv,Physical Inactivity
2023,NC,North Carolina,Wake,37183,37183054115,BRFSS,Health Risk Behaviors,No leisure-time physical activity among adults,%,Crude prevalence,23.4,19.9,27.2,9855,7385,"{'type': 'Point', 'coordinates': [-78.4915651, 35.7747597]}",37183054115,RISKBEH,LPA,CrdPrv,Physical Inactivity
2023,NC,North Carolina,Wake,37183,37183054016,BRFSS,Health Risk Behaviors,No leisure-time physical activity among adults,%,Crude prevalence,13.8,11.1,16.9,6058,4755,"{'type': 'Point', 'coordinates': [-78.5846903, 35.8911197]}",37183054016,RISKBEH,LPA,CrdPrv,Physical Inactivity
2023,NC,North Carolina,Wake,37183,37183054007,BRFSS,Health Risk Behaviors,No leisure-time physical activity among adults,%,Crude prevalence,16.4,13.5,19.7,4101,3366,"{'type': 'Point', 'coordinates': [-78.6382786, 35.887826]}",37183054007,RISKBEH,LPA,CrdPrv,Physical Inactivity
2023,NC,North Carolina,Wake,37183,37183054015,BRFSS,Health Risk Behaviors,No leisure-time physical activity among adults,%,Crude prevalence,24.1,20.2,28.2,4122,3234,"{'type': 'Point', 'coordinates': [-78.5677413, 35.8640955]}",37183054015,RISKBEH,LPA,CrdPrv,Physical Inactivity
2023,NC,North Carolina,Wayne,37191,37191001402,BRFSS,Health Risk Behaviors,No leisure-time physical activity among adults,%,Crude prevalence,41.8,35.0,49.2,2490,1676,"{'type': 'Point', 'coordinates': [-77.9842492, 35.3618164]}",37191001402,RISKBEH,LPA,CrdPrv,Physical Inactivity
2023,NC,North Carolina,Wake,37183,37183054224,BRFSS,Health Risk Behaviors,No leisure-time physical activity among adults,%,Crude prevalence,23.5,19.6,27.8,4651,3378,"{'type': 'Point', 'coordinates': [-78.497087, 35.9778406]}",37183054224,RISKBEH,LPA,CrdPrv,Physical Inactivity
2023,NC,North Carolina,Yadkin,37197,37197050101,BRFSS,Health Risk Behaviors,No leisure-time physical activity among adults,%,Crude prevalence,24.1,19.5,28.9,5463,4358,"{'type': 'Point', 'coordinates': [-80.4832169, 36.1948359]}",37197050101,RISKBEH,LPA,CrdPrv,Physical Inactivity
2023,NC,North Carolina,Wilkes,37193,37193960802,BRFSS,Health Risk Behaviors,No leisure-time physical activity among adults,%,Crude prevalence,26.6,21.9,31.4,4339,3450,"{'type': 'Point', 'coordinates': [-81.25051, 36.154359]}",37193960802,RISKBEH,LPA,CrdPrv,Physical Inactivity
2023,NC,North Carolina,Wilson,37195,37195000801,BRFSS,Health Risk Behaviors,No leisure-time physical activity among adults,%,Crude prevalence,52.3,45.8,58.7,1597,1191,"{'type': 'Point', 'coordinates': [-77.9068295, 35.713508]}",37195000801,RISKBEH,LPA,CrdPrv,Physical Inactivity
2023,NC,North Carolina,Wayne,37191,37191001200,BRFSS,Health Risk Behaviors,No leisure-time physical activity among adults,%,Crude prevalence,33.4,27.8,38.9,3759,3004,"{'type': 'Point', 'coordinates': [-77.9731669, 35.4082]}",37191001200,RISKBEH,LPA,CrdPrv,Physical Inactivity
2023,NC,North Carolina,Wake,37183,37183054114,BRFSS,Health Risk Behaviors,No leisure-time physical activity among adults,%,Crude prevalence,22.5,19.2,26.0,7613,5555,"{'type': 'Point', 'coordinates': [-78.5212519, 35.7722071]}",37183054114,RISKBEH,LPA,CrdPrv,Physical Inactivity
2023,NC,North Carolina,Wake,37183,37183054118,BRFSS,Health Risk Behaviors,No leisure-time physical activity among adults,%,Crude prevalence,19.9,16.7,23.3,5662,4341,"{'type': 'Point', 'coordinates': [-78.5503184, 35.8062032]}",37183054118,RISKBEH,LPA,CrdPrv,Physical Inactivity
2023,NC,North Carolina,Watauga,37189,37189920701,BRFSS,Health Risk Behaviors,No leisure-time physical activity among adults,%,Crude prevalence,21.5,17.3,26.2,1982,1578,"{'type': 'Point', 'coordinates': [-81.5654927, 36.2514118]}",37189920701,RISKBEH,LPA,CrdPrv,Physical Inactivity
2023,NC,North Carolina,Yadkin,37197,37197050402,BRFSS,Health Risk Behaviors,No leisure-time physical activity among adults,%,Crude prevalence,26.2,21.6,31.0,3123,2405,"{'type': 'Point', 'coordinates': [-80.7424915, 36.0986821]}",37197050402,RISKBEH,LPA,CrdPrv,Physical Inactivity
2023,NC,North Carolina,Washington,37187,37187950202,BRFSS,Health Risk Behaviors,No leisure-time physical activity among adults,%,Crude prevalence,33.9,28.6,39.3,2951,2232,"{'type': 'Point', 'coordinates': [-76.7764517, 35.7620023]}",37187950202,RISKBEH,LPA,CrdPrv,Physical Inactivity
2023,NC,North Carolina,Wayne,37191,37191001102,BRFSS,Health Risk Behaviors,No leisure-time physical activity among adults,%,Crude prevalence,26.0,21.1,31.2,3160,2548,"{'type': 'Point', 'coordinates': [-78.0326962, 35.4160693]}",37191001102,RISKBEH,LPA,CrdPrv,Physical Inactivity
2023,NC,North Carolina,Wake,37183,37183053804,BRFSS,Health Risk Behaviors,No leisure-time physical activity among adults,%,Crude prevalence,14.6,12.0,17.6,3928,2956,"{'type': 'Point', 'coordinates': [-78.6646304, 35.9800072]}",37183053804,RISKBEH,LPA,CrdPrv,Physical Inactivity
2023,NC,North Carolina,Wake,37183,37183054214,BRFSS,Health Risk Behaviors,No leisure-time physical activity among adults,%,Crude prevalence,23.8,20.0,27.9,2122,1673,"{'type': 'Point', 'coordinates': [-78.4163693, 35.9216086]}",37183054214,RISKBEH,LPA,CrdPrv,Physical Inactivity
2023,NC,North Carolina,Wake,37183,37183054020,BRFSS,Health Risk Behaviors,No leisure-time physical activity among adults,%,Crude prevalence,14.5,11.6,17.3,4849,3570,"{'type': 'Point', 'coordinates': [-78.5686148, 35.9103925]}",37183054020,RISKBEH,LPA,CrdPrv,Physical Inactivity
2023,NC,North Carolina,Watauga,37189,37189921000,BRFSS,Health Risk Behaviors,No leisure-time physical activity among adults,%,Crude prevalence,17.1,13.2,21.5,701,627,"{'type': 'Point', 'coordinates': [-81.8791644, 36.2135427]}",37189921000,RISKBEH,LPA,CrdPrv,Physical Inactivity
2023,NC,North Carolina,Warren,37185,37185950202,BRFSS,Health Risk Behaviors,No leisure-time physical activity among adults,%,Crude prevalence,39.8,34.0,45.7,2227,1922,"{'type': 'Point', 'coordinates': [-78.2766497, 36.4652778]}",37185950202,RISKBEH,LPA,CrdPrv,Physical Inactivity
2023,NC,North Carolina,Wilson,37195,37195000601,BRFSS,Health Risk Behaviors,No leisure-time physical activity among adults,%,Crude prevalence,32.5,27.1,38.1,3612,2723,"{'type': 'Point', 'coordinates': [-77.9165413, 35.7457106]}",37195000601,RISKBEH,LPA,CrdPrv,Physical Inactivity
2023,NC,North Carolina,Wake,37183,37183053728,BRFSS,Health Risk Behaviors,No leisure-time physical activity among adults,%,Crude prevalence,18.8,15.2,23.3,2722,2324,"{'type': 'Point', 'coordinates': [-78.7194014, 35.8619248]}",37183053728,RISKBEH,LPA,CrdPrv,Physical Inactivity
2023,NC,North Carolina,Wayne,37191,37191000401,BRFSS,Health Risk Behaviors,No leisure-time physical activity among adults,%,Crude prevalence,23.2,18.8,28.0,5915,4604,"{'type': 'Point', 'coordinates': [-77.8699521, 35.2923982]}",37191000401,RISKBEH,LPA,CrdPrv,Physical Inactivity
2023,NC,North Carolina,Washington,37187,37187950300,BRFSS,Health Risk Behaviors,No leisure-time physical activity among adults,%,Crude prevalence,29.1,24.1,34.3,1296,1091,"{'type': 'Point', 'coordinates': [-76.5809302, 35.7761039]}",37187950300,RISKBEH,LPA,CrdPrv,Physical Inactivity
2023,NC,North Carolina,Wilson,37195,37195000100,BRFSS,Health Risk Behaviors,No leisure-time physical activity among adults,%,Crude prevalence,42.6,36.5,48.8,2902,2281,"{'type': 'Point', 'coordinates': [-77.9148705, 35.7306215]}",37195000100,RISKBEH,LPA,CrdPrv,Physical Inactivity
2023,NC,North Carolina,Wayne,37191,37191001500,BRFSS,Health Risk Behaviors,No leisure-time physical activity among adults,%,Crude prevalence,37.3,31.0,43.7,2162,1656,"{'type': 'Point', 'coordinates': [-77.9976206, 35.3537976]}",37191001500,RISKBEH,LPA,CrdPrv,Physical Inactivity
2023,NC,North Carolina,Wake,37183,37183054119,BRFSS,Health Risk Behaviors,No leisure-time physical activity among adults,%,Crude prevalence,21.7,18.2,25.4,7087,5601,"{'type': 'Point', 'coordinates': [-78.54747, 35.8224125]}",37183054119,RISKBEH,LPA,CrdPrv,Physical Inactivity
2023,NC,North Carolina,Wilkes,37193,37193960401,BRFSS,Health Risk Behaviors,No leisure-time physical activity among adults,%,Crude prevalence,29.4,24.7,34.3,3213,2611,"{'type': 'Point', 'coordinates': [-81.1595982, 36.3248681]}",37193960401,RISKBEH,LPA,CrdPrv,Physical Inactivity
2023,NC,North Carolina,Watauga,37189,37189920500,BRFSS,Health Risk Behaviors,No leisure-time physical activity among adults,%,Crude prevalence,22.5,17.4,28.3,8429,8098,"{'type': 'Point', 'coordinates': [-81.6856018, 36.2112999]}",37189920500,RISKBEH,LPA,CrdPrv,Physical Inactivity
2023,NC,North Carolina,Wake,37183,37183054006,BRFSS,Health Risk Behaviors,No leisure-time physical activity among adults,%,Crude prevalence,21.7,18.0,25.3,3288,2440,"{'type': 'Point', 'coordinates': [-78.633929, 35.8736852]}",37183054006,RISKBEH,LPA,CrdPrv,Physical Inactivity
2023,NC,North Carolina,Wilson,37195,37195000501,BRFSS,Health Risk Behaviors,No leisure-time physical activity among adults,%,Crude prevalence,20.8,16.7,25.2,3554,2952,"{'type': 'Point', 'coordinates': [-77.9374859, 35.7416632]}",37195000501,RISKBEH,LPA,CrdPrv,Physical Inactivity
2023,NC,North Carolina,Wake,37183,37183054021,BRFSS,Health Risk Behaviors,No leisure-time physical activity among adults,%,Crude prevalence,12.8,10.3,15.7,3101,2146,"{'type': 'Point', 'coordinates': [-78.5700539, 35.930457]}",37183054021,RISKBEH,LPA,CrdPrv,Physical Inactivity
2023,NC,North Carolina,Wake,37183,37183053725,BRFSS,Health Risk Behaviors,No leisure-time physical activity among adults,%,Crude prevalence,13.9,11.5,16.6,5663,4483,"{'type': 'Point', 'coordinates': [-78.7179671, 35.8823934]}",37183053725,RISKBEH,LPA,CrdPrv,Physical Inactivity
2023,NC,North Carolina,Warren,37185,37185950102,BRFSS,Health Risk Behaviors,No leisure-time physical activity among adults,%,Crude prevalence,27.5,22.5,33.0,1316,1160,"{'type': 'Point', 'coordinates': [-77.9780286, 36.449038]}",37185950102,RISKBEH,LPA,CrdPrv,Physical Inactivity
2023,NC,North Carolina,Wake,37183,37183053808,BRFSS,Health Risk Behaviors,No leisure-time physical activity among adults,%,Crude prevalence,12.8,10.5,15.5,5581,4310,"{'type': 'Point', 'coordinates': [-78.6207817, 35.9160274]}",37183053808,RISKBEH,LPA,CrdPrv,Physical Inactivity
2023,NC,North Carolina,Wake,37183,37183054109,BRFSS,Health Risk Behaviors,No leisure-time physical activity among adults,%,Crude prevalence,20.6,17.4,23.9,4824,3644,"{'type': 'Point', 'coordinates': [-78.4777416, 35.7360142]}",37183054109,RISKBEH,LPA,CrdPrv,Physical Inactivity
2023,NC,North Carolina,Wayne,37191,37191000303,BRFSS,Health Risk Behaviors,No leisure-time physical activity among adults,%,Crude prevalence,21.2,17.1,25.6,6762,5194,"{'type': 'Point', 'coordinates': [-77.8791881, 35.4386729]}",37191000303,RISKBEH,LPA,CrdPrv,Physical Inactivity
2023,NC,North Carolina,Wake,37183,37183054213,BRFSS,Health Risk Behaviors,No leisure-time physical activity among adults,%,Crude prevalence,16.6,13.6,19.9,4462,3341,"{'type': 'Point', 'coordinates': [-78.5609024, 35.9485653]}",37183054213,RISKBEH,LPA,CrdPrv,Physical Inactivity
2023,NC,North Carolina,Wake,37183,37183054019,BRFSS,Health Risk Behaviors,No leisure-time physical activity among adults,%,Crude prevalence,17.1,13.7,20.6,5208,3983,"{'type': 'Point', 'coordinates': [-78.5843628, 35.9190679]}",37183054019,RISKBEH,LPA,CrdPrv,Physical Inactivity
2023,NC,North Carolina,Watauga,37189,37189920400,BRFSS,Health Risk Behaviors,No leisure-time physical activity among adults,%,Crude prevalence,22.9,18.1,28.7,8327,7317,"{'type': 'Point', 'coordinates': [-81.6987758, 36.2484663]}",37189920400,RISKBEH,LPA,CrdPrv,Physical Inactivity
2023,NC,North Carolina,Watauga,37189,37189920200,BRFSS,Health Risk Behaviors,No leisure-time physical activity among adults,%,Crude prevalence,23.3,19.2,28.0,3843,3106,"{'type': 'Point', 'coordinates': [-81.8153207, 36.314662]}",37189920200,RISKBEH,LPA,CrdPrv,Physical Inactivity
2023,NC,North Carolina,Wilkes,37193,37193961001,BRFSS,Health Risk Behaviors,No leisure-time physical activity among adults,%,Crude prevalence,27.4,22.9,32.4,4749,3780,"{'type': 'Point', 'coordinates': [-81.2776579, 36.068535]}",37193961001,RISKBEH,LPA,CrdPrv,Physical Inactivity
2023,NC,North Carolina,Wilkes,37193,37193960801,BRFSS,Health Risk Behaviors,No leisure-time physical activity among adults,%,Crude prevalence,27.9,23.0,33.2,3972,3107,"{'type': 'Point', 'coordinates': [-81.2310723, 36.1996286]}",37193960801,RISKBEH,LPA,CrdPrv,Physical Inactivity
2023,NC,North Carolina,Wake,37183,37183054501,BRFSS,Health Risk Behaviors,No leisure-time physical activity among adults,%,Crude prevalence,23.7,19.7,28.0,5763,4516,"{'type': 'Point', 'coordinates': [-78.6617984, 35.7418689]}",37183054501,RISKBEH,LPA,CrdPrv,Physical Inactivity
2023,NC,North Carolina,Wake,37183,37183054023,BRFSS,Health Risk Behaviors,No leisure-time physical activity among adults,%,Crude prevalence,21.3,17.7,24.8,7951,5855,"{'type': 'Point', 'coordinates': [-78.5456651, 35.8940919]}",37183054023,RISKBEH,LPA,CrdPrv,Physical Inactivity
2023,NC,North Carolina,Wilson,37195,37195001600,BRFSS,Health Risk Behaviors,No leisure-time physical activity among adults,%,Crude prevalence,24.4,20.1,29.1,3154,2419,"{'type': 'Point', 'coordinates': [-78.0986508, 35.644797]}",37195001600,RISKBEH,LPA,CrdPrv,Physical Inactivity
2023,NC,North Carolina,Warren,37185,37185950400,BRFSS,Health Risk Behaviors,No leisure-time physical activity among adults,%,Crude prevalence,39.2,33.5,44.6,3263,2556,"{'type': 'Point', 'coordinates': [-78.1751765, 36.3028633]}",37185950400,RISKBEH,LPA,CrdPrv,Physical Inactivity
2023,NC,North Carolina,Wayne,37191,37191000103,BRFSS,Health Risk Behaviors,No leisure-time physical activity among adults,%,Crude prevalence,29.2,24.2,34.8,2353,1856,"{'type': 'Point', 'coordinates': [-78.0357325, 35.5488808]}",37191000103,RISKBEH,LPA,CrdPrv,Physical Inactivity
2023,NC,North Carolina,Wake,37183,37183054012,BRFSS,Health Risk Behaviors,No leisure-time physical activity among adults,%,Crude prevalence,13.6,11.0,16.5,3734,2927,"{'type': 'Point', 'coordinates': [-78.6083296, 35.8767601]}",37183054012,RISKBEH,LPA,CrdPrv,Physical Inactivity
2023,NC,North Carolina,Wake,37183,37183053803,BRFSS,Health Risk Behaviors,No leisure-time physical activity among adults,%,Crude prevalence,12.0,9.8,14.5,3917,2913,"{'type': 'Point', 'coordinates': [-78.6931495, 35.9608154]}",37183053803,RISKBEH,LPA,CrdPrv,Physical Inactivity
2023,NC,North Carolina,Wake,37183,37183054217,BRFSS,Health Risk Behaviors,No leisure-time physical activity among adults,%,Crude prevalence,15.9,13.1,19.0,4573,3270,"{'type': 'Point', 'coordinates': [-78.5165189, 35.925127]}",37183054217,RISKBEH,LPA,CrdPrv,Physical Inactivity
2023,NC,North Carolina,Wilson,37195,37195000402,BRFSS,Health Risk Behaviors,No leisure-time physical activity among adults,%,Crude prevalence,34.2,28.7,40.0,3586,2838,"{'type': 'Point', 'coordinates': [-77.9557577, 35.7141718]}",37195000402,RISKBEH,LPA,CrdPrv,Physical Inactivity
2023,NC,North Carolina,Watauga,37189,37189920703,BRFSS,Health Risk Behaviors,No leisure-time physical activity among adults,%,Crude prevalence,20.8,16.7,25.5,5895,4696,"{'type': 'Point', 'coordinates': [-81.623126, 36.2024053]}",37189920703,RISKBEH,LPA,CrdPrv,Physical Inactivity
2023,NC,North Carolina,Warren,37185,37185950103,BRFSS,Health Risk Behaviors,No leisure-time physical activity among adults,%,Crude prevalence,37.3,32.0,42.7,2426,1934,"{'type': 'Point', 'coordinates': [-78.0095871, 36.3475818]}",37185950103,RISKBEH,LPA,CrdPrv,Physical Inactivity
2023,NC,North Carolina,Yancey,37199,37199960101,BRFSS,Health Risk Behaviors,No leisure-time physical activity among adults,%,Crude prevalence,24.6,19.7,30.0,3977,3253,"{'type': 'Point', 'coordinates': [-82.231008, 35.8000406]}",37199960101,RISKBEH,LPA,CrdPrv,Physical Inactivity
2023,NC,North Carolina,Wayne,37191,37191000603,BRFSS,Health Risk Behaviors,No leisure-time physical activity among adults,%,Crude prevalence,33.8,28.6,39.1,4856,3579,"{'type': 'Point', 'coordinates': [-77.9764561, 35.2533899]}",37191000603,RISKBEH,LPA,CrdPrv,Physical Inactivity
2023,NC,North Carolina,Wilson,37195,37195001100,BRFSS,Health Risk Behaviors,No leisure-time physical activity among adults,%,Crude prevalence,30.8,25.9,35.9,1443,1143,"{'type': 'Point', 'coordinates': [-77.749197, 35.6635965]}",37195001100,RISKBEH,LPA,CrdPrv,Physical Inactivity
2023,NC,North Carolina,Wilkes,37193,37193960300,BRFSS,Health Risk Behaviors,No leisure-time physical activity among adults,%,Crude prevalence,23.5,19.2,28.3,5978,4692,"{'type': 'Point', 'coordinates': [-81.0821683, 36.2293417]}",37193960300,RISKBEH,LPA,CrdPrv,Physical Inactivity
2023,NC,North Carolina,Wilkes,37193,37193961002,BRFSS,Health Risk Behaviors,No leisure-time physical activity among adults,%,Crude prevalence,22.8,18.7,27.1,4969,3985,"{'type': 'Point', 'coordinates': [-81.1540114, 36.0846407]}",37193961002,RISKBEH,LPA,CrdPrv,Physical Inactivity
2023,NC,North Carolina,Wake,37183,37183054011,BRFSS,Health Risk Behaviors,No leisure-time physical activity among adults,%,Crude prevalence,13.0,10.3,16.0,2838,2159,"{'type': 'Point', 'coordinates': [-78.6128556, 35.8919172]}",37183054011,RISKBEH,LPA,CrdPrv,Physical Inactivity
2023,NC,North Carolina,Yancey,37199,37199960300,BRFSS,Health Risk Behaviors,No leisure-time physical activity among adults,%,Crude prevalence,30.3,24.7,36.5,3118,2554,"{'type': 'Point', 'coordinates': [-82.2830778, 35.8194556]}",37199960300,RISKBEH,LPA,CrdPrv,Physical Inactivity
2023,NC,North Carolina,Watauga,37189,37189920601,BRFSS,Health Risk Behaviors,No leisure-time physical activity among adults,%,Crude prevalence,27.4,21.6,33.7,5143,4656,"{'type': 'Point', 'coordinates': [-81.662795, 36.1973102]}",37189920601,RISKBEH,LPA,CrdPrv,Physical Inactivity
2023,NC,North Carolina,Wake,37183,37183054111,BRFSS,Health Risk Behaviors,No leisure-time physical activity among adults,%,Crude prevalence,20.5,17.5,24.0,2605,2056,"{'type': 'Point', 'coordinates': [-78.4691633, 35.8532749]}",37183054111,RISKBEH,LPA,CrdPrv,Physical Inactivity
2023,NC,North Carolina,Wilkes,37193,37193960101,BRFSS,Health Risk Behaviors,No leisure-time physical activity among adults,%,Crude prevalence,24.7,20.5,29.5,3158,2524,"{'type': 'Point', 'coordinates': [-80.9002601, 36.2922474]}",37193960101,RISKBEH,LPA,CrdPrv,Physical Inactivity
2023,NC,North Carolina,Watauga,37189,37189920100,BRFSS,Health Risk Behaviors,No leisure-time physical activity among adults,%,Crude prevalence,21.3,17.1,25.9,4507,3573,"{'type': 'Point', 'coordinates': [-81.6719619, 36.3019049]}",37189920100,RISKBEH,LPA,CrdPrv,Physical Inactivity
2023,NC,North Carolina,Wake,37183,37183054116,BRFSS,Health Risk Behaviors,No leisure-time physical activity among adults,%,Crude prevalence,20.5,17.3,24.1,6623,4731,"{'type': 'Point', 'coordinates': [-78.5404462, 35.8548504]}",37183054116,RISKBEH,LPA,CrdPrv,Physical Inactivity
2023,NC,North Carolina,Wilkes,37193,37193960700,BRFSS,Health Risk Behaviors,No leisure-time physical activity among adults,%,Crude prevalence,35.9,30.6,41.4,3590,2784,"{'type': 'Point', 'coordinates': [-81.1884427, 36.169598]}",37193960700,RISKBEH,LPA,CrdPrv,Physical Inactivity
2023,NC,North Carolina,Yancey,37199,37199960400,BRFSS,Health Risk Behaviors,No leisure-time physical activity among adults,%,Crude prevalence,26.8,22.1,32.4,4581,3742,"{'type': 'Point', 'coordinates': [-82.4198202, 35.9708629]}",37199960400,RISKBEH,LPA,CrdPrv,Physical Inactivity
2023,NC,North Carolina,Yadkin,37197,37197050502,BRFSS,Health Risk Behaviors,No leisure-time physical activity among adults,%,Crude prevalence,24.6,19.7,30.0,4267,3412,"{'type': 'Point', 'coordinates': [-80.5778393, 36.0923367]}",37197050502,RISKBEH,LPA,CrdPrv,Physical Inactivity
2023,NC,North Carolina,Wake,37183,37183054223,BRFSS,Health Risk Behaviors,No leisure-time physical activity among adults,%,Crude prevalence,15.1,12.3,18.5,2723,2160,"{'type': 'Point', 'coordinates': [-78.4863198, 35.9892531]}",37183054223,RISKBEH,LPA,CrdPrv,Physical Inactivity
2023,NC,North Carolina,Wake,37183,37183054004,BRFSS,Health Risk Behaviors,No leisure-time physical activity among adults,%,Crude prevalence,20.0,16.6,24.1,5286,4283,"{'type': 'Point', 'coordinates': [-78.6105725, 35.8600448]}",37183054004,RISKBEH,LPA,CrdPrv,Physical Inactivity
2023,NC,North Carolina,Yancey,37199,37199960200,BRFSS,Health Risk Behaviors,No leisure-time physical activity among adults,%,Crude prevalence,25.3,20.8,30.4,4825,3965,"{'type': 'Point', 'coordinates': [-82.2959968, 35.9690297]}",37199960200,RISKBEH,LPA,CrdPrv,Physical Inactivity
2023,NC,North Carolina,Wilson,37195,37195001502,BRFSS,Health Risk Behaviors,No leisure-time physical activity among adults,%,Crude prevalence,26.1,21.9,30.9,3498,2713,"{'type': 'Point', 'coordinates': [-78.0171881, 35.6999163]}",37195001502,RISKBEH,LPA,CrdPrv,Physical Inactivity
2023,NC,North Carolina,Wilson,37195,37195000701,BRFSS,Health Risk Behaviors,No leisure-time physical activity among adults,%,Crude prevalence,49.8,43.3,56.2,2226,1633,"{'type': 'Point', 'coordinates': [-77.8666343, 35.720872]}",37195000701,RISKBEH,LPA,CrdPrv,Physical Inactivity
2023,NC,North Carolina,Wayne,37191,37191000102,BRFSS,Health Risk Behaviors,No leisure-time physical activity among adults,%,Crude prevalence,21.2,16.9,26.1,6602,5057,"{'type': 'Point', 'coordinates': [-78.0087882, 35.4623005]}",37191000102,RISKBEH,LPA,CrdPrv,Physical Inactivity
2023,NC,North Carolina,Wilkes,37193,37193960500,BRFSS,Health Risk Behaviors,No leisure-time physical activity among adults,%,Crude prevalence,34.5,29.3,40.1,3283,2519,"{'type': 'Point', 'coordinates': [-81.1469338, 36.1964899]}",37193960500,RISKBEH,LPA,CrdPrv,Physical Inactivity
2023,NC,North Carolina,Wayne,37191,37191001800,BRFSS,Health Risk Behaviors,No leisure-time physical activity among adults,%,Crude prevalence,51.9,45.1,58.4,2799,2104,"{'type': 'Point', 'coordinates': [-78.0001921, 35.3937953]}",37191001800,RISKBEH,LPA,CrdPrv,Physical Inactivity
2023,NC,North Carolina,Washington,37187,37187950201,BRFSS,Health Risk Behaviors,No leisure-time physical activity among adults,%,Crude prevalence,42.6,36.9,48.7,2653,2125,"{'type': 'Point', 'coordinates': [-76.718794, 35.8791358]}",37187950201,RISKBEH,LPA,CrdPrv,Physical Inactivity
2023,NC,North Carolina,Wayne,37191,37191001103,BRFSS,Health Risk Behaviors,No leisure-time physical activity among adults,%,Crude prevalence,25.8,21.0,30.8,3717,3072,"{'type': 'Point', 'coordinates': [-78.1024853, 35.3818717]}",37191001103,RISKBEH,LPA,CrdPrv,Physical Inactivity
2023,NC,North Carolina,Warren,37185,37185950201,BRFSS,Health Risk Behaviors,No leisure-time physical activity among adults,%,Crude prevalence,33.7,28.6,38.9,3469,2742,"{'type': 'Point', 'coordinates': [-78.1880145, 36.5064058]}",37185950201,RISKBEH,LPA,CrdPrv,Physical Inactivity
2023,NC,North Carolina,Wake,37183,37183053729,BRFSS,Health Risk Behaviors,No leisure-time physical activity among adults,%,Crude prevalence,16.9,14.1,20.1,4285,3534,"{'type': 'Point', 'coordinates': [-78.6641413, 35.8796416]}",37183053729,RISKBEH,LPA,CrdPrv,Physical Inactivity
2023,NC,North Carolina,Wake,37183,37183053715,BRFSS,Health Risk Behaviors,No leisure-time physical activity among adults,%,Crude prevalence,14.3,11.6,17.4,3489,2785,"{'type': 'Point', 'coordinates': [-78.6684705, 35.8644311]}",37183053715,RISKBEH,LPA,CrdPrv,Physical Inactivity
2023,NC,North Carolina,Wilkes,37193,37193960200,BRFSS,Health Risk Behaviors,No leisure-time physical activity among adults,%,Crude prevalence,32.0,26.9,37.4,3455,2813,"{'type': 'Point', 'coordinates': [-80.9987835, 36.3278599]}",37193960200,RISKBEH,LPA,CrdPrv,Physical Inactivity
2023,NC,North Carolina,Wilkes,37193,37193960102,BRFSS,Health Risk Behaviors,No leisure-time physical activity among adults,%,Crude prevalence,30.9,26.1,36.2,3437,2696,"{'type': 'Point', 'coordinates': [-80.971919, 36.2492385]}",37193960102,RISKBEH,LPA,CrdPrv,Physical Inactivity
2023,NC,North Carolina,Wilson,37195,37195000200,BRFSS,Health Risk Behaviors,No leisure-time physical activity among adults,%,Crude prevalence,46.7,40.3,53.0,1080,802,"{'type': 'Point', 'coordinates': [-77.9161819, 35.718926]}",37195000200,RISKBEH,LPA,CrdPrv,Physical Inactivity
2023,NC,North Carolina,Wake,37183,37183053724,BRFSS,Health Risk Behaviors,No leisure-time physical activity among adults,%,Crude prevalence,13.7,11.2,16.4,6316,4739,"{'type': 'Point', 'coordinates': [-78.7499213, 35.897925]}",37183053724,RISKBEH,LPA,CrdPrv,Physical Inactivity
2023,NC,North Carolina,Wake,37183,37183054221,BRFSS,Health Risk Behaviors,No leisure-time physical activity among adults,%,Crude prevalence,14.4,11.9,17.1,7537,5292,"{'type': 'Point', 'coordinates': [-78.4488275, 35.9630049]}",37183054221,RISKBEH,LPA,CrdPrv,Physical Inactivity
2023,NC,North Carolina,Wilson,37195,37195001402,BRFSS,Health Risk Behaviors,No leisure-time physical activity among adults,%,Crude prevalence,30.4,25.5,35.7,6059,4453,"{'type': 'Point', 'coordinates': [-77.9813383, 35.763359]}",37195001402,RISKBEH,LPA,CrdPrv,Physical Inactivity
2023,NC,North Carolina,Wayne,37191,37191001301,BRFSS,Health Risk Behaviors,No leisure-time physical activity among adults,%,Crude prevalence,23.9,19.2,29.1,5758,4631,"{'type': 'Point', 'coordinates': [-77.9243671, 35.3943543]}",37191001301,RISKBEH,LPA,CrdPrv,Physical Inactivity
2023,NC,North Carolina,Wilson,37195,37195001200,BRFSS,Health Risk Behaviors,No leisure-time physical activity among adults,%,Crude prevalence,37.5,31.9,43.2,3675,2902,"{'type': 'Point', 'coordinates': [-77.8038149, 35.7303191]}",37195001200,RISKBEH,LPA,CrdPrv,Physical Inactivity
2023,NC,North Carolina,Watauga,37189,37189920300,BRFSS,Health Risk Behaviors,No leisure-time physical activity among adults,%,Crude prevalence,21.6,17.5,26.3,2360,1964,"{'type': 'Point', 'coordinates': [-81.7643221, 36.2298994]}",37189920300,RISKBEH,LPA,CrdPrv,Physical Inactivity
2023,NC,North Carolina,Wake,37183,37183054402,BRFSS,Health Risk Behaviors,No leisure-time physical activity among adults,%,Crude prevalence,19.6,16.4,22.9,8201,6239,"{'type': 'Point', 'coordinates': [-78.3906229, 35.7686662]}",37183054402,RISKBEH,LPA,CrdPrv,Physical Inactivity
2023,NC,North Carolina,Wake,37183,37183054204,BRFSS,Health Risk Behaviors,No leisure-time physical activity among adults,%,Crude prevalence,16.2,13.4,19.4,4957,3659,"{'type': 'Point', 'coordinates': [-78.5086037, 35.997047]}",37183054204,RISKBEH,LPA,CrdPrv,Physical Inactivity
2023,NC,North Carolina,Wake,37183,37183053719,BRFSS,Health Risk Behaviors,No leisure-time physical activity among adults,%,Crude prevalence,12.2,10.0,15.0,4017,2856,"{'type': 'Point', 'coordinates': [-78.7475858, 35.9255428]}",37183053719,RISKBEH,LPA,CrdPrv,Physical Inactivity
2023,NC,North Carolina,Wayne,37191,37191000104,BRFSS,Health Risk Behaviors,No leisure-time physical activity among adults,%,Crude prevalence,21.4,17.2,26.1,5003,3630,"{'type': 'Point', 'coordinates': [-78.0525822, 35.4998846]}",37191000104,RISKBEH,LPA,CrdPrv,Physical Inactivity
2023,NC,North Carolina,Yancey,37199,37199960102,BRFSS,Health Risk Behaviors,No leisure-time physical activity among adults,%,Crude prevalence,25.5,21.0,30.3,1969,1591,"{'type': 'Point', 'coordinates': [-82.2240803, 35.965583]}",37199960102,RISKBEH,LPA,CrdPrv,Physical Inactivity
2023,NC,North Carolina,Wake,37183,37183053902,BRFSS,Health Risk Behaviors,No leisure-time physical activity among adults,%,Crude prevalence,14.5,11.7,17.8,6091,4523,"{'type': 'Point', 'coordinates': [-78.6678139, 36.0259047]}",37183053902,RISKBEH,LPA,CrdPrv,Physical Inactivity
2023,NC,North Carolina,Wake,37183,37183053727,BRFSS,Health Risk Behaviors,No leisure-time physical activity among adults,%,Crude prevalence,14.5,12.0,17.7,5204,4287,"{'type': 'Point', 'coordinates': [-78.7324252, 35.8662797]}",37183053727,RISKBEH,LPA,CrdPrv,Physical Inactivity
2023,NC,North Carolina,Wake,37183,37183054306,BRFSS,Health Risk Behaviors,No leisure-time physical activity among adults,%,Crude prevalence,33.1,29.1,37.5,3635,2711,"{'type': 'Point', 'coordinates': [-78.2924393, 35.8112037]}",37183054306,RISKBEH,LPA,CrdPrv,Physical Inactivity
2023,NC,North Carolina,Wilkes,37193,37193960902,BRFSS,Health Risk Behaviors,No leisure-time physical activity among adults,%,Crude prevalence,37.6,31.9,43.7,2260,1843,"{'type': 'Point', 'coordinates': [-81.4083554, 36.134281]}",37193960902,RISKBEH,LPA,CrdPrv,Physical Inactivity
2023,NC,North Carolina,Wake,37183,37183054219,BRFSS,Health Risk Behaviors,No leisure-time physical activity among adults,%,Crude prevalence,13.8,11.2,16.8,4130,2898,"{'type': 'Point', 'coordinates': [-78.5103724, 35.9619259]}",37183054219,RISKBEH,LPA,CrdPrv,Physical Inactivity
2023,NC,North Carolina,Wayne,37191,37191001302,BRFSS,Health Risk Behaviors,No leisure-time physical activity among adults,%,Crude prevalence,25.6,20.8,31.1,3491,2820,"{'type': 'Point', 'coordinates': [-77.9440325, 35.3790254]}",37191001302,RISKBEH,LPA,CrdPrv,Physical Inactivity
2023,NC,North Carolina,Yadkin,37197,37197050102,BRFSS,Health Risk Behaviors,No leisure-time physical activity among adults,%,Crude prevalence,26.5,22.0,31.6,3990,3176,"{'type': 'Point', 'coordinates': [-80.6038373, 36.2199462]}",37197050102,RISKBEH,LPA,CrdPrv,Physical Inactivity
2023,NC,North Carolina,Wilkes,37193,37193960600,BRFSS,Health Risk Behaviors,No leisure-time physical activity among adults,%,Crude prevalence,25.6,20.9,30.9,2575,2006,"{'type': 'Point', 'coordinates': [-81.135575, 36.1724031]}",37193960600,RISKBEH,LPA,CrdPrv,Physical Inactivity
2023,NC,North Carolina,Wilkes,37193,37193961100,BRFSS,Health Risk Behaviors,No leisure-time physical activity among adults,%,Crude prevalence,26.9,22.5,31.6,4157,3440,"{'type': 'Point', 'coordinates': [-81.1156914, 36.1557282]}",37193961100,RISKBEH,LPA,CrdPrv,Physical Inactivity
2023,NC,North Carolina,Wake,37183,37183053901,BRFSS,Health Risk Behaviors,No leisure-time physical activity among adults,%,Crude prevalence,13.9,11.1,17.0,4583,3427,"{'type': 'Point', 'coordinates': [-78.5823516, 35.9866747]}",37183053901,RISKBEH,LPA,CrdPrv,Physical Inactivity
2023,NC,North Carolina,Wake,37183,37183053723,BRFSS,Health Risk Behaviors,No leisure-time physical activity among adults,%,Crude prevalence,19.7,15.4,24.4,3359,2918,"{'type': 'Point', 'coordinates': [-78.6567745, 35.8930818]}",37183053723,RISKBEH,LPA,CrdPrv,Physical Inactivity
2023,NC,North Carolina,Wilson,37195,37195000602,BRFSS,Health Risk Behaviors,No leisure-time physical activity among adults,%,Crude prevalence,22.4,18.3,26.9,3982,3130,"{'type': 'Point', 'coordinates': [-77.906714, 35.7679834]}",37195000602,RISKBEH,LPA,CrdPrv,Physical Inactivity
2023,NC,North Carolina,Wake,37183,37183054108,BRFSS,Health Risk Behaviors,No leisure-time physical activity among adults,%,Crude prevalence,25.5,21.7,29.5,7771,5810,"{'type': 'Point', 'coordinates': [-78.4607764, 35.7732472]}",37183054108,RISKBEH,LPA,CrdPrv,Physical Inactivity
2023,NC,North Carolina,Wayne,37191,37191000302,BRFSS,Health Risk Behaviors,No leisure-time physical activity among adults,%,Crude prevalence,25.4,20.9,30.3,5484,4323,"{'type': 'Point', 'coordinates': [-77.8507003, 35.3922203]}",37191000302,RISKBEH,LPA,CrdPrv,Physical Inactivity
2023,NC,North Carolina,Wake,37183,37183054215,BRFSS,Health Risk Behaviors,No leisure-time physical activity among adults,%,Crude prevalence,19.0,16.0,22.4,4978,3522,"{'type': 'Point', 'coordinates': [-78.4666079, 35.897175]}",37183054215,RISKBEH,LPA,CrdPrv,Physical Inactivity
2023,NC,North Carolina,Wilkes,37193,37193960901,BRFSS,Health Risk Behaviors,No leisure-time physical activity among adults,%,Crude prevalence,25.7,21.0,30.6,2377,1969,"{'type': 'Point', 'coordinates': [-81.3512727, 36.2738771]}",37193960901,RISKBEH,LPA,CrdPrv,Physical Inactivity
2023,NC,North Carolina,Wake,37183,37183053718,BRFSS,Health Risk Behaviors,No leisure-time physical activity among adults,%,Crude prevalence,14.5,11.8,17.6,3458,2445,"{'type': 'Point', 'coordinates': [-78.7450179, 35.9144309]}",37183053718,RISKBEH,LPA,CrdPrv,Physical Inactivity
2023,NC,North Carolina,Wake,37183,37183054502,BRFSS,Health Risk Behaviors,No leisure-time physical activity among adults,%,Crude prevalence,32.2,28.0,36.5,3898,3223,"{'type': 'Point', 'coordinates': [-78.6454557, 35.7394619]}",37183054502,RISKBEH,LPA,CrdPrv,Physical Inactivity
2023,NC,North Carolina,Watauga,37189,37189920602,BRFSS,Health Risk Behaviors,No leisure-time physical activity among adults,%,Crude prevalence,19.0,15.1,23.6,2549,2301,"{'type': 'Point', 'coordinates': [-81.7108761, 36.1831344]}",37189920602,RISKBEH,LPA,CrdPrv,Physical Inactivity
2023,NC,North Carolina,Yadkin,37197,37197050200,BRFSS,Health Risk Behaviors,No leisure-time physical activity among adults,%,Crude prevalence,25.7,21.3,30.8,4451,3517,"{'type': 'Point', 'coordinates': [-80.7172905, 36.2167118]}",37197050200,RISKBEH,LPA,CrdPrv,Physical Inactivity
2023,NC,North Carolina,Wake,37183,37183054206,BRFSS,Health Risk Behaviors,No leisure-time physical activity among adults,%,Crude prevalence,16.6,13.6,20.1,6566,5072,"{'type': 'Point', 'coordinates': [-78.5283801, 35.9701916]}",37183054206,RISKBEH,LPA,CrdPrv,Physical Inactivity
2023,NC,North Carolina,Yadkin,37197,37197050401,BRFSS,Health Risk Behaviors,No leisure-time physical activity among adults,%,Crude prevalence,40.2,33.8,46.5,3158,2433,"{'type': 'Point', 'coordinates': [-80.8256844, 36.1062991]}",37197050401,RISKBEH,LPA,CrdPrv,Physical Inactivity
2023,NC,North Carolina,Wake,37183,37183053805,BRFSS,Health Risk Behaviors,No leisure-time physical activity among adults,%,Crude prevalence,14.8,11.6,18.0,2007,1561,"{'type': 'Point', 'coordinates': [-78.6274298, 35.959404]}",37183053805,RISKBEH,LPA,CrdPrv,Physical Inactivity
2023,NC,North Carolina,Wake,37183,37183054303,BRFSS,Health Risk Behaviors,No leisure-time physical activity among adults,%,Crude prevalence,29.8,25.7,34.4,2783,2141,"{'type': 'Point', 'coordinates': [-78.3860355, 35.8884053]}",37183054303,RISKBEH,LPA,CrdPrv,Physical Inactivity
2023,NC,North Carolina,Wake,37183,37183054403,BRFSS,Health Risk Behaviors,No leisure-time physical activity among adults,%,Crude prevalence,27.0,23.0,31.1,4159,3079,"{'type': 'Point', 'coordinates': [-78.411718, 35.8370013]}",37183054403,RISKBEH,LPA,CrdPrv,Physical Inactivity
2023,NC,North Carolina,Wayne,37191,37191000901,BRFSS,Health Risk Behaviors,No leisure-time physical activity among adults,%,Crude prevalence,26.0,21.1,30.9,4391,3312,"{'type': 'Point', 'coordinates': [-78.0814298, 35.3466046]}",37191000901,RISKBEH,LPA,CrdPrv,Physical Inactivity
2023,NC,North Carolina,Wilson,37195,37195000702,BRFSS,Health Risk Behaviors,No leisure-time physical activity among adults,%,Crude prevalence,46.1,39.7,52.2,2870,2115,"{'type': 'Point', 'coordinates': [-77.8859344, 35.7498577]}",37195000702,RISKBEH,LPA,CrdPrv,Physical Inactivity
2023,NC,North Carolina,Wake,37183,37183053717,BRFSS,Health Risk Behaviors,No leisure-time physical activity among adults,%,Crude prevalence,15.9,13.1,19.0,4806,3975,"{'type': 'Point', 'coordinates': [-78.7624255, 35.9114297]}",37183053717,RISKBEH,LPA,CrdPrv,Physical Inactivity
2023,NC,North Carolina,Washington,37187,37187950100,BRFSS,Health Risk Behaviors,No leisure-time physical activity among adults,%,Crude prevalence,34.0,28.6,39.6,4103,3402,"{'type': 'Point', 'coordinates': [-76.5167999, 35.9156598]}",37187950100,RISKBEH,LPA,CrdPrv,Physical Inactivity
2023,NC,North Carolina,Wilson,37195,37195001700,BRFSS,Health Risk Behaviors,No leisure-time physical activity among adults,%,Crude prevalence,30.0,24.7,35.4,3995,3085,"{'type': 'Point', 'coordinates': [-78.0095261, 35.6433731]}",37195001700,RISKBEH,LPA,CrdPrv,Physical Inactivity
2023,NC,North Carolina,Wake,37183,37183054113,BRFSS,Health Risk Behaviors,No leisure-time physical activity among adults,%,Crude prevalence,24.2,20.6,27.9,4887,3746,"{'type': 'Point', 'coordinates': [-78.5099804, 35.8201701]}",37183054113,RISKBEH,LPA,CrdPrv,Physical Inactivity
2023,NC,North Carolina,Wake,37183,37183054203,BRFSS,Health Risk Behaviors,No leisure-time physical activity among adults,%,Crude prevalence,16.6,13.6,19.8,3818,2892,"{'type': 'Point', 'coordinates': [-78.5412569, 35.9998278]}",37183054203,RISKBEH,LPA,CrdPrv,Physical Inactivity
2023,NC,North Carolina,Wilson,37195,37195001000,BRFSS,Health Risk Behaviors,No leisure-time physical activity among adults,%,Crude prevalence,27.3,22.8,32.3,1839,1451,"{'type': 'Point', 'coordinates': [-77.8490015, 35.6218585]}",37195001000,RISKBEH,LPA,CrdPrv,Physical Inactivity
2023,NC,North Carolina,Wilson,37195,37195000900,BRFSS,Health Risk Behaviors,No leisure-time physical activity among adults,%,Crude prevalence,30.8,25.9,36.1,3472,2723,"{'type': 'Point', 'coordinates': [-77.9324802, 35.6356934]}",37195000900,RISKBEH,LPA,CrdPrv,Physical Inactivity
2023,NC,North Carolina,Yadkin,37197,37197050300,BRFSS,Health Risk Behaviors,No leisure-time physical activity among adults,%,Crude prevalence,27.0,22.3,31.9,5732,4530,"{'type': 'Point', 'coordinates': [-80.8243825, 36.2010112]}",37197050300,RISKBEH,LPA,CrdPrv,Physical Inactivity
2023,NC,North Carolina,Wayne,37191,37191001401,BRFSS,Health Risk Behaviors,No leisure-time physical activity among adults,%,Crude prevalence,30.7,25.0,36.6,3538,2879,"{'type': 'Point', 'coordinates': [-77.9751852, 35.372083]}",37191001401,RISKBEH,LPA,CrdPrv,Physical Inactivity
2023,NC,North Carolina,Wayne,37191,37191000601,BRFSS,Health Risk Behaviors,No leisure-time physical activity among adults,%,Crude prevalence,40.6,34.7,46.5,4387,3210,"{'type': 'Point', 'coordinates': [-78.0040677, 35.3041404]}",37191000601,RISKBEH,LPA,CrdPrv,Physical Inactivity
2023,NC,North Carolina,Yadkin,37197,37197050503,BRFSS,Health Risk Behaviors,No leisure-time physical activity among adults,%,Crude prevalence,26.6,22.2,31.5,3361,2719,"{'type': 'Point', 'coordinates': [-80.6874134, 36.1165639]}",37197050503,RISKBEH,LPA,CrdPrv,Physical Inactivity
2023,NC,North Carolina,Wake,37183,37183054216,BRFSS,Health Risk Behaviors,No leisure-time physical activity among adults,%,Crude prevalence,14.8,12.3,17.4,5706,3945,"{'type': 'Point', 'coordinates': [-78.4877196, 35.9229879]}",37183054216,RISKBEH,LPA,CrdPrv,Physical Inactivity
2023,NC,North Carolina,Wake,37183,37183053720,BRFSS,Health Risk Behaviors,No leisure-time physical activity among adults,%,Crude prevalence,12.7,10.1,15.8,4360,3244,"{'type': 'Point', 'coordinates': [-78.719318, 35.9421439]}",37183053720,RISKBEH,LPA,CrdPrv,Physical Inactivity
2023,NC,North Carolina,Wake,37183,37183054106,BRFSS,Health Risk Behaviors,No leisure-time physical activity among adults,%,Crude prevalence,25.8,21.8,30.0,8332,6034,"{'type': 'Point', 'coordinates': [-78.551957, 35.776322]}",37183054106,RISKBEH,LPA,CrdPrv,Physical Inactivity
2023,NC,North Carolina,Wayne,37191,37191001104,BRFSS,Health Risk Behaviors,No leisure-time physical activity among adults,%,Crude prevalence,22.8,18.5,27.7,3467,2676,"{'type': 'Point', 'coordinates': [-78.0966402, 35.4364369]}",37191001104,RISKBEH,LPA,CrdPrv,Physical Inactivity
2023,NC,North Carolina,Wayne,37191,37191002000,BRFSS,Health Risk Behaviors,No leisure-time physical activity among adults,%,Crude prevalence,42.9,36.2,49.5,1329,1125,"{'type': 'Point', 'coordinates': [-78.0145898, 35.3708504]}",37191002000,RISKBEH,LPA,CrdPrv,Physical Inactivity
2023,NC,North Carolina,Wake,37183,37183053722,BRFSS,Health Risk Behaviors,No leisure-time physical activity among adults,%,Crude prevalence,15.8,12.9,19.2,4958,4193,"{'type': 'Point', 'coordinates': [-78.6704743, 35.8923677]}",37183053722,RISKBEH,LPA,CrdPrv,Physical Inactivity
2023,NC,North Carolina,Wake,37183,37183054212,BRFSS,Health Risk Behaviors,No leisure-time physical activity among adults,%,Crude prevalence,20.4,17.1,24.3,6171,4739,"{'type': 'Point', 'coordinates': [-78.5456427, 35.9715726]}",37183054212,RISKBEH,LPA,CrdPrv,Physical Inactivity
2023,NC,North Carolina,Wake,37183,37183053726,BRFSS,Health Risk Behaviors,No leisure-time physical activity among adults,%,Crude prevalence,17.7,14.6,21.2,3366,2712,"{'type': 'Point', 'coordinates': [-78.7091843, 35.8663491]}",37183053726,RISKBEH,LPA,CrdPrv,Physical Inactivity
2023,NC,North Carolina,Wayne,37191,37191000800,BRFSS,Health Risk Behaviors,No leisure-time physical activity among adults,%,Crude prevalence,29.0,23.8,34.8,2382,1945,"{'type': 'Point', 'coordinates': [-78.1064422, 35.196479]}",37191000800,RISKBEH,LPA,CrdPrv,Physical Inactivity
2023,NC,North Carolina,Wilkes,37193,37193961202,BRFSS,Health Risk Behaviors,No leisure-time physical activity among adults,%,Crude prevalence,27.0,22.6,31.7,3251,2599,"{'type': 'Point', 'coordinates': [-80.9554739, 36.182028]}",37193961202,RISKBEH,LPA,CrdPrv,Physical Inactivity
2023,NC,North Carolina,Wake,37183,37183054001,BRFSS,Health Risk Behaviors,No leisure-time physical activity among adults,%,Crude prevalence,16.3,13.1,19.5,5511,4537,"{'type': 'Point', 'coordinates': [-78.632373, 35.8584752]}",37183054001,RISKBEH,LPA,CrdPrv,Physical Inactivity
2023,NC,North Carolina,Wake,37183,37183054022,BRFSS,Health Risk Behaviors,No leisure-time physical activity among adults,%,Crude prevalence,26.7,22.7,30.6,6181,4496,"{'type': 'Point', 'coordinates': [-78.5575179, 35.8775412]}",37183054022,RISKBEH,LPA,CrdPrv,Physical Inactivity
2023,NC,North Carolina,Wilkes,37193,37193960402,BRFSS,Health Risk Behaviors,No leisure-time physical activity among adults,%,Crude prevalence,26.4,21.6,31.4,3639,2933,"{'type': 'Point', 'coordinates': [-81.1704384, 36.2355224]}",37193960402,RISKBEH,LPA,CrdPrv,Physical Inactivity
2023,NC,North Carolina,Wayne,37191,37191001900,BRFSS,Health Risk Behaviors,No leisure-time physical activity among adults,%,Crude prevalence,36.2,30.3,42.3,3934,3091,"{'type': 'Point', 'coordinates': [-77.9677355, 35.3882321]}",37191001900,RISKBEH,LPA,CrdPrv,Physical Inactivity
2023,NC,North Carolina,Wayne,37191,37191000304,BRFSS,Health Risk Behaviors,No leisure-time physical activity among adults,%,Crude prevalence,26.9,22.0,31.8,5063,3933,"{'type': 'Point', 'coordinates': [-77.9459977, 35.4880537]}",37191000304,RISKBEH,LPA,CrdPrv,Physical Inactivity
2023,NC,North Carolina,Wake,37183,37183053807,BRFSS,Health Risk Behaviors,No leisure-time physical activity among adults,%,Crude prevalence,15.4,12.6,18.5,4146,3217,"{'type': 'Point', 'coordinates': [-78.6664064, 35.917303]}",37183053807,RISKBEH,LPA,CrdPrv,Physical Inactivity
2023,NC,North Carolina,Watauga,37189,37189920800,BRFSS,Health Risk Behaviors,No leisure-time physical activity among adults,%,Crude prevalence,18.9,15.2,23.0,2835,2471,"{'type': 'Point', 'coordinates': [-81.6554511, 36.1492585]}",37189920800,RISKBEH,LPA,CrdPrv,Physical Inactivity
2023,NC,North Carolina,Wake,37183,37183053806,BRFSS,Health Risk Behaviors,No leisure-time physical activity among adults,%,Crude prevalence,13.0,10.5,16.0,3582,2792,"{'type': 'Point', 'coordinates': [-78.6361198, 35.937844]}",37183053806,RISKBEH,LPA,CrdPrv,Physical Inactivity
2023,NC,North Carolina,Wilson,37195,37195000502,BRFSS,Health Risk Behaviors,No leisure-time physical activity among adults,%,Crude prevalence,22.5,18.3,27.2,5045,4004,"{'type': 'Point', 'coordinates': [-77.9488297, 35.7524181]}",37195000502,RISKBEH,LPA,CrdPrv,Physical Inactivity
2023,NC,North Carolina,Wake,37183,37183054121,BRFSS,Health Risk Behaviors,No leisure-time physical activity among adults,%,Crude prevalence,17.7,14.7,21.1,8953,6493,"{'type': 'Point', 'coordinates': [-78.519141, 35.8673833]}",37183054121,RISKBEH,LPA,CrdPrv,Physical Inactivity
2023,NC,North Carolina,Wilson,37195,37195001401,BRFSS,Health Risk Behaviors,No leisure-time physical activity among adults,%,Crude prevalence,19.4,15.5,23.9,3380,2694,"{'type': 'Point', 'coordinates': [-77.9322078, 35.8055348]}",37195001401,RISKBEH,LPA,CrdPrv,Physical Inactivity
2023,NC,North Carolina,Wake,37183,37183054304,BRFSS,Health Risk Behaviors,No leisure-time physical activity among adults,%,Crude prevalence,19.2,16.3,22.4,5628,4204,"{'type': 'Point', 'coordinates': [-78.3233098, 35.8623081]}",37183054304,RISKBEH,LPA,CrdPrv,Physical Inactivity
2023,NC,North Carolina,Wake,37183,37183053716,BRFSS,Health Risk Behaviors,No leisure-time physical activity among adults,%,Crude prevalence,17.8,14.7,21.3,4233,3551,"{'type': 'Point', 'coordinates': [-78.6499927, 35.8610519]}",37183053716,RISKBEH,LPA,CrdPrv,Physical Inactivity
2023,NC,North Carolina,Wake,37183,37183054222,BRFSS,Health Risk Behaviors,No leisure-time physical activity among adults,%,Crude prevalence,13.6,11.2,16.4,8084,5554,"{'type': 'Point', 'coordinates': [-78.4804235, 35.9419277]}",37183054222,RISKBEH,LPA,CrdPrv,Physical Inactivity
2023,NC,North Carolina,Wake,37183,37183053730,BRFSS,Health Risk Behaviors,No leisure-time physical activity among adults,%,Crude prevalence,21.1,17.6,24.6,2412,2042,"{'type': 'Point', 'coordinates': [-78.6459196, 35.8734966]}",37183053730,RISKBEH,LPA,CrdPrv,Physical Inactivity
2023,NC,North Carolina,Yadkin,37197,37197050504,BRFSS,Health Risk Behaviors,No leisure-time physical activity among adults,%,Crude prevalence,28.0,23.3,33.5,3669,2934,"{'type': 'Point', 'coordinates': [-80.6337373, 36.1336258]}",37197050504,RISKBEH,LPA,CrdPrv,Physical Inactivity
2023,NC,North Carolina,Wake,37183,37183054018,BRFSS,Health Risk Behaviors,No leisure-time physical activity among adults,%,Crude prevalence,23.4,20.0,27.3,3741,2943,"{'type': 'Point', 'coordinates': [-78.589787, 35.8598788]}",37183054018,RISKBEH,LPA,CrdPrv,Physical Inactivity
2023,NC,North Carolina,Wake,37183,37183054305,BRFSS,Health Risk Behaviors,No leisure-time physical activity among adults,%,Crude prevalence,25.4,21.8,29.4,3551,2648,"{'type': 'Point', 'coordinates': [-78.3280528, 35.8284976]}",37183054305,RISKBEH,LPA,CrdPrv,Physical Inactivity
2023,NC,North Carolina,Wayne,37191,37191000902,BRFSS,Health Risk Behaviors,No leisure-time physical activity among adults,%,Crude prevalence,28.2,23.3,33.4,5212,4033,"{'type': 'Point', 'coordinates': [-78.0793468, 35.259635]}",37191000902,RISKBEH,LPA,CrdPrv,Physical Inactivity
2023,NC,North Carolina,Wilson,37195,37195001302,BRFSS,Health Risk Behaviors,No leisure-time physical activity among adults,%,Crude prevalence,29.0,24.4,34.0,2602,2051,"{'type': 'Point', 'coordinates': [-77.8061072, 35.8126338]}",37195001302,RISKBEH,LPA,CrdPrv,Physical Inactivity
2023,NC,North Carolina,Wake,37183,37183054120,BRFSS,Health Risk Behaviors,No leisure-time physical activity among adults,%,Crude prevalence,14.6,12.1,17.5,1475,1191,"{'type': 'Point', 'coordinates': [-78.491903, 35.865568]}",37183054120,RISKBEH,LPA,CrdPrv,Physical Inactivity
2023,NC,North Carolina,Wake,37183,37183054404,BRFSS,Health Risk Behaviors,No leisure-time physical activity among adults,%,Crude prevalence,22.1,18.7,25.7,6927,5066,"{'type': 'Point', 'coordinates': [-78.3827681, 35.8056949]}",37183054404,RISKBEH,LPA,CrdPrv,Physical Inactivity
