FDID, Fire dept name, HQ addr1, HQ addr2, HQ city, HQ state, HQ zip, Mail addr1, Mail addr2, Mail PO box, Mail city, Mail state, Mail zip, HQ phone, HQ fax, County, Dept Type, Organization Type, Website, Number Of Stations, Active Firefighters - Career, Active Firefighters - Volunteer, Active Firefighters - Paid per Call, Non-Firefighting - Civilian, Non-Firefighting - Volunteer, Primary agency for emergency mgmt
"05112","50-210 Community Fire Department, Inc.","50 Greenleaf RD","","Angier","NC","27501-8732","50 Greenleaf RD","","","Angier","NC","27501-8732","919-894-4763","919-894-7590","Johnston","Mostly volunteer","Local (includes career, combination, and volunteer fire departments and fire districts)","https://50210fire.com/","2","3","40","0","0","0",""
"AH002","AASF#2 North Carolina Army National Guard Fire Department","1235 National Guard RD","","Salisbury","NC","28147-7948","1235 National Guard RD","","","Salisbury","NC","28147-7948","704-359-5823","","Rowan","Mostly volunteer","Federal government (Department of Defense fire department)","","1","1","6","0","0","0",""
"06341","Aberdeen Fire/Rescue","800 Holly ST","","Aberdeen","NC","28315","800 Holly ST","","","Aberdeen","NC","28315-3102","910-944-7888","910-944-9755","Moore","Mostly volunteer","Local (includes career, combination, and volunteer fire departments and fire districts)","","2","31","0","34","1","0","Yes"
"02401","Acme-Delco-Riegelwood Fire-Rescue, Inc","100 John Riegel RD","","Riegelwood","NC","28456","","","PO Box 187","Riegelwood","NC","28456-0187","910-655-3380","","Columbus","Volunteer","Local (includes career, combination, and volunteer fire departments and fire districts)","http://adrfr.com/wp/","3","0","30","0","0","5","Yes"
"03012","Advance Fire Department","1869 NC Highway 801 S","","Advance","NC","27006","1869 NC Highway 801 S","","","Advance","NC","27006-6796","336-998-8181","336-998-2131","Davie","Volunteer","Local (includes career, combination, and volunteer fire departments and fire districts)","https://advancefire.ning.com/","2","0","38","14","0","14","No"
"03601","Agriculture Center Volunteer Fire Department","1428 Costner School RD","","Bessemer City","NC","28016","","","PO Box 474","Dallas","NC","28034-0474","704-922-7241","704-923-8372","Gaston","Volunteer","Local (includes career, combination, and volunteer fire departments and fire districts)","https://agcenterfire.net/","1","0","47","0","0","0","No"
"04601","Ahoskie Fire Department","","","Ahoskie","NC","27910","301 Dr Martin Luther King Jr DR S","","","Ahoskie","NC","27910-7605","252-332-3322","252-332-7781","Hertford","Mostly volunteer","Local (includes career, combination, and volunteer fire departments and fire districts)","","1","5","25","0","0","0",""
"04610","Ahoskie Rural Fire Department","609 W Main ST","","Ahoskie","NC","27910","","","PO Box 43","Ahoskie","NC","27910","252-332-4011","","Hertford","Volunteer","Local (includes career, combination, and volunteer fire departments and fire districts)","","1","0","26","200","0","6",""
"04101","Alamance Community Fire District, Inc.","4108 Presbyterian RD","","Greensboro","NC","27406","4108 Presbyterian RD","","","Greensboro","NC","27406-9004","336-697-0572","336-697-7392","Guilford","Mostly volunteer","Local (includes career, combination, and volunteer fire departments and fire districts)","","2","6","40","0","0","0",""
"08704","Alarka Volunteer Fire Department Inc.","3601 Alarka RD","","Bryson City","NC","28713","","","PO Box 2028","Bryson City","NC","28713-5028","828-488-4144","828-488-4144","Swain","Volunteer","Local (includes career, combination, and volunteer fire departments and fire districts)","","1","0","17","0","0","7","Yes"
"08401","Albemarle Fire Department","1610 E Main ST","","Albemarle","NC","28001","","","PO Box 190","Albemarle","NC","28002-0190","704-984-9700","704-984-9701","Stanly","Mostly career","Local (includes career, combination, and volunteer fire departments and fire districts)","","3","41","0","3","1","0","Yes"
"06721","Albert J. Ellis Airport Fire Department","264 Albert J. Ellis Airport RD","","Richlands","NC","28574","246 Albert J. Ellis Airport RD","","","Richlands","NC","28574","910-324-1100","910-324-1082","Onslow","Career","Regional/metropolitan transportation authority or airport fire department","","1","7","0","0","0","0","No"
"03101","Albertson Volunteer Fire Department","732 Sheep Pasture RD","","Albertson","NC","28508","","","PO Box 10","Albertson","NC","28508-0010","252-569-4552","252-568-4592","Duplin","Volunteer","Local (includes career, combination, and volunteer fire departments and fire districts)","","1","0","40","0","0","0","Yes"
"03602","Alexis Volunteer Fire Department","PO Box 157","","Alexis","NC","28006","","","PO Box 157","Alexis","NC","28006-0157","704-263-5810","704-263-0073","Gaston","Volunteer","Local (includes career, combination, and volunteer fire departments and fire districts)","https://www.alexisvfd.com","2","0","40","0","0","0","No"
"01301","Allen Volunteer Fire Department","4000 US HWY 601 S","","Concord","NC","28025","4000 US HWY 601 S","","","Concord","NC","28025","704-782-5475","704-782-0768","Cabarrus","Volunteer","Local (includes career, combination, and volunteer fire departments and fire districts)","","1","0","22","0","0","0",""
"09001","Allen's Crossroads Volunteer Fire Department","5408 White Store RD","","Wingate","NC","28174-8771","5408 White Store RD","","","Wingate","NC","28174-8771","704-624-5921","704-624-5577","Union","Volunteer","Local (includes career, combination, and volunteer fire departments and fire districts)","","1","0","0","22","0","10",""
"07307","Allensville Volunteer Fire Department","1344 Dennys Store RD","","Roxboro","NC","27574","1344 Dennys Store RD","","","Roxboro","NC","27574-9596","336-597-9000","","Person","Volunteer","Local (includes career, combination, and volunteer fire departments and fire districts)","","1","0","27","0","0","0","No"
"00101","Altamahaw-Ossipee Fire Department","2806 N NC Highway 87","","Elon","NC","27244","2806 N NC Highway 87","","","Elon","NC","27244","336-584-0526","336-584-4061","Alamance","Mostly volunteer","Local (includes career, combination, and volunteer fire departments and fire districts)","www.aofire.com","2","5","23","0","0","0","No"
"00913","Ammon Volunteer Fire Department","13084 NC HWY 242 N","","Elizabethtown","NC","28337","13084 NC HWY 242 N","","","Elizabethtown","NC","28337","910-588-4545","","Bladen","Volunteer","Local (includes career, combination, and volunteer fire departments and fire districts)","","1","0","22","0","0","0",""
"04301","Anderson Creek Emergency Services","2980 Ray RD","","Spring Lake","NC","28390-7801","2980 Ray RD","","","Spring Lake","NC","28390-7801","910-497-0395","910-497-3891","Cumberland","Mostly volunteer","Local (includes career, combination, and volunteer fire departments and fire districts)","https://www.fire-ems.net/firedept/SpringLake/NC","1","4","0","36","1","4",""
"01709","Anderson Township Volunteer Fire Department","225 Baynes RD","","Burlington","NC","27217","225 Baynes RD","","","Burlington","NC","27217","336-421-3311","336-421-3311","Caswell","Volunteer","Local (includes career, combination, and volunteer fire departments and fire districts)","","2","0","41","0","0","0",""
"02001","Andrews Fire Department","85 Locust ST","","Andrews","NC","28901-1226","85 Locust ST","","PO Box 1226","Andrews","NC","28901-1226","828-321-4200","828-321-4200","Cherokee","Volunteer","Local (includes career, combination, and volunteer fire departments and fire districts)","","1","0","25","0","0","0",""
"04302","Angier & Black River Fire Department","309 N Broad ST E","","Angier","NC","27501","","","PO Box 389","Angier","NC","27501","919-639-6234","919-639-5915","Harnett","Mostly volunteer","Local (includes career, combination, and volunteer fire departments and fire districts)","","1","13","36","0","0","0","No"
"05101","Antioch Fire Department, Inc.","10668 NC Highway 42 E","","Middlesex","NC","27557","10668 NC Highway 42 E","","","Middlesex","NC","27557-8879","919-965-3409","919-965-3405","Johnston","Mostly volunteer","Local (includes career, combination, and volunteer fire departments and fire districts)","","1","38","38","0","0","0",""
"09601","Antioch Rural Fire Department","4682 NC Highway 111 N","","Pikeville","NC","27863","4682 NC Highway 111 N","","","Pikeville","NC","27863-9786","919-580-0180","919-580-0179","Wayne","Volunteer","Local (includes career, combination, and volunteer fire departments and fire districts)","https://www.antiochvfd.com/","1","0","20","0","0","0","Yes"
"09205","Apex Fire Department","315 W Williams ST","","Apex","NC","27502","315 W Williams ST","","","Apex","NC","27502-1834","919-362-4001","919-362-4064","Wake","Mostly career","Local (includes career, combination, and volunteer fire departments and fire districts)","https://www.apexnc.org/262/Fire-Department","6","112","0","0","5","0","No"
"08402","Aquadale Rural Volunteer Fire Department, Inc.","11578 NC 138 HWY","","Norwood","NC","28128-7516","11578 NC 138 HWY","","","Norwood","NC","28128-7516","704-474-9442","704-474-4519","Stanly","Volunteer","Local (includes career, combination, and volunteer fire departments and fire districts)","","3","0","47","3","0","2","Yes"
"06901","Arapahoe Volunteer Fire-Rescue, Inc.","8233 NC HWY 306 S","","Arapahoe","NC","28510-9725","8233 NC HWY 306 S","","","Arapahoe","NC","28510-9725","252-249-1901","252-249-2830","Pamlico","Volunteer","Local (includes career, combination, and volunteer fire departments and fire districts)","","1","0","21","0","0","11",""
"04001","Arba Rural Fire Association, Inc.","2001 Jesse Hill RD","","Snow Hill","NC","28580-8845","2001 Jesse Hill RD","","","Snow Hill","NC","28580-8845","252-747-2930","252-747-2951","Greene","Volunteer","Local (includes career, combination, and volunteer fire departments and fire districts)","","1","0","26","0","0","3",""
"02901","Arcadia-Reed Creek-Hampton Fire and Rescue Inc.","1374 Ruff Leonard RD","","Lexington","NC","27295","1374 Ruff Leonard RD","","","Lexington","NC","27295-6190","336-764-1291","336-764-1605","Davidson","Mostly volunteer","Local (includes career, combination, and volunteer fire departments and fire districts)","https://www.a-rc-hfd.com/","1","7","0","26","1","0","No"
"05102","Archer Lodge Fire Department","6483 Covered Bridge RD","","Clayton","NC","27527-6351","6483 Covered Bridge RD","","","Clayton","NC","27527-6351","919-550-4136","919-550-4135","Johnston","Volunteer","Local (includes career, combination, and volunteer fire departments and fire districts)","https://www.archerlodgefd.org","1","0","0","38","0","0",""
"09916","Arlington Fire & Rescue","321 S Main ST","PO Box 68","Jonesville","NC","28642","321 S Main ST","PO Box 68","PO Box ","Jonesville","NC","28642","336-835-6184","336-835-5195","Yadkin","Volunteer","Local (includes career, combination, and volunteer fire departments and fire districts)","","1","0","27","0","0","6",""
"09602","Arrington Volunteer Fire Department","570 Emmaus Church RD","","Dudley","NC","28333","570 Emmaus Church RD","","","Dudley","NC","28333-6210","919-736-4310","919-736-4303","Wayne","Volunteer","Local (includes career, combination, and volunteer fire departments and fire districts)","","1","0","31","0","0","0","No"
"07601","Asheboro Fire and Rescue Department","401 S Church ST","","Asheboro","NC","27203","401 S Church ST","","","Asheboro","NC","27203-5615","336-625-4244","336-625-1908","Randolph","Career","Local (includes career, combination, and volunteer fire departments and fire districts)","","2","64","0","0","1","0","Yes"
"01101","Asheville Fire Department","100 Court PLZ","","Asheville","NC","28801","","","PO Box 7148","Asheville","NC","28802-7148","828-259-5636","828-259-5429","Buncombe","Career","Local (includes career, combination, and volunteer fire departments and fire districts)","https://www.ashevillenc.gov/department/fire/","12","273","0","0","3","0","Yes"
"05601","Ashford North Cove Volunteer Fire Department","15640 US Highway 221 N","","Marion","NC","28752","15640 US Highway 221 N","","","Marion","NC","28752-6299","828-559-5021","828-559-0904","McDowell","Mostly volunteer","Local (includes career, combination, and volunteer fire departments and fire districts)","","1","5","27","0","0","6","No"
"00801","Askewville Volunteer Fire Department","105 Askewville S Railroad ST","","Windsor","NC","27983-7208","105 Askewville S Railroad ST","","","Windsor","NC","27983-7208","252-794-2553","","Bertie","Volunteer","Local (includes career, combination, and volunteer fire departments and fire districts)","","1","0","32","0","0","22",""
"07101","Atkinson Fire Department","110 N First AVE","PO Box 159","Atkinson","NC","28421","110 N First AVE","","PO Box 159","Atkinson","NC","28421","910-283-7911","910-283-3552","Pender","Volunteer","Local (includes career, combination, and volunteer fire departments and fire districts)","","1","0","28","0","0","0",""
"01634","Atlantic Beach Fire Department","125 W Fort Macon RD","","Atlantic Beach","NC","28512","","","PO Box 10","Atlantic Beach","NC","28512-0010","252-726-7361","252-726-1804","Carteret","Mostly volunteer","Local (includes career, combination, and volunteer fire departments and fire districts)","https://www.atlanticbeach-nc.com/firedept.asp","1","14","20","15","0","0","Yes"
"08040","Atwell Township Volunteer Fire Department Station 40","135 Concordia Church RD","","China Grove","NC","28023","","","PO Box 862","China Grove","NC","28023-0862","704-855-3240","704-857-4092","Rowan","Mostly volunteer","Local (includes career, combination, and volunteer fire departments and fire districts)","https://www.atwellfire.com/","2","1","45","0","0","0","No"
"00802","Aulander Municipal Volunteer Fire Department","124 E Main ST","","Aulander","NC","27805","","","PO Box 100","Aulander","NC","27805-0100","252-345-3541","","Bertie","Volunteer","Local (includes career, combination, and volunteer fire departments and fire districts)","","1","0","18","0","0","0","No"
"00701","Aurora Volunteer Fire Department","HWY 33 E","PO Box 667","Aurora","NC","27806-0667","HWY 33 E","","PO Box 667","Aurora","NC","27806-0667","252-322-4213","","Beaufort","Volunteer","Local (includes career, combination, and volunteer fire departments and fire districts)","","2","0","30","0","0","0",""
"09701","Austin Volunteer Fire Department","7170 Austin Traphill RD","","Elkin","NC","28621","7170 Austin Traphill RD","","","Elkin","NC","28621-9223","336-957-2182","336-957-2772","Wilkes","Volunteer","Local (includes career, combination, and volunteer fire departments and fire districts)","","1","0","30","0","0","0",""
"02801","Avon Volunteer Fire Department","40159 Harbor RD","PO Box 190","Avon","NC","27915-0190","40159 Harbor RD","","PO Box 190","Avon","NC","27915-0190","252-995-5021","252-995-4420","Dare","Volunteer","Local (includes career, combination, and volunteer fire departments and fire districts)","","1","0","19","0","0","0",""
"07444","Ayden Fire Department","West AVE","PO Box 428","Ayden","NC","28513-0428","West AVE","","PO Box 428","Ayden","NC","28513-0428","252-746-7021","252-746-7022","Pitt","Volunteer","Local (includes career, combination, and volunteer fire departments and fire districts)","","1","0","0","40","0","0",""
"06701","Back Swamp Volunteer Fire Department","2957 Catherine Lake RD","","Richlands","NC","28574","2957 Catherine Lake RD","","","Richlands","NC","28574-5153","910-324-5458","910-324-7278","Onslow","Volunteer","Local (includes career, combination, and volunteer fire departments and fire districts)","","1","0","31","0","0","2","No"
"06207","Badin Lake Volunteer Fire Department, Inc.","2422 Blaine RD","","New London","NC","28127","2422 Blaine RD","","","New London","NC","28127-7677","336-461-3111","336-461-3112","Montgomery","Volunteer","Local (includes career, combination, and volunteer fire departments and fire districts)","","3","0","32","0","0","29",""
"08403","Badin Volunteer Fire Department","128 NC 740 HWY","","Badin","NC","28009","","","PO Box 1450","Badin","NC","28009-1450","704-422-3614","704-422-6875","Stanly","Volunteer","Local (includes career, combination, and volunteer fire departments and fire districts)","","1","0","28","0","0","0","Yes"
"03201","Bahama Volunteer Fire Rescue EMS Company, Inc.","1814 Bahama RD","","Bahama","NC","27503","","","PO Box 48","Bahama","NC","27503-0048","919-477-1561","","Durham","Mostly volunteer","Local (includes career, combination, and volunteer fire departments and fire districts)","bahamavfd.com","3","4","45","0","0","26","No"
"06401","Bailey - Green Hornet Fire Department","6336 Main ST","","Bailey","NC","27807","6336 Main ST","","PO Box 816","Bailey","NC","27807","252-235-4643","252-235-2676","Nash","Volunteer","Local (includes career, combination, and volunteer fire departments and fire districts)","","1","0","38","0","0","0",""
"09002","Bakers Volunteer Fire & Rescue Department, Inc.","4425 Old Charlotte HWY","","Monroe","NC","28110","4425 Old Charlotte HWY","","","Monroe","NC","28110-7335","704-289-2741","704-226-1761","Union","Volunteer","Local (includes career, combination, and volunteer fire departments and fire districts)","","1","0","42","0","5","0",""
"06101","Bakersville Volunteer Fire and Rescue","306 Baker LN","","Bakersville","NC","28705","","","PO Box 53","Bakersville","NC","28705-0053","828-688-9027","828-688-9027","Mitchell","Mostly volunteer","Local (includes career, combination, and volunteer fire departments and fire districts)","http://www.bakersvillenc.com/fire-services.html","2","1","30","0","0","0","Yes"
"01019","Bald Head Island Fire-Rescue","251 Edward Teach","","Bald Head Island","NC","28461","","","PO Box 3009","Southport","NC","28461-7000","910-457-4310","910-457-4960","Brunswick","Mostly volunteer","Local (includes career, combination, and volunteer fire departments and fire districts)","https://www.villagebhi.org","1","13","34","0","0","0",""
"05006","Balsam - Willets - Ochre Hill Volunteer Fire Department","36 Mount Pleasant Church DR","","Sylva","NC","28779","","","PO Box 291","Balsam","NC","28707-0291","828-586-3756","828-631-4650","Jackson","Volunteer","Local (includes career, combination, and volunteer fire departments and fire districts)","","2","0","31","0","0","2","Yes"
"08814","Balsam Grove Volunteer Fire Department","550-1 Parkway Road","","Balsam Grove","NC","28708-0108","","","PO Box 125","Balsam Grove","NC","28708-0108","828-885-7272","","Transylvania","Volunteer","Local (includes career, combination, and volunteer fire departments and fire districts)","","1","0","22","0","0","0",""
"01801","Bandys Crossroads Volunteer Fire Department","1611 Buffalo Shoals RD","","Catawba","NC","28609","1611 Buffalo Shoals RD","","","Catawba","NC","28609-8026","828-241-2111","828-241-2113","Catawba","Volunteer","Local (includes career, combination, and volunteer fire departments and fire districts)","","3","0","53","0","0","0","No"
"00601","Banner Elk Volunteer Fire Department","345 Showneenaw AVE","","Banner Elk","NC","28604","","","PO Box 175","Banner Elk","NC","28604-0175","828-898-4323","828-898-2196","Avery","Volunteer","Local (includes career, combination, and volunteer fire departments and fire districts)","","2","0","32","0","0","0",""
"08675","Bannertown Volunteer Fire Department","124 Reeves Mill RD","","Mount Airy","NC","27030","","","PO Box 1114","Mount Airy","NC","27030-1114","336-786-4719","","Surry","Mostly volunteer","Local (includes career, combination, and volunteer fire departments and fire districts)","www.bannertownvfd.com","2","2","42","0","0","0","No"
"01102","Barnardsville Volunteer Fire Department Inc.","100 Dillingham RD","","Barnardsville","NC","28709","","","PO Box 126","Barnardsville","NC","28709-0126","828-626-2222","828-626-4444","Buncombe","Mostly volunteer","Local (includes career, combination, and volunteer fire departments and fire districts)","https://www.barnardsvillefire.com/","1","8","23","0","0","2","Yes"
"04501","Bat Cave Volunteer Fire & Rescue Department","267 Gerton HWY","","Bat Cave","NC","28710","","","PO Box 11","Bat Cave","NC","28710-0011","828-625-9313","828-625-9313","Henderson","Volunteer","Local (includes career, combination, and volunteer fire departments and fire districts)","","1","0","34","0","0","0",""
"00702","Bath Volunteer Fire Department","430 Carteret ST","PO Box 272","Bath","NC","27808","","","PO Box 272","Bath","NC","27808-0272","252-923-3121","","Beaufort","Volunteer","Local (includes career, combination, and volunteer fire departments and fire districts)","","1","0","25","0","0","0",""
"00915","Bay Tree Lakes Volunteer Fire Department","12717 NC Highway 41 E","","Harrells","NC","28444","12717 NC Highway 41 E","","","Harrells","NC","28444-9669","910-588-4559","910-588-4559","Bladen","Volunteer","Local (includes career, combination, and volunteer fire departments and fire districts)","","1","0","24","0","0","0","Yes"
"06702","Bear Creek Volunteer Fire Department","677 Bear Creek RD","","Hubert","NC","28539-4501","677 Bear Creek RD","","","Hubert","NC","28539-4501","910-326-5999","","Onslow","Volunteer","Local (includes career, combination, and volunteer fire departments and fire districts)","","1","0","32","0","0","0",""
"05901","Bear Grass Fire Rescue","6005 Bear Grass RD","","Williamston","NC","27892-8431","6005 Bear Grass RD","","","Williamston","NC","27892-8431","252-792-4540","252-792-0376","Martin","Volunteer","Local (includes career, combination, and volunteer fire departments and fire districts)","","1","0","49","0","0","0",""
"09101","Bearpond Fire Department","325 Bear Pond RD","","Henderson","NC","27537","325 Bear Pond RD","","","Henderson","NC","27537-9615","252-438-3924","252-738-0646","Vance","Volunteer","Local (includes career, combination, and volunteer fire departments and fire districts)","","1","0","23","0","0","0",""
"01654","Beaufort Fire Department","506 Live Oak ST","","Beaufort","NC","28516","506 Live Oak ST","","","Beaufort","NC","28516-1934","252-728-4325","252-728-2382","Carteret","Mostly career","Local (includes career, combination, and volunteer fire departments and fire districts)","http://www.beaufortnc.org/for-the-people/departments/fire-department","2","22","5","0","30","1","No"
"02629","Beaver Dam Volunteer Fire Department","11042 NC Highway 210 S","","Roseboro","NC","28382","11042 NC Highway 210 S","","","Roseboro","NC","28382-8868","910-531-4171","910-531-4743","Cumberland","Mostly volunteer","Local (includes career, combination, and volunteer fire departments and fire districts)","","2","1","0","28","0","4","No"
"09003","Beaver Lane Volunteer Rescue and Fire Department, Inc.","310 Olive Branch ST","","Marshville","NC","28103","310 Olive Branch ST","","","Marshville","NC","28103-1248","704-624-5550","704-624-2610","Union","Volunteer","Local (includes career, combination, and volunteer fire departments and fire districts)","","1","0","38","0","0","8",""
"09509","Beaverdam Fire Department","1928 Bethel RD","","Sugar Grove","NC","28679","1928 Bethel RD","","","Sugar Grove","NC","28679","828-297-4393","828-297-4392","Watauga","Volunteer","Local (includes career, combination, and volunteer fire departments and fire districts)","","1","0","26","0","0","0",""
"09501","Beech Mountain Volunteer Fire Department","1007 Beech Mountain PKWY","","Beech Mountain","NC","28604","","","PO Box 436","Beech Mountain","NC","28604-0436","828-387-4612","828-387-4613","Watauga","Mostly volunteer","Local (includes career, combination, and volunteer fire departments and fire districts)","https://www.beechmountainvfd.org","2","2","35","0","0","2","Yes"
"03401","Beeson Crossroads Volunteer Fire & Rescue, Inc.","1105 Old Salem RD","","Kernersville","NC","27284","1105 Old Salem RD","","","Kernersville","NC","27284-9499","336-996-4681","336-996-4543","Forsyth","Volunteer","Local (includes career, combination, and volunteer fire departments and fire districts)","","1","0","45","0","0","4","No"
"03402","Belews Creek Volunteer Fire & Rescue Department, Inc.","7675 Belews Creek RD","","Belews Creek","NC","27009","","","PO Box 129","Belews Creek","NC","27009-0129","336-595-1100","336-595-1800","Forsyth","Volunteer","Local (includes career, combination, and volunteer fire departments and fire districts)","","1","0","29","0","0","10","Yes"
"06703","Belgrade Volunteer Fire Department, Inc.","7561 New Bern HWY","PO Box 1283","Maysville","NC","28555","","","PO Box 1283","Maysville","NC","28555-1283","910-743-3088","910-743-2442","Onslow","Volunteer","Local (includes career, combination, and volunteer fire departments and fire districts)","","1","0","21","0","0","2","No"
"00703","Belhaven Fire / Rescue Department","245 Haslin ST","","Belhaven","NC","27810","","","PO Box 220","Belhaven","NC","27810-0220","252-943-3055","252-943-3361","Beaufort","Volunteer","Local (includes career, combination, and volunteer fire departments and fire districts)","","1","0","30","0","0","0","No"
"07452","Bell Arthur Fire Department","2634 Firehouse  RD","PO Box 486","Bell Arthur","NC","27811","2634 Firehouse  RD","PO Box 486","","Bell Arthur","NC","27811","252-752-8100","252-752-8100","Pitt","Volunteer","Local (includes career, combination, and volunteer fire departments and fire districts)","","1","0","37","0","4","5",""
"02009","Bellview Volunteer Fire Department Inc.","1290 Lance RD","","Murphy","NC","28906","31 Peachtree ST","","","Murphy","NC","28906-2940","828-837-0214","828-837-0440","Cherokee","Volunteer","Local (includes career, combination, and volunteer fire departments and fire districts)","","1","0","21","0","0","0","No"
"07413","Belvoir Volunteer Fire Department","4189 NC 33 W","","Falkland","NC","27827","","","PO Box 57","Falkland","NC","27827-0057","252-757-2888","252-757-2888","Pitt","Volunteer","Local (includes career, combination, and volunteer fire departments and fire districts)","","1","0","34","0","0","0","No"
"04316","Benhaven Emergency Services","4023 NC Highway 87 N","","Sanford","NC","27332","","","PO Box 301","Olivia","NC","28368-0301","919-499-9511","919-498-0188","Harnett","Mostly volunteer","Local (includes career, combination, and volunteer fire departments and fire districts)","https://www.benhavenfirerescue.com/","2","15","0","23","15","10","No"
"01901","Bennett Volunteer Fire Department","55 E Raleigh ST","","Bennett","NC","27208","","","PO Box 115","Bennett","NC","27208-0115","336-581-3333","336-581-4233","Chatham","Mostly volunteer","Local (includes career, combination, and volunteer fire departments and fire districts)","","2","1","38","0","0","0",""
"05103","Benson Fire Department","208 N Elm ST","","Benson","NC","27504","208 N Elm ST","","PO Box ","Benson","NC","27504","919-894-8990","919-894-6142","Johnston","Mostly volunteer","Local (includes career, combination, and volunteer fire departments and fire districts)","","1","1","0","34","1","0",""
"05105","Bentonville Volunteer Fire Department Inc","3167 Harper House RD","","Four Oaks","NC","27524-8871","3167 Harper House RD","","","Four Oaks","NC","27524-8871","919-689-3998","","Johnston","Volunteer","Local (includes career, combination, and volunteer fire departments and fire districts)","","1","0","28","0","0","0","Yes"
"07901","Bethany Fire Department","6052 NC 65","","Reidsville","NC","27320","6052 NC 65","","","Reidsville","NC","27320-9346","336-951-2155","336-951-3441","Rockingham","Volunteer","Local (includes career, combination, and volunteer fire departments and fire districts)","https://www.bethanyfire.org","2","0","53","0","0","0","No"
"02601","Bethany Rural Fire Department","2140 Wade Stedman RD","","Stedman","NC","28391-8896","2140 Wade Stedman RD","","","Stedman","NC","28391","910-483-1581","910-483-4397","Cumberland","Mostly volunteer","Local (includes career, combination, and volunteer fire departments and fire districts)","","1","1","22","0","0","14",""
"05104","Bethany Rural Volunteer Fire Department of Johnston County","8525 Old Beulah RD","","Kenly","NC","27542","8525 Old Beulah RD","","","Kenly","NC","27542-8644","919-284-4176","919-284-4848","Johnston","Volunteer","Local (includes career, combination, and volunteer fire departments and fire districts)","","1","0","25","0","0","15",""
"07201","Bethel Community Fire Protection Association, Inc.","462 Snug Harbor RD","","Hertford","NC","27944","462 Snug Harbor RD","","","Hertford","NC","27944-1456","252-426-5110","252-426-5110","Perquimans","Volunteer","Local (includes career, combination, and volunteer fire departments and fire districts)","","1","0","29","0","0","0","No"
"03202","Bethesda Fire Department","1724 S Miami BLVD","","Durham","NC","27703","1724 S Miami BLVD","","","Durham","NC","27703-5630","919-596-7862","919-598-1557","Durham","Mostly career","Local (includes career, combination, and volunteer fire departments and fire districts)","https://bethesdavfd.org/","2","50","22","0","0","0","No"
"02301","Bethlehem Volunteer Fire Department","1128 Bethlehem RD","","Kings Mountain","NC","28086","1128 Bethlehem RD","","","Kings Mountain","NC","28086-8280","704-739-6206","704-739-9199","Cleveland","Volunteer","Local (includes career, combination, and volunteer fire departments and fire districts)","","1","0","1","25","1","2","No"
"03102","Beulaville Volunteer Fire Department","205 N Wilson AVE","","Beulaville","NC","28518","","","PO Box 738","Beulaville","NC","28518-0738","910-298-5151","","Duplin","Volunteer","Local (includes career, combination, and volunteer fire departments and fire districts)","","1","0","41","0","0","0","Yes"
"05805","Big Pine Volunteer Fire Department, Inc.","7909 Big Pine RD","","Marshall","NC","28753","7909 Big Pine RD","","","Marshall","NC","28753-6554","828-649-0449","","Madison","Volunteer","Local (includes career, combination, and volunteer fire departments and fire districts)","","1","0","20","0","0","0","Yes"
"08114","Bill's Creek Volunteer Fire Department","1184 Bills Creek RD","","Lake Lure","NC","28746","1184 Bills Creek RD","","","Lake Lure","NC","28746-9319","828-532-0100","","Rutherford","Volunteer","Local (includes career, combination, and volunteer fire departments and fire districts)","","2","0","36","0","0","0","No"
"06203","Biscoe Fire Department","110 W Main ST","","Biscoe","NC","27209","110 W Main ST","","","Biscoe","NC","27209-9526","910-428-4541","910-428-9847","Montgomery","Mostly volunteer","Local (includes career, combination, and volunteer fire departments and fire districts)","","1","1","26","0","0","0",""
"09801","Black Creek Volunteer Fire Department","114 Church ST","","Black Creek","NC","27813","","","PO Box 327","Black Creek","NC","27813-0327","252-234-1525","252-243-5983","Wilson","Volunteer","Local (includes career, combination, and volunteer fire departments and fire districts)","","1","0","0","27","0","0","No"
"07435","Black Jack Volunteer Fire Department","3020 Black Jack Simpson RD","","Greenville","NC","27858","3020 Black Jack Simpson RD","","","Greenville","NC","27858-9127","252-752-5792","","Pitt","Volunteer","Local (includes career, combination, and volunteer fire departments and fire districts)","","1","0","32","0","0","0",""
"01105","Black Mountain Fire Department","106 Montreat RD","","Black Mountain","NC","28711","106 Montreat RD","","","Black Mountain","NC","28711-3116","828-419-9320","828-669-8673","Buncombe","Mostly volunteer","Local (includes career, combination, and volunteer fire departments and fire districts)","https://www.townofblackmountain.org/2447/Fire-Department","3","23","40","0","0","10","No"
"05106","Blackman's Crossroads Volunteer Fire Department","5813 NC HWY 96 S","","Four Oaks","NC","27524","5813 NC HWY 96 S","","","Four Oaks","NC","27524","919-207-0438","","Johnston","Volunteer","Local (includes career, combination, and volunteer fire departments and fire districts)","","1","0","25","0","0","0",""
"00901","Bladenboro Fire Department","519 W Seaboard ST","","Bladenboro","NC","28320","","","PO Box 455","Bladenboro","NC","28320-0455","910-863-0170","910-863-2386","Bladen","Volunteer","Local (includes career, combination, and volunteer fire departments and fire districts)","","1","0","46","0","0","0","No"
"00709","Blounts Creek Volunteer Fire Department","13965 NC 33 HWY E","","Blounts Creek","NC","27814","","","PO Box 5","Blounts Creek","NC","27814-0005","252-322-5242","","Beaufort","Volunteer","Local (includes career, combination, and volunteer fire departments and fire districts)","www.blountscreekfiredept.com","1","0","31","0","0","0","No"
"09502","Blowing Rock Fire Department","8001 Valley BLVD","","Blowing Rock","NC","28605","8001 Valley BLVD","","","Blowing Rock","NC","28605-9049","828-295-5221","828-295-4172","Watauga","Mostly volunteer","Local (includes career, combination, and volunteer fire departments and fire districts)","","1","3","26","0","0","0",""
"00813","Blue Jay Volunteer Fire Department","1351 Indian Woods RD","","Windsor","NC","27983","1351 Indian Woods RD","","","Windsor","NC","27983-7533","000-000-0000","","Bertie","Volunteer","Local (includes career, combination, and volunteer fire departments and fire districts)","","1","0","20","0","0","0",""
"04502","Blue Ridge Fire & Rescue, Inc.","2503 Old Spartanburg RD","","East Flat Rock","NC","28726","2503 Old Spartanburg RD","","","East Flat Rock","NC","28726-2118","828-692-4416","828-692-4419","Henderson","Mostly volunteer","Local (includes career, combination, and volunteer fire departments and fire districts)","https://www.blueridgefire.com/","2","9","44","0","1","0","No"
"05501","Boger City Volunteer Fire Department","410 McAlister RD","","Lincolnton","NC","28092","410 McAlister RD","","","Lincolnton","NC","28092-4145","704-735-6046","704-736-0911","Lincoln","Mostly volunteer","Local (includes career, combination, and volunteer fire departments and fire districts)","","1","6","0","32","0","0","No"
"01001","Boiling Spring Lakes Fire Rescue","3059 George II HWY","","Southport","NC","28461","3059 George II HWY","","","Southport","NC","28461-7794","910-845-2818","910-845-2878","Brunswick","Volunteer","Local (includes career, combination, and volunteer fire departments and fire districts)","","3","0","45","0","1","1","Yes"
"02304","Boiling Springs Fire & Rescue","149 N Main ST","","Shelby","NC","28152","","","PO Box 321","Boiling Springs","NC","28017-0321","704-434-6881","704-434-6880","Cleveland","Volunteer","Local (includes career, combination, and volunteer fire departments and fire districts)","www.bsfdnc.org","2","0","0","36","0","0","No"
"02402","Bolton Volunteer Fire and Rescue Department Inc.","225 9TH ST","","Bolton","NC","28423","","","PO Box 253","Bolton","NC","28423-0253","910-655-8654","910-655-8655","Columbus","Volunteer","Local (includes career, combination, and volunteer fire departments and fire districts)","","1","0","25","0","0","0","Yes"
"01902","Bonlee Fire Department","185 Bonlee Bennett RD","","Bonlee","NC","27213","","","PO Box 236","Bonlee","NC","27213-0236","919-837-5016","919-837-0138","Chatham","Mostly volunteer","Local (includes career, combination, and volunteer fire departments and fire districts)","","1","1","34","0","0","0","Yes"
"09503","Boone Fire Department","729 W King ST","","Boone","NC","28607","","","PO Box 192","Boone","NC","28607-0192","828-268-6180","828-268-6186","Watauga","Mostly career","Local (includes career, combination, and volunteer fire departments and fire districts)","http://www.townofboone.net/182/Fire","3","33","0","12","0","0","No"
"09913","Boonville Community Volunteer Fire Department","207 S Carolina AVE","","Boonville","NC","27011","","","PO Box 57","Boonville","NC","27011-0057","336-367-3018","336-367-7388","Yadkin","Mostly volunteer","Local (includes career, combination, and volunteer fire departments and fire districts)","bvfd@27011.org","2","7","22","0","0","0","No"
"08041","Bostian Heights Fire Department","8211 Old Concord RD","","Salisbury","NC","28146","8211 Old Concord RD","","","Salisbury","NC","28146-9100","704-857-0208","704-855-9221","Rowan","Mostly volunteer","Local (includes career, combination, and volunteer fire departments and fire districts)","","1","7","24","0","0","5","No"
"08101","Bostic Volunteer Fire Department","181 N Main ST","","Bostic","NC","28018","","","PO Box 158","Bostic","NC","28018-0158","828-245-2249","828-245-9394","Rutherford","Volunteer","Local (includes career, combination, and volunteer fire departments and fire districts)","","3","0","24","0","0","0","Yes"
"03914","Brassfield Volunteer Fire Department","4128 Old Franklinton RD","1680 NC Hwy 96","Franklinton","NC","27525","4128 Old Franklinton RD","1680 NC Hwy 96","","Franklinton","NC","27525","919-528-2833","","Franklin","Volunteer","Local (includes career, combination, and volunteer fire departments and fire districts)","","1","0","27","0","0","2",""
"02203","Brasstown Fire Department","11179 Old Highway 64 W","","Brasstown","NC","28902","","","PO Box 55","Brasstown","NC","28902-0055","828-837-2819","828-837-2819","Clay","Volunteer","Local (includes career, combination, and volunteer fire departments and fire districts)","","1","0","25","0","0","1","Yes"
"01275","Brendletown Fire & Rescue","5157 US Highway 64","","Morganton","NC","28655-8659","","","PO Box 945","Morganton","NC","28680-0945","828-584-0394","828-584-7727","Burke","Volunteer","Local (includes career, combination, and volunteer fire departments and fire districts)","","2","0","38","0","0","3",""
"08802","Brevard Fire Department","95 W Main ST","","Brevard","NC","28712","95 W Main ST","","","Brevard","NC","28712-3648","828-883-3333","828-883-2853","Transylvania","Mostly volunteer","Local (includes career, combination, and volunteer fire departments and fire districts)","https://www.cityofbrevard.com/142/Fire","1","4","0","35","0","0","No"
"04213","Brinkleyville Volunteer Fire Department","31720 HWY 561","","Littleton","NC","27823","31720 HWY 561","","","Littleton","NC","27823","252-586-2944","252-586-7263","Halifax","Volunteer","Local (includes career, combination, and volunteer fire departments and fire districts)","","1","0","20","0","0","0",""
"07803","Britt's Township Volunteer Fire Department","9529 NC Highway 72 E","","Lumberton","NC","28358","","","PO Box 1451","Lumberton","NC","28359-1451","910-738-5441","910-738-5441","Robeson","Volunteer","Local (includes career, combination, and volunteer fire departments and fire districts)","","1","0","30","0","0","0","Yes"
"01613","Broad & Gales Creek Fire Department","3010 Highway 24","","Newport","NC","28570","3010 Highway 24","","","Newport","NC","28570-5083","252-725-0984","","Carteret","Volunteer","Local (includes career, combination, and volunteer fire departments and fire districts)","","1","0","33","0","0","0","No"
"01124","Broad River Volunteer Fire & Rescue Department","44 Broad River VFD RD","","Black Mountain","NC","28711","44 Broad River VFD RD","","","Black Mountain","NC","28711-8901","828-669-0488","828-669-0438","Buncombe","Volunteer","Local (includes career, combination, and volunteer fire departments and fire districts)","","2","0","30","0","0","0",""
"09703","Broadway Volunteer Fire Department","1690 Statesville RD","PO Box 819","Wilkesboro","NC","28697","1690 Statesville RD","","PO Box 819","Wilkesboro","NC","28697","336-838-0034","","Wilkes","Volunteer","Local (includes career, combination, and volunteer fire departments and fire districts)","","1","0","28","0","0","0",""
"05107","Brogden Rural Fire Department","3531 Stephens Chapel RD","","Smithfield","NC","27577","3531 Stephens Chapel RD","","","Smithfield","NC","27577","919-934-6262","","Johnston","Volunteer","Local (includes career, combination, and volunteer fire departments and fire districts)","","1","0","30","0","0","0",""
"09727","Brushy Mountain Volunteer Fire Department, Inc.","7990 Brushy Mountain RD","","Moravian Falls","NC","28654","6324 Brushy Mountain RD","","","Moravian Falls","NC","28654-9865","336-921-3473","336-921-3473","Wilkes","Volunteer","Local (includes career, combination, and volunteer fire departments and fire districts)","","1","0","34","0","0","0",""
"09921","Buck Shoals Volunteer Fire Department","6100 Windsor RD","","Hamptonville","NC","27020","","","PO Box 115","Hamptonville","NC","27020-0115","336-468-2112","336-468-2112","Yadkin","Volunteer","Local (includes career, combination, and volunteer fire departments and fire districts)","","1","0","30","0","0","3",""
"02404","Buckhead Volunteer Fire Department and Rescue Squad","6810 Old Lake RD","","Bolton","NC","28423","6810 Old Lake RD","","","Bolton","NC","28423-8958","910-655-8940","910-655-3660","Columbus","Volunteer","Local (includes career, combination, and volunteer fire departments and fire districts)","","1","0","25","0","0","8","No"
"04304","Buies Creek Volunteer Fire Department, Inc.","112 Marshbanks ST","","Buies Creek","NC","27506","","","PO Box 447","Buies Creek","NC","27506","910-893-4327","910-893-8475","Harnett","Mostly volunteer","Local (includes career, combination, and volunteer fire departments and fire districts)","","1","7","42","0","0","5",""
"03902","Bullock Volunteer Fire Department","8677 Highway 15 N","","Bullock","NC","27507","","","PO Box 366","Bullock","NC","27507-0366","919-690-1906","919-690-1906","Granville","Volunteer","Local (includes career, combination, and volunteer fire departments and fire districts)","","1","0","33","0","0","10","No"
"03501","Bunn Rural Fire Association Inc.","505 Main ST","","Bunn","NC","27508","","","PO Box 74","Bunn","NC","27508-0074","919-496-5051","919-497-5492","Franklin","Volunteer","Local (includes career, combination, and volunteer fire departments and fire districts)","","3","0","43","0","0","0","No"
"07102","Burgaw Fire Department","109 N Walker ST","","Burgaw","NC","28425","109 N Walker ST","","","Burgaw","NC","28425-5234","910-663-3480","","Pender","Mostly volunteer","Local (includes career, combination, and volunteer fire departments and fire districts)","","1","7","30","0","0","1","No"
"00102","Burlington Fire Department","215 S Church ST","","Burlington","NC","27215","215 S Church ST","","","Burlington","NC","27215-3708","336-229-3563","336-229-3547","Alamance","Career","Local (includes career, combination, and volunteer fire departments and fire districts)","https://www.ci.burlington.nc.us/index.aspx?NID=48","5","90","0","0","2","0","No"
"00402","Burnsville Fire, Rescue and Ambulance Service","13380 Highway 742 N","","Polkton","NC","28135-7727","13380 Highway 742 N","","","Polkton","NC","28135-7727","704-826-8302","704-826-6234","Anson","Volunteer","Local (includes career, combination, and volunteer fire departments and fire districts)","","1","0","25","0","0","0",""
"10011","Burnsville Volunteer Fire Department","305 Pineola ST","","Burnsville","NC","28714","","","PO Box 461","Burnsville","NC","28714-0461","828-682-1184","828-682-2414","Yancey","Volunteer","Local (includes career, combination, and volunteer fire departments and fire districts)","","1","0","19","1","0","0","No"
"07818","Burnt Swamp Philadelphus Fire Volunteer Department","235 JG Farm RD","","Pembroke","NC","28372","235 JG Farm RD","","","Pembroke","NC","28372-8041","910-359-2673","","Robeson","Volunteer","Local (includes career, combination, and volunteer fire departments and fire districts)","","1","0","32","0","0","12","No"
"03903","Butner Public Safety","611 Central AVE","","Butner","NC","27509","611 Central AVE","","","Butner","NC","27509-1919","919-575-6561","919-575-6045","Granville","Mostly career","Local (includes career, combination, and volunteer fire departments and fire districts)","","1","37","10","0","7","0","No"
"01003","Calabash Fire Department, Inc","892 Persimmon RD","","Calabash","NC","28467-2314","892 Persimmon RD","","","Calabash","NC","28467-2314","910-579-2355","910-579-5024","Brunswick","Mostly volunteer","Local (includes career, combination, and volunteer fire departments and fire districts)","","2","9","34","0","1","0",""
"03103","Calypso Volunteer Fire Department Inc","109 SE Center ST","","Calypso","NC","28325","","","PO Box 367","Calypso","NC","28325-0367","919-658-9221","","Duplin","Volunteer","Local (includes career, combination, and volunteer fire departments and fire districts)","","1","0","34","0","0","0","No"
"06322","Cameron Rural Fire Department, Inc.","170 Red Hill RD","","Cameron","NC","28326","","","PO Box 142","Cameron","NC","28326-0142","910-245-4322","910-245-4723","Moore","Volunteer","Local (includes career, combination, and volunteer fire departments and fire districts)","","1","0","28","0","0","0","No"
"06704","Camp Lejeune Fire & Emergency Services","58 Virginia Dare DR","","Camp Lejeune","NC","28547-2527","58 Virginia Dare DR","","","Camp Lejeune","NC","28547-2527","910-451-7100","910-451-5976","Onslow","Career","Federal government (Department of Defense fire department)","https://www.lejeune.usmc.mil/","10","157","0","0","7","0","Yes"
"05004","Canada Volunteer Fire Department, Inc.","Charley's Creek RD","PO Box 58","Tuckasegee","NC","28783","Charley's Creek RD","PO Box 58","","Tuckasegee","NC","28783","828-293-5117","828-293-5117","Jackson","Volunteer","Local (includes career, combination, and volunteer fire departments and fire districts)","","1","0","22","0","0","0",""
"06205","Candor Fire Department","142 S School ST","","Candor","NC","27281","","","PO Box 220","Candor","NC","27229-0220","910-974-7499","910-974-7499","Montgomery","Volunteer","Local (includes career, combination, and volunteer fire departments and fire districts)","www.candorfire.com","1","0","21","0","0","0",""
"04401","Canton Fire Department","21 Adams ST","","Canton","NC","28716","21 Adams ST","","","Canton","NC","28716-4303","828-646-3418","828-646-3419","Haywood","Mostly career","Local (includes career, combination, and volunteer fire departments and fire districts)","","1","12","2","0","0","0","No"
"05301","Cape Fear Rural Fire Department","100 Johnson ST","","Broadway","NC","27505","","","PO Box 399","Broadway","NC","27505-0399","919-258-6511","919-258-5156","Lee","Mostly volunteer","Contract fire department","https://sites.google.com/view/capefearfiredeptnc/home?authuser=2","2","3","30","1","0","0","No"
"06501","Carolina Beach Fire Department","9 Dow RD N","","Carolina Beach","NC","28428","1121 Lake Park BLVD N","","","Carolina Beach","NC","28428-4130","910-458-2985","910-458-2571","New Hanover","Mostly career","Local (includes career, combination, and volunteer fire departments and fire districts)","https://www.carolinabeach.org/government/departments/fire-rescue","1","17","0","10","2","0","Yes"
"07423","Carolina Township Volunteer Fire Department","2863 NC 903 N","","Stokes","NC","27884-0026","","","PO Box 26","Stokes","NC","27884-0026","252-758-5504","252-758-5504","Pitt","Volunteer","Local (includes career, combination, and volunteer fire departments and fire districts)","","2","0","41","0","0","10",""
"06801","Carrboro Fire-Rescue Department","301 W Main ST","","Carrboro","NC","27510","301 W Main ST","","","Carrboro","NC","27510-2029","919-918-7347","919-932-5359","Orange","Career","Local (includes career, combination, and volunteer fire departments and fire districts)","http://carrborofire.org/179/Fire-Rescue","2","36","0","0","1","0","No"
"06331","Carthage Fire Department","4396 US 15 501 HWY","","Carthage","NC","28327","4396 US 15 501 HWY","","","Carthage","NC","28327-7383","910-947-2226","","Moore","Mostly volunteer","Local (includes career, combination, and volunteer fire departments and fire districts)","www.carthagefire.com","1","4","0","35","0","0","No"
"00911","Carvers Creek Volunteer Fire Department","2095 S Ellway Ferry RD","PO Box 97","Council","NC","28434","2095 S Ellway Ferry RD","","PO Box 97","Council","NC","28434","910-669-2219","","Bladen","Volunteer","Local (includes career, combination, and volunteer fire departments and fire districts)","","1","0","20","0","0","0",""
"09203","Cary Fire Department","100 N Academy ST","","Cary","NC","27511","100 N Academy ST","","","Cary","NC","27511-3337","919-469-4056","919-460-4911","Wake","Career","Local (includes career, combination, and volunteer fire departments and fire districts)","https://www.carync.gov/services-publications/fire","10","237","0","0","2","0","Yes"
"02305","Casar Volunteer Fire Department","5757 Casar RD","","Casar","NC","28020","","","PO Box 316","Casar","NC","28020-0316","704-538-9377","704-538-9354","Cleveland","Volunteer","Local (includes career, combination, and volunteer fire departments and fire districts)","","1","0","38","0","0","0","No"
"05001","Cashiers Glenville Volunteer Fire Department","579 Frank Allen RD","","Cashiers","NC","28717","","","PO Box 1978","Cashiers","NC","28717-1978","828-743-9544","828-743-1702","Jackson","Mostly volunteer","Local (includes career, combination, and volunteer fire departments and fire districts)","https://cashiersglenvillefire.com/","6","13","4","35","0","0","No"
"06403","Castalia Volunteer Fire Department","11065 Lancaster Store RD","PO Box 212","Castalia","NC","27816","11065 Lancaster Store RD","","PO Box 212","Castalia","NC","27816","252-459-4777","","Nash","Volunteer","Local (includes career, combination, and volunteer fire departments and fire districts)","","2","0","35","0","0","0",""
"04003","Castoria Rural Fire Association","PO Box 497","","Snow Hill","NC","28580","","","PO Box 497","Snow Hill","NC","28580-0497","252-643-3457","252-747-2482","Greene","Volunteer","Contract fire department","","1","0","26","0","0","0","Yes"
"01701","Casville Volunteer Fire Department, Inc.","10886 US Highway 158 W","","Ruffin","NC","27326","10886 US Highway 158 W","","","Ruffin","NC","27326-8877","336-939-7563","336-939-7563","Caswell","Volunteer","Local (includes career, combination, and volunteer fire departments and fire districts)","","1","0","25","0","0","0","No"
"01802","Catawba Volunteer Fire Department, Inc.","108 N Main ST","","Catawba","NC","28609","","","PO Box 98","Catawba","NC","28609-0098","828-241-4955","828-241-3966","Catawba","Volunteer","Local (includes career, combination, and volunteer fire departments and fire districts)","","1","0","32","0","0","0","No"
"06808","Cedar Grove Fire Department","720 Hawkins RD","","Cedar Grove","NC","27231","720 Hawkins RD","","","Cedar Grove","NC","27231","919-732-9585","919-732-9585","Orange","Volunteer","Local (includes career, combination, and volunteer fire departments and fire districts)","","2","0","40","0","0","0",""
"01617","Cedar Island Community Center and Volunteer Fire Department","2543 Cedar Island RD","","Cedar Island","NC","28520","","","PO Box 585","Cedar Island","NC","28520-0585","252-225-1501","252-225-1501","Carteret","Volunteer","Local (includes career, combination, and volunteer fire departments and fire districts)","","1","0","17","0","0","0","No"
"08812","Cedar Mountain Fire Rescue, Inc.","8725 Cascade Lake RD","","Cedar Mountain","NC","28718","","","PO Box 479","Cedar Mountain","NC","28718-0479","828-885-7297","828-862-5715","Transylvania","Volunteer","Local (includes career, combination, and volunteer fire departments and fire districts)","https://www.cmfr.org/","1","0","31","0","0","4","No"
"07306","Ceffo Volunteer Fire and Rescue Department Inc.","1291 Concord - Ceffo Road RD","","Roxboro","NC","27573","1291 Concord - Ceffo Road RD","","PO Box ","Roxboro","NC","27573","336-599-5311","336-599-5311","Person","Volunteer","Local (includes career, combination, and volunteer fire departments and fire districts)","","2","0","31","0","0","9",""
"02101","Center Hill Cross Roads Fire Department","105 Center Hill RD","PO Box 185","Tyner","NC","27980","105 Center Hill RD","","PO Box 185","Tyner","NC","27980","252-221-4956","","Chowan","Volunteer","Local (includes career, combination, and volunteer fire departments and fire districts)","","1","0","34","0","0","0",""
"04402","Center Pigeon Volunteer Fire Department Incorporated","2412 Pisgah DR","","Canton","NC","28716","2412 Pisgah DR","","","Canton","NC","28716-2324","828-648-0810","828-648-0621","Haywood","Mostly volunteer","Local (includes career, combination, and volunteer fire departments and fire districts)","https://www.centerpigeonfire.org/","1","4","23","0","0","5","No"
"00206","Central Alexander Fire Department","173 Emergency ST","","Taylorsville","NC","28681-2676","","","PO Box 878","Taylorsville","NC","28681-0878","828-632-2060","828-632-0633","Alexander","Volunteer","Local (includes career, combination, and volunteer fire departments and fire districts)","http://www.taylorsvillefire.com/","1","0","51","0","0","0",""
"02902","Central Fire Department, Inc.","572 Becks Church RD","","Lexington","NC","27292","572 Becks Church RD","","","Lexington","NC","27292-2137","336-248-4320","336-248-4913","Davidson","Volunteer","Local (includes career, combination, and volunteer fire departments and fire districts)","","1","0","37","0","0","10","Yes"
"04901","Central School Volunteer Fire Department","4634 Wilkesboro HWY","","Statesville","NC","28625","4634 Wilkesboro HWY","","","Statesville","NC","28625-1280","704-876-2779","704-876-8621","Iredell","Volunteer","Local (includes career, combination, and volunteer fire departments and fire districts)","","2","0","46","0","0","0","Yes"
"08677","Central Surry Volunteer Fire Department","611 S Main ST","","Dobson","NC","27017","","","PO Box 85","Dobson","NC","27017-0085","336-366-4277","","Surry","Mostly volunteer","Local (includes career, combination, and volunteer fire departments and fire districts)","","2","1","30","0","0","0","Yes"
"02405","Cerro Gordo Fire & Rescue Department","75 E Railroad ST","","Cerro Gordo","NC","28430","","","PO Box 39","Cerro Gordo","NC","28430-0039","910-654-3535","910-654-4825","Columbus","Volunteer","Local (includes career, combination, and volunteer fire departments and fire districts)","","1","0","38","0","0","0","Yes"
"02406","Chadbourn Fire and Rescue","204 N Wilson ST","","Chadbourn","NC","28431","","","PO Box C","Chadbourn","NC","28431","910-654-1060","910-654-1060","Columbus","Volunteer","Local (includes career, combination, and volunteer fire departments and fire districts)","","2","0","0","30","0","0",""
"06802","Chapel Hill Fire Department","403 Martin Luther King Jr BLVD","","Chapel Hill","NC","27514","403 Martin Luther King Jr BLVD","","","Chapel Hill","NC","27514-5705","919-968-2781","919-932-2956","Orange","Career","Local (includes career, combination, and volunteer fire departments and fire districts)","http://www.townofchapelhill.org/town-hall/departments-services/fire-department","5","92","0","0","5","0","Yes"
"06002","Charlotte Fire Department","500 Dalton AVE","","Charlotte","NC","28206-3031","500 Dalton AVE","","","Charlotte","NC","28206-3031","704-336-4174","704-336-4170","Mecklenburg","Career","Local (includes career, combination, and volunteer fire departments and fire districts)","http://charlottenc.gov/fire/Pages/default.aspx","42","1056","0","0","118","0","Yes"
"01708","Cherry Grove Volunteer Fire Department","7404 Cherry Grove RD","","Reidsville","NC","27320","7404 Cherry Grove RD","","","Reidsville","NC","27320","336-421-0202","","Rockingham","Volunteer","Local (includes career, combination, and volunteer fire departments and fire districts)","","1","0","25","0","0","0",""
"00305","Cherry Lane Fire Department and First Responders, Inc.","8378 US HWY 21 S","","Glade Valley","NC","28627","","","PO Box 162","Roaring Gap","NC","28668-0162","336-363-2623","336-363-3577","Alleghany","Volunteer","Local (includes career, combination, and volunteer fire departments and fire districts)","","1","0","28","24","0","0","No"
"08106","Cherry Mountain Volunteer Fire Department","5841 Bostic Sunshine HWY","","Bostic","NC","28018","5841 Bostic Sunshine HWY","","","Bostic","NC","28018-9690","828-245-1935","","Rutherford","Volunteer","Local (includes career, combination, and volunteer fire departments and fire districts)","","3","0","26","0","0","0",""
"02502","Cherry Point Fire Department","PSC Box 8035 Building 4875 F ST","","MCAS Cherry Point","NC","28533","PSC Box 8035 Building 4875 F ST","","","Cherry Point","NC","28533","252-466-2351","252-466-3371","Craven","Career","Federal government (Department of Defense fire department)","https://home.coxnc.rr.com/cpfd","3","42","0","0","1","0",""
"03607","Cherryville Fire Department","411 E Church ST","","Cherryville","NC","28021","411 E Church ST","","","Cherryville","NC","28021-2110","704-435-1730","704-435-2430","Gaston","Mostly volunteer","Local (includes career, combination, and volunteer fire departments and fire districts)","https://www.cityofcherryville.com/fire-department","1","8","0","34","1","0","Yes"
"01276","Chesterfield Fire Rescue","2160 HWY 18 US 64","","Morganton","NC","28655","2160 HWY 18 US 64","","","Morganton","NC","28655","828-433-0357","828-433-0357","Burke","Volunteer","Local (includes career, combination, and volunteer fire departments and fire districts)","","1","0","18","0","0","2",""
"02817","Chicamacomico Banks Fire Department","24297 NC  12 HWY","PO Box 125","Rodanthe","NC","27968","24297 NC  12 HWY","PO Box 125","","Rodanthe","NC","27968","252-987-2347","252-987-2347","Dare","Volunteer","Local (includes career, combination, and volunteer fire departments and fire districts)","","1","0","21","0","0","2",""
"08108","Chimney Rock Volunteer Fire Department, Inc.","109 Terrace DR","","Chimney Rock","NC","28720","","","PO Box 146","Chimney Rock","NC","28720-0146","828-625-2021","828-625-2021","Rutherford","Volunteer","Local (includes career, combination, and volunteer fire departments and fire districts)","","2","0","23","0","0","0",""
"03104","Chinquapin Volunteer Fire and Rescue, Inc.","2800 S NC Highway 41 & 50","","Chinquapin","NC","28521","","","PO Box 9","Chinquapin","NC","28521-0009","910-285-3243","910-285-3244","Duplin","Volunteer","Local (includes career, combination, and volunteer fire departments and fire districts)","https://www.facebook.com/chinquapinfire/","1","0","21","0","0","2","No"
"00704","Chocowinity Volunteer Fire Department","512 NC Highway 33 E","","Chocowinity","NC","27817","512 NC Highway 33 E","","","Chocowinity","NC","27817-9004","252-946-6559","","Beaufort","Volunteer","Local (includes career, combination, and volunteer fire departments and fire districts)","","2","0","44","0","0","7","Yes"
"09306","Churchill Five Forks Volunteer Fire Department","1168 Church Hill RD","","Macon","NC","27551","1168 Church Hill RD","","","Macon","NC","27551-9126","252-257-2323","","Warren","Volunteer","Local (includes career, combination, and volunteer fire departments and fire districts)","cffvfd.org","2","0","30","1","0","6","No"
"02903","Churchland Fire Department","9752 S NC Highway 150","","Linwood","NC","27299-9460","9752 S NC Highway 150","","","Limwood","NC","27299-9460","336-752-2123","336-752-2969","Davidson","Volunteer","Local (includes career, combination, and volunteer fire departments and fire districts)","https://www.churchlandfire.com/","2","0","0","38","0","0","Yes"
"03603","City of Belmont Fire Department","301 Keener BLVD","","Belmont","NC","28012","301 Keener BLVD","","","Belmont","NC","28012-3828","704-825-0502","704-823-2393","Gaston","Mostly volunteer","Local (includes career, combination, and volunteer fire departments and fire districts)","","1","9","21","0","0","0",""
"08203","City of Clinton Fire Department","222 Wall  ST","PO Box 199","Clinton","NC","28329","222 Wall  ST","PO Box 199","PO Box ","Clinton","NC","28329","910-592-1961","910-590-2923","Sampson","Career","Local (includes career, combination, and volunteer fire departments and fire districts)","","2","36","0","0","1","0",""
"01804","City of Conover Fire Department","1225 Conover BLVD E","","Conover","NC","28613","","","PO Box 549","Conover","NC","28613-0549","828-464-1295","828-464-1253","Catawba","Career","Local (includes career, combination, and volunteer fire departments and fire districts)","https://www.conovernc.gov/fire","3","45","0","0","1","0","Yes"
"03612","City of Gastonia Fire Department","260 N Myrtle School RD","","Gastonia","NC","28052","260 N Myrtle School RD","","","Gastonia","NC","28052-1258","704-866-6806","704-866-6052","Gaston","Career","Local (includes career, combination, and volunteer fire departments and fire districts)","https://gastonianc.gov/fire-main.html","8","142","0","0","2","0","No"
"09104","City of Henderson Fire Department","211 Dabney DR","","Henderson","NC","27536","211 Dabney DR","","","Henderson","NC","27536-4033","252-438-7315","252-438-1460","Vance","Mostly career","Local (includes career, combination, and volunteer fire departments and fire districts)","","2","40","0","12","1","0","No"
"00109","City of Mebane Fire Department","1469 Mebane Oaks RD","","Mebane","NC","27302","1469 Mebane Oaks RD","","","Mebane","NC","27302-9682","919-563-5718","","Alamance","Mostly career","Local (includes career, combination, and volunteer fire departments and fire districts)","https://cityofmebanenc.gov/departments/fire","3","36","18","0","2","0","No"
"01812","City of Newton Fire Department","119 S Brady AVE","","Newton","NC","28658","119 S Brady AVE","","","Newton","NC","28658-3345","828-695-4314","828-465-7453","Catawba","Mostly career","Local (includes career, combination, and volunteer fire departments and fire districts)","https://www.newtonnc.gov/departments/fire/index.php","3","39","0","6","1","0","No"
"07611","City of Randleman Fire Department","105 Hilliary ST","","Randleman","NC","27317","105 Hilliary ST","","","Randleman","NC","27317-1727","336-495-7530","336-498-3499","Randolph","Mostly volunteer","Local (includes career, combination, and volunteer fire departments and fire districts)","","1","15","22","0","0","0","Yes"
"07907","City of Reidsville Fire Department","402 S Scales ST","","Reidsville","NC","27320","402 S Scales ST","","","Reidsville","NC","27320-3840","336-349-1024","336-349-1026","Rockingham","Mostly career","Local (includes career, combination, and volunteer fire departments and fire districts)","https://www.reidsvillenc.gov/fire-department","3","28","0","10","0","0","Yes"
"07302","City of Roxboro Fire Department","105 Court ST","","Roxboro","NC","27573","105 Court ST","","","Roxboro","NC","27573","336-599-9222","336-599-1157","Person","Mostly career","Local (includes career, combination, and volunteer fire departments and fire districts)","","3","23","2","12","0","0",""
"00706","City of Washington Fire Department","410 N Market ST","","Washington","NC","27889-4936","410 N Market ST","","","Washington","NC","27889-4936","252-975-9343","252-975-6048","Beaufort","Mostly career","Local (includes career, combination, and volunteer fire departments and fire districts)","https://www.washington-nc.com/fire-rescue-ems","2","42","6","0","0","0","No"
"03423","City of Winston-Salem Fire Department","651 N Marshall ST","","Winston Salem","NC","27101","725 N Cherry ST STE 314","","","Winston Salem","NC","27101-1418","336-773-7900","336-773-7974","Forsyth","Career","Local (includes career, combination, and volunteer fire departments and fire districts)","https://www.cityofws.org/176/Fire-Department","20","377","0","0","16","0","No"
"03403","City View Volunteer Fire Department, Inc.","4664 Old Belews Creek RD","","Winston Salem","NC","27101-2224","4664 Old Belews Creek RD","","","Winston Salem","NC","27101-2224","336-723-5711","336-723-3577","Forsyth","Volunteer","Local (includes career, combination, and volunteer fire departments and fire districts)","","2","0","42","0","1","0","No"
"01004","Civietown Volunteer Fire and Rescue","2227 Civietown RD","","Supply","NC","28462","","","PO Box 146","Shallotte","NC","28459-0146","910-754-8392","910-755-8012","Brunswick","Mostly volunteer","Local (includes career, combination, and volunteer fire departments and fire districts)","","1","5","0","25","0","0","Yes"
"01803","Claremont Fire Department","2850 Fire House LN","","Claremont","NC","28610","2850 Fire House LN","","","Claremont","NC","28610-9250","828-459-9296","828-459-9732","Catawba","Mostly volunteer","Local (includes career, combination, and volunteer fire departments and fire districts)","","1","1","33","0","0","0",""
"05701","Clarks Chapel Fire & Rescue Department, Inc.","270 Fulcher RD","","Franklin","NC","28734-9654","270 Fulcher RD","","","Franklin","NC","28734-9654","828-524-8113","828-524-8113","Macon","Mostly volunteer","Local (includes career, combination, and volunteer fire departments and fire districts)","","1","1","36","0","0","0",""
"07425","Clarks Neck Fire and Rescue Department, Inc.","5440 Clarks Neck RD","","Washington","NC","27889-6834","5440 Clarks Neck RD","","","Washington","NC","27889-6834","252-975-7911","252-975-7911","Pitt","Volunteer","Local (includes career, combination, and volunteer fire departments and fire districts)","https://www.clarksneckfire.org/","2","0","38","0","0","2","Yes"
"00902","Clarkton Fire Department, Inc.","205 Peach ST","","Clarkton","NC","28433","","","PO Box 38","Clarkton","NC","28433-0038","910-647-0147","910-647-0157","Bladen","Volunteer","Local (includes career, combination, and volunteer fire departments and fire districts)","","1","0","24","0","0","2",""
"02201","Clay County Fire & Rescue Squad, Inc.","30 May ST","","Hayesville","NC","28904","","","PO Box 325","Hayesville","NC","28904","828-389-6905","828-389-6905","Clay","Volunteer","Local (includes career, combination, and volunteer fire departments and fire districts)","","4","0","29","0","0","25",""
"05108","Clayton Fire Department","325 W Horne ST","","Clayton","NC","27520","","","PO Box 879","Clayton","NC","27528-0879","919-553-1520","919-553-1544","Johnston","Career","Local (includes career, combination, and volunteer fire departments and fire districts)","https://www.townofclaytonnc.org/","2","54","0","0","2","0","No"
"10016","Clearmont Volunteer Fire Department","2645 Jacks Creek RD","","Burnsville","NC","28714","","","PO Box 1330","Burnsville","NC","28714-1330","828-682-7500","828-682-7500","Yancey","Volunteer","Local (includes career, combination, and volunteer fire departments and fire districts)","","2","0","33","0","0","0",""
"08202","Clement Volunteer Fire Department, Inc.","3384 Maxwell RD","","Autryville","NC","28318","3384 Maxwell RD","","","Autryville","NC","28318-8781","910-567-2609","910-567-5042","Sampson","Mostly volunteer","Local (includes career, combination, and volunteer fire departments and fire districts)","","1","1","34","0","0","6","No"
"08045","Cleveland Community Volunteer Fire Department","205 School ST","","Cleveland","NC","27013","","","PO Box 452","Cleveland","NC","27013-0452","704-278-4300","704-278-4303","Rowan","Mostly volunteer","Local (includes career, combination, and volunteer fire departments and fire districts)","","2","11","25","0","0","0","No"
"02306","Cleveland County Volunteer Fire Department, Inc.","221 E Graham ST","","Shelby","NC","28150","221 E Graham ST","","","Shelby","NC","28150-5433","704-487-5335","704-482-3635","Cleveland","Volunteer","Local (includes career, combination, and volunteer fire departments and fire districts)","","1","0","40","0","0","5","No"
"05109","Cleveland Fire Department","9039 Cleveland RD","","Clayton","NC","27520","9039 Cleveland RD","","","Clayton","NC","27520","919-989-1909","919-989-3473","Johnston","Mostly volunteer","Local (includes career, combination, and volunteer fire departments and fire districts)","","1","3","0","37","0","0",""
"08102","Cliffside Area Fire Department","4600 HWY 221A","","Mooresboro","NC","28114","","","PO Box 727","Cliffside","NC","28024-0727","828-657-5671","828-657-9955","Rutherford","Volunteer","Local (includes career, combination, and volunteer fire departments and fire districts)","","2","0","35","0","2","0",""
"04103","Climax Fire Department","1210 NC Highway 62 E","","Climax","NC","27233","","","PO Box 51","Climax","NC","27233-0051","336-674-0880","","Guilford","Mostly volunteer","Local (includes career, combination, and volunteer fire departments and fire districts)","https://www.climaxfire.com/","2","7","39","0","1","0","No"
"04404","Clyde Fire Department","8531 Carolina BLVD","PO Box 552","Clyde","NC","28721","8531 Carolina BLVD","","PO Box 552","Clyde","NC","28721","828-627-8842","828-627-9636","Haywood","Volunteer","Local (includes career, combination, and volunteer fire departments and fire districts)","","1","0","38","0","0","0",""
"04305","Coats-Grove Fire & Rescue, Inc.","91 N McKinley ST","PO Box 835","Coats","NC","27521","91 N McKinley ST","","PO Box 835","Coats","NC","27521","910-897-7575","910-891-4174","Harnett","Mostly volunteer","Local (includes career, combination, and volunteer fire departments and fire districts)","","1","7","34","0","0","0",""
"09108","Cokesbury Volunteer Fire Department","1516 S Cokesbury RD","","Henderson","NC","27537","","","PO Box 1458","Henderson","NC","27536-1458","252-492-5667","252-738-0463","Vance","Volunteer","Local (includes career, combination, and volunteer fire departments and fire districts)","","1","0","25","0","0","5",""
"01302","Cold Water Fire & Rescue","1830 Gold Hill RD","","Concord","NC","28025","1830 Gold Hill RD","","","Concord","NC","28025-7937","704-782-2514","704-795-9458","Cabarrus","Volunteer","Local (includes career, combination, and volunteer fire departments and fire districts)","https://coldwatervfd.com/","1","0","0","35","0","0","Yes"
"00803","Colerain Volunteer Fire Department","101 Winton ST","","Colerain","NC","27924-0247","","","PO Box 247","Colerain","NC","27924-0247","252-356-1033","252-356-2124","Bertie","Volunteer","Local (includes career, combination, and volunteer fire departments and fire districts)","","1","0","28","0","0","0",""
"04104","Colfax Fire Department","9414 W Market ST","","Colfax","NC","27235","","","PO Box 370","Colfax","NC","27235-0370","336-993-4931","336-993-4932","Guilford","Mostly volunteer","Local (includes career, combination, and volunteer fire departments and fire districts)","","2","6","40","0","0","0",""
"02816","Colington Volunteer Fire Department","108 Schoolhouse RD","","Kill Devil Hills","NC","27948","108 Schoolhouse RD","","","Kill Devil Hills","NC","27948-8054","252-441-6234","252-441-5887","Dare","Mostly volunteer","Local (includes career, combination, and volunteer fire departments and fire districts)","https://www.colingtonfd.com","1","9","24","0","1","5","No"
"01401","Collettsville Fire & Rescue","5430 Adako RD","","Collettsville","NC","28611","","","PO Box 101","Collettsville","NC","28611-0101","828-758-4605","828-754-9974","Caldwell","Mostly volunteer","Local (includes career, combination, and volunteer fire departments and fire districts)","","2","1","35","0","0","7","No"
"07501","Columbus Fire Department","100 Peak ST","","Columbus","NC","28722","","","PO Box 713","Columbus","NC","28722-0713","828-894-3667","828-894-0432","Polk","Mostly volunteer","Local (includes career, combination, and volunteer fire departments and fire districts)","","1","1","40","0","0","0","No"
"05201","Comfort Rural Volunteer Fire Department","4255 NC Highway 41 W","","Trenton","NC","28585","4255 NC Highway 41 W","","","Trenton","NC","28585-5533","910-324-4008","","Jones","Volunteer","Local (includes career, combination, and volunteer fire departments and fire districts)","","1","0","26","0","0","0",""
"03608","Community Volunteer Fire Department","1873 Perfection Ave.","","Belmont","NC","28012","1873 Perfection Ave.","","","Belmont","NC","28012","704-827-8249","","Gaston","Volunteer","Local (includes career, combination, and volunteer fire departments and fire districts)","","1","0","26","0","0","11",""
"04603","Como Volunteer Fire Department","1201 US 258 N","","Como","NC","27818","","","PO Box 117","Como","NC","27818-0117","252-398-3016","","Hertford","Volunteer","Local (includes career, combination, and volunteer fire departments and fire districts)","","1","0","19","0","0","0","No"
"01303","Concord Fire Department","100 Warren C Coleman BLVD N","","Concord","NC","28027","","","PO Box 100 Warren C Coleman BLVD N","Concord","NC","28027-6786","704-920-5516","704-782-3488","Cabarrus","Career","Local (includes career, combination, and volunteer fire departments and fire districts)","https://concordnc.gov/Departments/Fire","12","288","0","0","5","0","Yes"
"03301","Conetoe Volunteer Fire/EMS Department","201 W Dawson DR","PO Box 27","Conetoe","NC","27819","201 W Dawson DR","PO Box 27","PO Box ","Conetoe","NC","27819","252-641-1973","252-823-0141","Edgecombe","Volunteer","Local (includes career, combination, and volunteer fire departments and fire districts)","","1","0","26","0","0","0",""
"08809","Connestee Fire Rescue, Inc.","400 E Fork RD","","Brevard","NC","28712","400 E Fork RD","","","Brevard","NC","28712-8799","828-885-2100","828-885-2105","Transylvania","Volunteer","Local (includes career, combination, and volunteer fire departments and fire districts)","https://www.connesteefirerescueinc.com","2","0","40","0","0","0",""
"06601","Conway Volunteer Fire Department, Inc.","113 White ST","","Conway","NC","27820","","","PO Box 158","Conway","NC","27820","252-585-0026","252-585-0026","Northampton","Volunteer","Local (includes career, combination, and volunteer fire departments and fire districts)","","1","0","30","0","0","0",""
"06003","Cook's Community Volunteer Fire Department","3122 Mt Holly Huntersville RD","","Charlotte","NC","28216","3122 Mt Holly Huntersville RD","","","Charlotte","NC","28216-8640","704-392-1920","","Mecklenburg","Volunteer","Local (includes career, combination, and volunteer fire departments and fire districts)","","1","0","35","0","0","0",""
"01805","Cooksville Fire Department","6942 Old Shelby RD","","Vale","NC","28168","6942 Old Shelby RD","","","Vale","NC","28168-9593","704-462-2127","704-462-4128","Catawba","Volunteer","Local (includes career, combination, and volunteer fire departments and fire districts)","","1","0","25","0","0","0","No"
"04902","Cool Springs Volunteer Fire Department","672 Mocksville HWY","","Statesville","NC","28625","672 Mocksville HWY","","","Statesville","NC","28625-8278","704-872-3221","","Iredell","Mostly volunteer","Local (includes career, combination, and volunteer fire departments and fire districts)","http://www.coolspringsvfd.org/","2","1","0","50","1","4","No"
"03014","Cooleemee Volunteer Fire Department","174 Marginal ST","","Cooleemee","NC","27014","","","PO Box 6","Cooleemee","NC","27014","336-284-2411","336-284-6512","Davie","Volunteer","Local (includes career, combination, and volunteer fire departments and fire districts)","","1","0","28","0","0","6",""
"06404","Coopers Volunteer Fire & Rescue","3628 Volunteer RD","","Elm City","NC","27822","3628 Volunteer RD","","","Elm City","NC","27822-8028","252-443-2252","252-443-5111","Nash","Volunteer","Local (includes career, combination, and volunteer fire departments and fire districts)","","1","0","47","0","0","0",""
"03904","Corinth Volunteer Fire Department","3678 NC Highway 96","","Oxford","NC","27565","3678 NC Highway 96","","","Oxford","NC","27565-7209","919-691-3445","","Granville","Volunteer","Local (includes career, combination, and volunteer fire departments and fire districts)","","1","0","28","0","0","0","No"
"05110","Corinth-Holders Fire Department","5734 Lake Wendell RD","","Zebulon","NC","27597","","","PO Box 298","Wendell","NC","27591","919-365-9922","919-365-9932","Johnston","Volunteer","Local (includes career, combination, and volunteer fire departments and fire districts)","","2","0","35","0","0","0",""
"03019","Cornatzer-Dulin Volunteer Fire Department","1522 Cornatzer RD","","Mocksville","NC","27028-9456","1522 Cornatzer RD","","","Mocksville","NC","27028-9456","336-998-2395","","Davie","Volunteer","Local (includes career, combination, and volunteer fire departments and fire districts)","","1","0","26","0","0","0",""
"06004","Cornelius-Lemley Fire Rescue","19729 S Main ST","","Cornelius","NC","28031","","","PO Box 311","Cornelius","NC","28031-0311","704-892-1544","704-892-3370","Mecklenburg","Volunteer","Local (includes career, combination, and volunteer fire departments and fire districts)","http://corneliusfd.org/","2","0","0","64","0","0","Yes"
"03916","Cornwall Volunteer Fire Department","8114 Cornwall RD","8067 HWY 96","Oxford","NC","27565","8114 Cornwall RD","8067 HWY 96","","Oxford","NC","27565","919-693-1972","","Granville","Volunteer","Local (includes career, combination, and volunteer fire departments and fire districts)","","1","0","26","0","0","0",""
"02704","Corolla Fire and Rescue Squad, Inc.","827 Whalehead DR","","Corolla","NC","27927","827 Whalehead DR","","PO Box 52","Corolla","NC","27927","252-453-3242","252-453-3082","Currituck","Mostly volunteer","Local (includes career, combination, and volunteer fire departments and fire districts)","","1","5","25","0","0","2",""
"02603","Cotton Volunteer Fire Department","4618 Calico ST","","Hope Mills","NC","28348","","","PO Box 129","Hope Mills","NC","28348-0129","910-425-9385","910-425-2105","Cumberland","Mostly volunteer","Local (includes career, combination, and volunteer fire departments and fire districts)","cottonfiredepartment.com","1","10","0","38","0","0","No"
"05808","Country Volunteer Fire Department","486 Church RD","","Hot Springs","NC","28743","486 Church RD","","","Hot Springs","NC","28743-7774","828-622-9775","828-622-9775","Madison","Volunteer","Local (includes career, combination, and volunteer fire departments and fire districts)","","1","0","27","0","0","0","No"
"03018","County Line Volunteer Fire Department","1819 Ridge RD","","Mocksville","NC","27028","1819 Ridge RD","","","Mocksville","NC","27028-8352","336-492-7236","336-492-7236","Davie","Volunteer","Local (includes career, combination, and volunteer fire departments and fire districts)","www.countylinefire.com","1","0","26","0","0","2","No"
"09919","Courtney Volunteer Fire Department Inc.","2604 Courtney Huntsville RD","","Yadkinville","NC","27055","2604 Courtney Huntsville RD","","","Yadkinville","NC","27055-6618","336-463-5551","336-463-4856","Yadkin","Mostly volunteer","Local (includes career, combination, and volunteer fire departments and fire districts)","https://www.courtneyfire.com/","1","2","40","0","0","10","No"
"02503","Cove City Fire & Rescue","425 S Main ST","PO Box 257","Cove City","NC","28523","425 S Main ST","PO Box 257","PO Box ","Cove City","NC","28523","252-638-4712","252-638-4712","Craven","Volunteer","Local (includes career, combination, and volunteer fire departments and fire districts)","","1","0","35","0","0","5",""
"09504","Cove Creek Volunteer Fire Department, Inc.","193 Smith ST","","Vilas","NC","28692","","","PO Box 251","Sugar Grove","NC","28679-0251","828-297-1375","828-297-5452","Watauga","Volunteer","Local (includes career, combination, and volunteer fire departments and fire districts)","covecreekfire.com","1","0","30","0","0","8","No"
"05705","Cowee Volunteer Fire/Rescue, Inc.","208 Mason Branch RD","","Franklin","NC","28734","208 Mason Branch RD","","","Franklin","NC","28734-8616","828-369-7611","828-369-7611","Macon","Volunteer","Local (includes career, combination, and volunteer fire departments and fire districts)","","2","0","35","0","0","0",""
"06323","Crains Creek Volunteer Fire Department, Inc.","4525 Lobelia RD","","Vass","NC","28394","","","PO Box 999","Vass","NC","28394-0999","910-245-4331","","Moore","Mostly volunteer","Local (includes career, combination, and volunteer fire departments and fire districts)","","1","1","21","5","0","7","No"
"03617","Cramerton Fire Department","141 8TH AVE","","Cramerton","NC","28032","141 8TH AVE","","","Cramerton","NC","28032-1401","704-879-4231","","Gaston","Volunteer","Local (includes career, combination, and volunteer fire departments and fire districts)","","2","0","0","27","0","0","No"
"03905","Creedmoor Volunteer Fire Department","Elm and Lyon","PO Box 616","Creedmoor","NC","27522","","","PO Box 810","Creedmoor","NC","27522","919-528-4400","919-528-4400","Granville","Volunteer","Local (includes career, combination, and volunteer fire departments and fire districts)","https://creedmoorfd.com/","1","0","33","0","0","20",""
"06372","Crestline Volunteer Fire Department","10861 NC 211 HWY","","Aberdeen","NC","28315","","","PO Box 691","Aberdeen","NC","28315-0691","910-944-7032","","Moore","Volunteer","Local (includes career, combination, and volunteer fire departments and fire districts)","","1","0","23","0","0","0","No"
"00501","Creston Fire Department","PO Box 9","","Creston","NC","28615-0009","","","PO Box 9","Creston","NC","28615-0009","000-000-0000","","Ashe","Volunteer","Local (includes career, combination, and volunteer fire departments and fire districts)","","1","0","15","0","0","0",""
"09401","Creswell Volunteer Fire Department, Inc","109 W Main ST","","Creswell","NC","27928","","","PO Box 220","Creswell","NC","27928-0220","252-797-4461","252-797-4461","Washington","Volunteer","Local (includes career, combination, and volunteer fire departments and fire districts)","","1","0","25","0","0","0","No"
"00602","Crossnore Volunteer Fire Department","125 E Crossnore DR","","Crossnore","NC","28616","","","PO Box 507","Crossnore","NC","28616-0507","828-733-4304","828-733-0017","Avery","Volunteer","Local (includes career, combination, and volunteer fire departments and fire districts)","","1","0","35","0","0","15","No"
"09815","Crossroads Volunteer Fire Department, Inc.","102 Groves ST","","Lucama","NC","27851","","","PO Box 626","Lucama","NC","27851-0626","252-239-0467","252-239-0490","Wilson","Volunteer","Local (includes career, combination, and volunteer fire departments and fire districts)","","1","0","29","4","0","0","No"
"05502","Crouse Volunteer Fire Department, Inc.","2764 W HWY 150","PO Box 220","Crouse","NC","28033","2764 W HWY 150","","PO Box 220","Crouse","NC","28033","704-735-2247","704-735-2247","Lincoln","Volunteer","Local (includes career, combination, and volunteer fire departments and fire districts)","","1","0","34","0","0","0",""
"03629","Crowders Mountain Volunteer Fire/Rescue","480 Bethany RD","","Gastonia","NC","28052","480 Bethany RD","","","Gastonia","NC","28052-8500","704-867-4451","704-867-4452","Gaston","Mostly volunteer","Local (includes career, combination, and volunteer fire departments and fire districts)","cmvfr.org","3","7","19","16","0","0","No"
"04412","Cruso Volunteer Fire Department","13264 Cruso RD","","Canton","NC","28716-5460","13264 Cruso RD","","","Canton","NC","28716-5460","828-235-8247","828-235-8240","Haywood","Volunteer","Local (includes career, combination, and volunteer fire departments and fire districts)","","1","0","32","0","0","0",""
"05706","Cullasaja Gorge Fire & Rescue","104 River RD","","Franklin","NC","28734","104 River RD","","","Franklin","NC","28734","828-369-5010","","Macon","Volunteer","Local (includes career, combination, and volunteer fire departments and fire districts)","","1","0","32","0","0","0",""
"05003","Cullowhee Volunteer Fire Department","4277 Little Savannah RD","PO Box 2470","Cullowhee","NC","28723-2470","","","PO Box 2470","Cullowhee","NC","28723-2470","828-293-5867","828-293-7104","Jackson","Volunteer","Local (includes career, combination, and volunteer fire departments and fire districts)","","3","0","44","0","0","1",""
"02604","Cumberland Road Volunteer Fire Department","3543 Cumberland RD","","Fayetteville","NC","28306","3543 Cumberland RD","","","Fayetteville","NC","28306-2433","910-425-3119","910-425-3103","Cumberland","Mostly volunteer","Contract fire department","https://www.cumberlandroadfire.com/","1","4","60","0","0","0","No"
"02708","Currituck County Department of Fire-Emergency Medical Services","125 College Way","","Barco","NC","27917","153 Courthouse RD STE 303","","","Currituck","NC","27929-9734","252-232-7746","252-453-2671","Currituck","Mostly career","Local (includes career, combination, and volunteer fire departments and fire districts)","https://currituckcountync.gov/ems/","1","133","11","0","2","0","No"
"06321","Cypress Pointe Fire/Rescue","131 S Alma ST","","Vass","NC","28394","","","PO Box 129","Vass","NC","28394-0129","910-245-7974","910-245-3723","Moore","Mostly volunteer","Local (includes career, combination, and volunteer fire departments and fire districts)","http://www.cypresspointefd.com/","3","33","44","0","0","0","No"
"04503","Dana Fire & Rescue, Inc.","2001 Dana RD","","Hendersonville","NC","28792","2001 Dana RD","","","Hendersonville","NC","28792-3167","828-685-3494","828-685-3497","Henderson","Mostly volunteer","Local (includes career, combination, and volunteer fire departments and fire districts)","https://www.danafd.com/","1","4","32","0","0","4","Yes"
"04201","Darlington Volunteer Fire Department","2611 Hedgepeth RD","","Halifax","NC","27839","2611 Hedgepeth RD","","","Halifax","NC","27839","252-583-3161","252-583-9291","Halifax","Volunteer","Local (includes career, combination, and volunteer fire departments and fire districts)","","1","0","21","0","0","0",""
"06005","Davidson Fire Department","216 S Main ST","","Davidson","NC","28036","","","PO Box 579","Davidson","NC","28036-0579","704-940-9624","","Mecklenburg","Mostly volunteer","Local (includes career, combination, and volunteer fire departments and fire districts)","https://www.townofdavidson.org/63/Fire-Department","2","12","0","55","0","0","No"
"04202","Davie Community Volunteer Fire Department","3155 US Highway 158","","Roanoke Rapids","NC","27870","3155 US Highway 158","","","Roanoke Rapids","NC","27870-9377","252-537-4816","252-537-1737","Halifax","Volunteer","Local (includes career, combination, and volunteer fire departments and fire districts)","","2","0","35","0","0","0",""
"03013","Davie-Center Volunteer Fire Department, Inc.","2265 US Highway 64 W","","Mocksville","NC","27028","","","PO Box 1313","Mocksville","NC","27028-1313","336-492-7649","","Davie","Volunteer","Local (includes career, combination, and volunteer fire departments and fire districts)","","1","0","26","0","0","5",""
"01652","Davis Volunteer Fire Department, Inc.","595 Highway 70","","Davis","NC","28524","","","PO Box 29","Davis","NC","28524-0029","252-729-8311","252-729-1904","Carteret","Volunteer","Local (includes career, combination, and volunteer fire departments and fire districts)","","1","0","22","0","0","0","Yes"
"07804","Deep Branch Volunteer Fire Department","3129 Deep Branch RD","","Lumberton","NC","28360","507 Pine Log RD","","","Lumberton","NC","28360","910-739-2221","910-739-3909","Robeson","Volunteer","Local (includes career, combination, and volunteer fire departments and fire districts)","","1","0","33","0","0","0",""
"09505","Deep Gap Volunteer Fire Department","6583 Old Highway 421 S","","Deep Gap","NC","28618","","","PO Box 516","Deep Gap","NC","28618-0516","828-262-0635","828-262-0623","Watauga","Volunteer","Local (includes career, combination, and volunteer fire departments and fire districts)","","1","0","31","0","0","0","No"
"05302","Deep River Fire Department","5107 Deep River RD","","Sanford","NC","27330-6577","5107 Deep River RD","","","Sanford","NC","27330-6577","919-774-9622","919-774-3558","Lee","Volunteer","Local (includes career, combination, and volunteer fire departments and fire districts)","","1","0","23","0","0","0",""
"05422","Deep Run Volunteer Fire Department, Inc.","3582 Old Highway 11","","Deep Run","NC","28525","","","PO Box 71","Deep Run","NC","28525-0071","252-568-4040","252-568-2646","Lenoir","Volunteer","Local (includes career, combination, and volunteer fire departments and fire districts)","http://www.drvfd.com/","1","0","34","0","0","0","No"
"02904","Denton Fire Department","101 W Mewsom ST","PO Box 143","Denton","NC","27239","101 W Mewsom ST","","PO Box 143","Denton","NC","27239","336-859-2221","","Davidson","Volunteer","Local (includes career, combination, and volunteer fire departments and fire districts)","","1","0","0","0","0","0",""
"05503","Denver Volunteer Fire Department, Inc.","3956 N NC 16 Business HWY","","Denver","NC","28037","","","PO Box 122","Denver","NC","28037-0122","980-722-8862","888-245-1518","Lincoln","Mostly career","Local (includes career, combination, and volunteer fire departments and fire districts)","https://www.denverfd.com/","3","37","12","9","0","13","No"
"07709","Derby Volunteer Fire Department","2179 Derby RD","","Ellerbe","NC","28338","","","PO Box 916","Ellerbe","NC","28338-0916","910-652-2536","","Richmond","Volunteer","Local (includes career, combination, and volunteer fire departments and fire districts)","","1","0","22","0","0","0",""
"08667","Dobson Fire Department","212 N Crutchfield ST","","Dobson","NC","27017","","","PO Box 351","Dobson","NC","27017-0351","336-356-8812","336-386-4720","Surry","Volunteer","Local (includes career, combination, and volunteer fire departments and fire districts)","","1","0","0","25","0","0",""
"08511","Double Creek Volunteer Fire Department","2863 NC 268 HWY","","Pinnacle","NC","27043","2863 NC 268 HWY","","","Pinnacle","NC","27043-8465","336-351-5500","336-351-6484","Stokes","Volunteer","Local (includes career, combination, and volunteer fire departments and fire districts)","","1","0","27","0","0","10","Yes"
"10018","Double Island Volunteer Fire Department","5360 Double Island RD","","Green Mountain","NC","28740","5360 Double Island RD","","","Green Mountain","NC","28740-6128","828-782-1585","828-675-0632","Yancey","Volunteer","Local (includes career, combination, and volunteer fire departments and fire districts)","","2","0","21","0","0","2","No"
"02504","Dover Volunteer Fire Department","107 N Main ST","PO Box 727","Dover","NC","28526","107 N Main ST","PO Box 727","","Dover","NC","28526","252-527-2583","252-526-9858","Craven","Volunteer","Local (includes career, combination, and volunteer fire departments and fire districts)","","1","0","24","0","0","6",""
"07910","Draper Volunteer Fire Department","213 Main ST","","Eden","NC","27288","213 Main ST","","","Eden","NC","27288-3915","336-635-2233","","Rockingham","Mostly volunteer","Local (includes career, combination, and volunteer fire departments and fire districts)","","2","1","33","0","0","1","Yes"
"09303","Drewry Volunteer Fire Department, Inc.","125 Firefighter DR","","Manson","NC","27553","125 Firefighter DR","","","Manson","NC","27553-9118","252-456-2614","","Warren","Volunteer","Local (includes career, combination, and volunteer fire departments and fire districts)","","2","0","30","10","0","0","No"
"01266","Drexel Fire Department","202 Church ST","","Drexel","NC","28619","","","PO Box 188","Drexel","NC","28619-0188","828-437-7421","828-437-7429","Burke","Volunteer","Local (includes career, combination, and volunteer fire departments and fire districts)","","1","0","29","29","0","2","No"
"01278","Drowning Creek Volunteer Fire Department","1630 Airport Rhodhiss RD","","Hickory","NC","28601","1630 Airport Rhodhiss RD","","","Hickory","NC","28601-7196","828-396-4005","828-396-4031","Burke","Volunteer","Local (includes career, combination, and volunteer fire departments and fire districts)","","1","0","19","0","0","2","Yes"
"00903","Dublin Volunteer Fire Department","324 3RD ST","","Dublin","NC","28332","","","PO Box 36","Dublin","NC","28332-0036","910-862-2539","910-862-8104","Bladen","Volunteer","Local (includes career, combination, and volunteer fire departments and fire districts)","","1","0","0","26","0","0","No"
"02814","Duck Fire Department","1259 Duck RD","","Duck","NC","27949","1259 Duck RD","","","Duck","NC","27949-4472","252-261-3929","252-261-5961","Dare","Mostly volunteer","Local (includes career, combination, and volunteer fire departments and fire districts)","https://www.duckfire.org/","1","14","11","7","1","0","No"
"04306","Dunn Emergency Services, Inc","101 W Cumberland ST","","Dunn","NC","28334","","","PO Box 203","Dunn","NC","28335-0203","910-892-1211","910-892-7777","Harnett","Mostly career","Local (includes career, combination, and volunteer fire departments and fire districts)","http://dunnemergency.org/","2","27","0","7","0","0","No"
"07206","Durants Neck Volunteer Fire Department","2087 New Hope RD","","Hertford","NC","27944","2087 New Hope RD","","","Hertford","NC","27944-8847","252-264-2047","","Perquimans","Volunteer","Local (includes career, combination, and volunteer fire departments and fire districts)","","1","0","25","0","0","0",""
"03203","Durham Fire Department","2008 E Club BLVD","","Durham","NC","27704-3414","2008 E Club BLVD","","","Durham","NC","27704-3414","919-560-4242","919-560-4256","Durham","Career","Local (includes career, combination, and volunteer fire departments and fire districts)","http://durhamnc.gov/620/Fire-Department","17","338","0","0","10","0","No"
"00103","E.M. Holt Volunteer Fire Department","2172 Bellmont Alamance RD","","Burlington","NC","27215","","","PO Box 175","Alamance","NC","27201-0175","336-226-0617","336-436-0001","Alamance","Mostly volunteer","Local (includes career, combination, and volunteer fire departments and fire districts)","","2","2","0","29","0","0",""
"06362","Eagle Springs Volunteer Fire Department, Inc.","1932 211 NC HWY","","Eagle Springs","NC","27242","","","PO Box 249","Eagle Springs","NC","27242-0249","910-673-5673","910-673-7628","Moore","Mostly volunteer","Local (includes career, combination, and volunteer fire departments and fire districts)","","1","2","0","45","1","0","No"
"09914","East Bend Volunteer Fire Department","200 School ST","","East Bend","NC","27018","","","PO Box 212","East Bend","NC","27018-0212","336-699-8663","336-699-2571","Yadkin","Volunteer","Local (includes career, combination, and volunteer fire departments and fire districts)","eastbendvfd.com","1","0","36","0","0","15","No"
"03611","East Gaston Volunteer Fire Department","108 Arrowchem WAY","","Mount Holly","NC","28120","","","PO Box 288","Mount Holly","NC","28120-0288","704-827-8861","","Gaston","Volunteer","Local (includes career, combination, and volunteer fire departments and fire districts)","https://www.eastgastonvfd.com/","1","0","1","40","0","1","No"
"07805","East Howellsville Fire Department","1000 Pridgen RD","","Lumberton","NC","28358","","","PO Box 2868","Lumberton","NC","28359-2868","910-738-6135","910-738-6135","Robeson","Volunteer","Local (includes career, combination, and volunteer fire departments and fire districts)","https://www.ehfd7.org","1","0","23","0","0","0",""
"05504","East Lincoln Fire Department","406 S Pilot Knob RD","","Stanley","NC","28164","406 S Pilot Knob RD","","","Stanley","NC","28164-8739","704-822-5999","704-822-9830","Lincoln","Mostly career","Local (includes career, combination, and volunteer fire departments and fire districts)","http://eastlincolnfd.com/","3","49","4","0","0","4","No"
"09802","East Nash Fire Department","4117 US 264 ALT HWY E","","Wilson","NC","27893","","","PO Box 2208","Wilson","NC","27894-2208","252-237-4202","","Wilson","Volunteer","Local (includes career, combination, and volunteer fire departments and fire districts)","","2","0","23","6","0","0","Yes"
"07603","East Side Fire Department","614 Daniel RD","PO Box 1511","Asheboro","NC","27205","614 Daniel RD","","PO Box 1511","Asheboro","NC","27205","336-625-5294","","Randolph","Volunteer","Local (includes career, combination, and volunteer fire departments and fire districts)","","2","0","0","31","0","0",""
"08407","East Side Volunteer Fire Department, Inc.","805 Laton  RD","","Albemarle","NC","28001","805 Laton  RD","","PO Box ","Albemarle","NC","28001","704-982-4615","704-982-3698","Stanly","Volunteer","Local (includes career, combination, and volunteer fire departments and fire districts)","https://www.fire-ems.net/firedept/view/albemarlenc","2","0","35","0","0","15",""
"08047","East Spencer Fire Department Station 47","201 N Long ST","","East Spencer","NC","28039","","","PO Box 339","East Spencer","NC","28039-0339","704-633-0055","704-637-0599","Rowan","Mostly volunteer","Local (includes career, combination, and volunteer fire departments and fire districts)","http://townofeastspencer.org/fire-dept.html","2","12","0","24","0","2","Yes"
"08702","Eastern Band of Cherokee Indians, Tribal Gov.","837 Acquon RD","2307 Old Mission Road","Cherokee","NC","28719","837 Acquon RD","2307 Old Mission Road","PO Box 455","Cherokee","NC","28719","828-497-6584","828-497-5147","Swain","Mostly volunteer","Local (includes career, combination, and volunteer fire departments and fire districts)","","2","18","19","0","0","6",""
"07434","Eastern Pines Fire Rescue","5453 Eastern Pines RD","","Greenville","NC","27858","5453 Eastern Pines RD","","","Greenville","NC","27858-9574","252-752-3005","252-830-2981","Pitt","Volunteer","Local (includes career, combination, and volunteer fire departments and fire districts)","https://fire.easternpines.org/","1","0","50","0","0","0","No"
"09211","Eastern Wake Fire-Rescue Department, Inc.","4828 Clifton RD","","Knightdale","NC","27545","4828 Clifton RD","","","Knightdale","NC","27545-9136","919-217-0054","919-217-0096","Wake","Mostly volunteer","Local (includes career, combination, and volunteer fire departments and fire districts)","","2","19","24","24","1","8","No"
"02605","Eastover Volunteer Fire Department","3405 Dunn RD","","Eastover","NC","28312","3405 Dunn RD","","","Eastover","NC","28312-8899","910-483-3770","910-483-5870","Cumberland","Mostly volunteer","Local (includes career, combination, and volunteer fire departments and fire districts)","","1","3","52","1","0","7","No"
"06352","Eastwood Volunteer Fire Department","980 NC Highway 73","","West End","NC","27376","980 NC Highway 73","","","West End","NC","27376-9109","910-295-3322","","Moore","Mostly volunteer","Local (includes career, combination, and volunteer fire departments and fire districts)","","1","2","6","22","0","0","No"
"05807","Ebbs Chapel Fire Department","680 Puncheon Fork RD","","Mars Hill","NC","28754","680 Puncheon Fork RD","","","Mars Hill","NC","28754-9355","828-689-9812","828-689-9812","Madison","Mostly volunteer","Local (includes career, combination, and volunteer fire departments and fire districts)","https://www.ebbschapelfire.com/","2","1","21","0","0","8","No"
"04915","Ebenezer Fire Department","1002 Turnersburg HWY","","Statesville","NC","28625","1002 Turnersburg HWY","","","Statesville","NC","28625-2584","704-876-3756","704-876-6803","Iredell","Volunteer","Local (includes career, combination, and volunteer fire departments and fire districts)","","1","0","40","0","0","15",""
"07902","Eden Fire Department","308 E Stadium DR","","Eden","NC","27288","308 E Stadium DR","","","Eden","NC","27288-3523","336-623-2110","336-623-4041","Rockingham","Mostly volunteer","Local (includes career, combination, and volunteer fire departments and fire districts)","https://www.ci.eden.nc.us/","4","16","0","52","0","0","Yes"
"02102","Edenton Fire Department","704 N Broad ST","","Edenton","NC","27932","704 N Broad ST","","","Edenton","NC","27932-1405","252-482-3115","252-482-5915","Chowan","Mostly volunteer","Local (includes career, combination, and volunteer fire departments and fire districts)","https://www.townofedenton.com/index.asp?SEC=18E795B7-856E-4CFD-9B0E-30BD2D173A4D&Type=B_DIR","1","10","0","26","0","0","No"
"04504","Edneyville Fire & Rescue","1 Firehouse RD","","Hendersonville","NC","28792","1 Firehouse RD","","","Edneyville","NC","28792-8373","828-685-7311","828-685-0507","Henderson","Volunteer","Local (includes career, combination, and volunteer fire departments and fire districts)","https://www.edneyvillefire.com/","3","0","52","0","0","3","Yes"
"06803","Efland Volunteer Fire Department","3900 US Highway 70 W","","Efland","NC","27243-9402","","","PO Box 39","Efland","NC","27243-0039","919-732-8941","","Orange","Volunteer","Local (includes career, combination, and volunteer fire departments and fire districts)","","3","0","40","0","0","5","No"
"10015","Egypt-Ramseytown Volunteer Fire Department","8635 HWY 19-W","","Burnsville","NC","28714","5533 Bald MTN RD","","","Burnsville","NC","28714","828-682-3047","","Yancey","Volunteer","Local (includes career, combination, and volunteer fire departments and fire districts)","","2","0","30","0","0","0",""
"09606","El-Roy Volunteer Firefighters, Inc.","4720 US Highway 70 E","","Goldsboro","NC","27534","","","PO Box 10793","Goldsboro","NC","27532-0793","919-778-7211","919-778-0700","Wayne","Volunteer","Local (includes career, combination, and volunteer fire departments and fire districts)","","2","0","33","0","0","7","No"
"05111","Elevation Fire Department","1825 Federal RD","","Benson","NC","27504-1825","1825 Federal RD","","","Benson","NC","27504-1825","919-894-1410","919-207-2640","Johnston","Volunteer","Local (includes career, combination, and volunteer fire departments and fire districts)","","1","0","25","0","0","0",""
"00104","Eli Whitney Volunteer Fire Department","7618 S NC Highway 87","","Graham","NC","27253","7618 S NC Highway 87","","","Graham","NC","27253-9875","336-376-9078","336-376-0303","Alamance","Mostly career","Local (includes career, combination, and volunteer fire departments and fire districts)","","2","40","1","0","0","0",""
"07001","Elizabeth City Fire Department","305 E Main ST","","Elizabeth City","NC","27909","305 E Main ST","","","Elizabeth City","NC","27909-4425","252-338-3913","252-338-3912","Pasquotank","Career","Local (includes career, combination, and volunteer fire departments and fire districts)","https://www.ecncfd.com/","2","45","0","0","1","0","No"
"00904","Elizabethtown Fire Department","401 W Swanzy ST","PO Box 716","Elizabethtown","NC","28337","401 W Swanzy ST","","PO Box 716","Elizabethtown","NC","28337","910-862-4586","910-862-3289","Bladen","Mostly volunteer","Local (includes career, combination, and volunteer fire departments and fire districts)","","1","2","30","0","0","4",""
"00607","Elk Park Volunteer Fire Department","7771 N US Highway 19E","","Elk Park","NC","28622-9494","","","PO Box 338","Elk Park","NC","28622-0338","828-733-0516","828-733-1132","Avery","Volunteer","Local (includes career, combination, and volunteer fire departments and fire districts)","","1","0","33","0","0","0",""
"08616","Elkin Fire Department","304 N Front ST","","Elkin","NC","28621-3338","304 N Front ST","","","Elkin","NC","28621-3338","336-794-6481","","Surry","Mostly volunteer","Local (includes career, combination, and volunteer fire departments and fire districts)","https://elkinfire.com/","1","3","0","19","0","0","No"
"08104","Ellenboro Fire Department","175 Depot ST","","Ellenboro","NC","28040","","","PO Box 188","Ellenboro","NC","28040-0188","828-453-8141","828-453-8635","Rutherford","Mostly volunteer","Local (includes career, combination, and volunteer fire departments and fire districts)","","1","1","40","0","0","0","Yes"
"00202","Ellendale Community Volunteer Fire Department","30 Ellendale Fire Department RD","","Taylorsville","NC","28681","","","PO Box 1261","Taylorsville","NC","28681-1261","828-632-2611","828-632-2611","Alexander","Volunteer","Local (includes career, combination, and volunteer fire departments and fire districts)","","1","0","27","0","0","0","Yes"
"08048","Ellis Cross Country Fire Department","3420 Old Mocksville RD","","Salisbury","NC","28144","3420 Old Mocksville RD","","","Salisbury","NC","28144-8807","704-638-0866","704-638-0866","Rowan","Volunteer","Local (includes career, combination, and volunteer fire departments and fire districts)","","1","0","23","0","0","0","No"
"00105","Elon Fire-Rescue","219 S Williamson AVE","","Elon","NC","27244","","","PO Box 595","Elon","NC","27244-0595","336-584-9190","336-584-5574","Alamance","Mostly volunteer","Local (includes career, combination, and volunteer fire departments and fire districts)","https://www.townofelon.com/town-government/departments/fire/","2","20","0","32","0","0","Yes"
"01645","Emerald Isle Fire Department","7500 Emerald DR","","Emerald Isle","NC","28594","7500 Emerald DR","","","Emerald Isle","NC","28594-2917","252-354-2445","252-354-4081","Carteret","Mostly career","Local (includes career, combination, and volunteer fire departments and fire districts)","https://www.emeraldisle-nc.org/388/Fire-EMS-departments-to-unify","2","27","5","15","0","0","Yes"
"04203","Enfield Fire Department","12719 HWY 481","","Enfield","NC","27823","12719 HWY 481","","PO Box 815","Enfield","NC","27823","252-445-4161","252-445-2165","Halifax","Volunteer","Local (includes career, combination, and volunteer fire departments and fire districts)","","2","0","35","0","0","0",""
"04801","Engelhard Volunteer Fire Department, Inc.","34545 US 264 HWY","","Engelhard","NC","27824","","","PO Box 296","Engelhard","NC","27824-0296","252-925-7231","252-925-4628","Hyde","Volunteer","Local (includes career, combination, and volunteer fire departments and fire districts)","","1","0","26","0","0","2","No"
"01106","Enka-Candler Fire and Rescue, Inc.","85 Pisgah HWY","","Candler","NC","28715","","","PO Box 340","Candler","NC","28715-0340","828-667-0798","828-667-8886","Buncombe","Mostly career","Local (includes career, combination, and volunteer fire departments and fire districts)","https://www.enkefire.org","2","28","12","14","2","0",""
"06804","Eno Fire and Emergency Services, Inc","5019 US Highway 70 W","","Durham","NC","27705","5019 US Highway 70 W","","","Durham","NC","27705-9029","919-383-5967","919-309-9905","Durham","Volunteer","Local (includes career, combination, and volunteer fire departments and fire districts)","","2","0","0","35","0","2","No"
"08049","Enochville Fire & Rescue Department, Inc.","808 N Enochville AVE","","China Grove","NC","28023","808 N Enochville AVE","","","China Grove","NC","28023","704-938-2890","704-938-1263","Rowan","Volunteer","Local (includes career, combination, and volunteer fire departments and fire districts)","","1","0","28","0","0","0",""
"01259","Enola Volunteer Fire Department","2559 Enola RD","","Morganton","NC","28655","2559 Enola RD","","","Morganton","NC","28655-7357","828-438-9002","828-438-9002","Burke","Volunteer","Local (includes career, combination, and volunteer fire departments and fire districts)","","1","0","24","0","0","0","Yes"
"04307","Erwin Fire Department & Rescue Squad, Inc.","200 S Thirteenth ST","","Erwin","NC","28339","","","PO Box 36","Erwin","NC","28339-0036","910-897-8151","","Harnett","Mostly volunteer","Local (includes career, combination, and volunteer fire departments and fire districts)","","1","3","50","0","0","0",""
"04505","Etowah Horse Shoe Volunteer Fire and Rescue","15 Morgan RD","","Hendersonville","NC","28739","15 Morgan RD","","","Hendersonville","NC","28739-9712","828-891-3102","828-891-5834","Henderson","Mostly volunteer","Local (includes career, combination, and volunteer fire departments and fire districts)","https://www.etowahhorseshoefire.com","4","4","45","0","1","13","No"
"03704","Eure Volunteer Fire Department, Inc.","1210 NC 137","","Eure","NC","27935","","","PO Box 51","Eure","NC","27935-0051","252-357-0292","","Gates","Volunteer","Local (includes career, combination, and volunteer fire departments and fire districts)","","1","0","27","0","0","0","No"
"07806","Evans Crossroads Volunteer Fire Department","3440 Elrod RD","","Maxton","NC","28364","3440 Elrod RD","","","Maxton","NC","28364","910-521-2050","910-521-2300","Robeson","Volunteer","Local (includes career, combination, and volunteer fire departments and fire districts)","","1","0","28","0","0","0","Yes"
"02905","Fair Grove Fire Department Station 43","211 Cedar Lodge RD","","Thomasville","NC","27360","211 Cedar Lodge RD","","","Thomasville","NC","27360-6140","336-472-7711","336-472-4648","Davidson","Volunteer","Local (includes career, combination, and volunteer fire departments and fire districts)","https://www.fairgrovefire.net/","2","0","64","0","0","8","No"
"08115","Fairfield Mountains Fire Department","1415 Buffalo Creek RD","","Lake Lure","NC","28746","1415 Buffalo Creek RD","","","Lake Lure","NC","28746-8709","828-625-4410","828-625-9760","Rutherford","Mostly volunteer","Local (includes career, combination, and volunteer fire departments and fire districts)","","2","1","29","0","0","40",""
"04805","Fairfield Volunteer Fire Department, Inc.","S HWY 94","PO Box 133","Fairfield","NC","27826","S HWY 94","","PO Box 133","Fairfield","NC","27826","252-926-2826","","Hyde","Volunteer","Local (includes career, combination, and volunteer fire departments and fire districts)","","1","0","25","0","0","5",""
"07807","Fairmont Fire Department","421 S Main ST","","Fairmont","NC","28340","","","PO Box 248","Fairmont","NC","28340-0248","910-628-9766","910-628-9584","Robeson","Volunteer","Local (includes career, combination, and volunteer fire departments and fire districts)","www.fairmontnc.com","1","0","0","19","0","0","No"
"09004","Fairview Fire & Rescue","7402 Concord HWY","","Monroe","NC","28110","7402 Concord HWY","","","Monroe","NC","28110-6927","704-753-1021","","Union","Volunteer","Local (includes career, combination, and volunteer fire departments and fire districts)","https://www.fairviewfireandrescue.com/","1","0","36","20","0","1","Yes"
"01107","Fairview Fire Department","1586 Charlotte HWY","","Fairview","NC","28730","","","PO Box 244","Fairview","NC","28730-0244","828-628-2001","828-628-2191","Buncombe","Mostly career","Local (includes career, combination, and volunteer fire departments and fire districts)","https://www.fairviewfire.com/","2","22","14","0","0","0","No"
"09206","Fairview Rural Fire Department","4501 TenTen RD","","Apex","NC","27539","4501 Ten Ten RD","","","Apex","NC","27539-9181","919-362-8445","919-387-3437","Wake","Mostly volunteer","Local (includes career, combination, and volunteer fire departments and fire districts)","www.fairviewfd.com","2","22","48","37","1","0","No"
"03106","Faison Fire & Rescue Inc.","108 S West Center ST","","Faison","NC","28341","","","PO Box 758","Faison","NC","28341-0758","910-267-5141","910-267-5141","Duplin","Volunteer","Local (includes career, combination, and volunteer fire departments and fire districts)","","1","0","28","0","0","12","Yes"
"07412","Falkland Volunteer Fire Department","3620 West AVE","PO Box 157","Falkland","NC","27827-0157","","","PO Box 157","Falkland","NC","27827","252-752-0064","252-752-6905","Pitt","Volunteer","Local (includes career, combination, and volunteer fire departments and fire districts)","","1","0","25","0","0","0",""
"00608","Fall Creek Volunteer Fire Department","4296 Beech Mountain RD","","Elk Park","NC","28622-9162","460 John Jones RD","","","Elk Park","NC","28622-9174","828-898-5021","828-898-9108","Avery","Volunteer","Local (includes career, combination, and volunteer fire departments and fire districts)","","2","0","27","0","0","0",""
"02308","Fallston Community Volunteer Fire Department, Inc.","4632 Fallston RD","","Fallston","NC","28042","","","PO Box 629","Fallston","NC","28042-0629","704-538-7725","704-538-9781","Cleveland","Volunteer","Local (includes career, combination, and volunteer fire departments and fire districts)","Fallstonfire.com","2","0","0","40","0","0","No"
"07604","Farmer Volunteer Fire Department","6881 Old NC Highway 49","","Denton","NC","27239","6881 Old NC Highway 49","","","Denton","NC","27239-9243","336-857-2626","","Randolph","Mostly volunteer","Local (includes career, combination, and volunteer fire departments and fire districts)","","1","1","22","5","0","9","No"
"03023","Farmington Volunteer Fire Department","1880 Farmington RD","","Mocksville","NC","27028","1880 Farmington RD","","","Mocksville","NC","27028-7652","336-998-3772","","Davie","Volunteer","Local (includes career, combination, and volunteer fire departments and fire districts)","","1","0","32","0","0","2","No"
"07453","Farmville Fire Department","121 North Main ST","","Farmville","NC","27828","","","PO Box 86","Farmville","NC","27828-0086","252-753-2618","252-753-8186","Pitt","Volunteer","Local (includes career, combination, and volunteer fire departments and fire districts)","","1","0","38","0","0","0","No"
"09608","Faro Volunteer Fire Department","1183 Faro RD","","Fremont","NC","27830-9325","279 Circle DR","","","Pikeville","NC","27863-9042","919-242-5134","919-242-5134","Wayne","Volunteer","Local (includes career, combination, and volunteer fire departments and fire districts)","","1","0","23","0","0","0",""
"00106","Faucette Township Volunteer Fire Department","2164 Carolina RD","","Burlington","NC","27217","2164 Carolina RD","","","Burlington","NC","27217-8578","336-226-4042","336-226-4022","Alamance","Mostly volunteer","Local (includes career, combination, and volunteer fire departments and fire districts)","","2","4","0","38","0","20","Yes"
"02607","Fayetteville Fire/Emergency Management Department","632 Langdon ST","","Fayetteville","NC","28301","632 Langdon ST","","","Fayetteville","NC","28301-4053","910-433-1429","910-433-1342","Cumberland","Career","Local (includes career, combination, and volunteer fire departments and fire districts)","https://www.fayettevillenc.gov/city-services/fire","17","345","0","0","6","0","Yes"
"06405","Ferrells Fire & Rescue","9589 W NC 97","","Middlesex","NC","27557","9589 W NC 97","","","Middlesex","NC","27557-8575","252-478-7515","252-478-7766","Nash","Mostly volunteer","Local (includes career, combination, and volunteer fire departments and fire districts)","","1","3","35","0","0","0","Yes"
"04414","Fines Creek Volunteer Fire Department","244 Fines Creek RD","","Clyde","NC","28721","244 Fines Creek RD","","","Clyde","NC","28721","828-627-0102","828-627-0127","Haywood","Volunteer","Local (includes career, combination, and volunteer fire departments and fire districts)","","1","0","26","0","0","0",""
"08503","Fire Department - City of King","302 W King ST","","King","NC","27021","302 W King ST","","","King","NC","27021-9169","336-983-3030","336-985-3419","Stokes","Mostly career","Local (includes career, combination, and volunteer fire departments and fire districts)","https://www.ci.king.nc.us/","1","23","0","16","1","2","Yes"
"04106","Fire District #13, Inc","6912 Spencer Dixon RD","","Greensboro","NC","27455","6912 Spencer Dixon RD","","","Greensboro","NC","27455-8220","336-375-5507","336-375-5521","Guilford","Mostly career","Local (includes career, combination, and volunteer fire departments and fire districts)","","3","30","25","0","0","0",""
"04108","Fire District 28","6619 NC Highway 61 N","","Gibsonville","NC","27249","6619 NC Highway 61 N","","","Gibsonville","NC","27249-9786","336-449-4933","336-449-9033","Guilford","Mostly volunteer","Local (includes career, combination, and volunteer fire departments and fire districts)","","1","1","24","0","0","12","Yes"
"04308","Flat Branch Volunteer Fire Department","2098 Elliott Bridge RD","","Bunnlevel","NC","28323-9009","2098 Elliott Bridge RD","","","Bunnlevel","NC","28323-9009","910-893-3504","910-893-6393","Harnett","Volunteer","Local (includes career, combination, and volunteer fire departments and fire districts)","","1","0","38","5","0","0",""
"04309","Flatwoods Community Fire Department","3130 US 401 S","","Lillington","NC","27546","3130 US 401 S","","","Lillington","NC","27546","910-893-5031","910-893-9798","Harnett","Volunteer","Local (includes career, combination, and volunteer fire departments and fire districts)","","1","0","0","25","0","0",""
"00507","Fleetwood Volunteer Fire & Rescue","9005 HWY 221 S","","Fleetwood","NC","28626","","","PO Box 280","Fleetwood","NC","28626-0280","336-877-5100","336-877-3800","Ashe","Volunteer","Local (includes career, combination, and volunteer fire departments and fire districts)","","1","0","27","0","0","0",""
"04506","Fletcher Fire and Rescue Department","49 E Fanning Bridge RD","","Fletcher","NC","28732","49 E Fanning Bridge RD","","","Fletcher","NC","28732-8245","828-684-0864","828-687-8346","Henderson","Mostly career","Local (includes career, combination, and volunteer fire departments and fire districts)","","3","23","15","0","1","2",""
"06909","Florence Whortonsville Fire Department","5208 Florence RD","","Merritt","NC","28556","","","PO Box 57","Merritt","NC","28556-0057","252-349-0868","","Pamlico","Volunteer","Local (includes career, combination, and volunteer fire departments and fire districts)","","1","0","21","0","0","0","No"
"01304","Flowes Store Volunteer Fire Department","8623 Flowes Store RD","","Concord","NC","28025","8623 Flowes Store RD","","","Concord","NC","28025-1231","704-786-2326","704-784-1662","Cabarrus","Volunteer","Local (includes career, combination, and volunteer fire departments and fire districts)","https://www.flowesstorefd.org/","1","0","0","28","0","8","Yes"
"09911","Forbush Volunteer Fire Department","4725 Old US 421 HWY E","","Yadkinville","NC","27055-8052","4725 Old US 421 HWY E","","","Yadkinville","NC","27055-8052","336-961-8376","336-961-2776","Yadkin","Mostly volunteer","Local (includes career, combination, and volunteer fire departments and fire districts)","http://www.forbushvfd.com/","2","1","38","0","0","3","No"
"08105","Forest City Fire Department","186 S Church ST","","Forest City","NC","28043","186 S Church ST","","","Forest City","NC","28043-3502","828-245-2111","828-245-8874","Rutherford","Mostly career","Local (includes career, combination, and volunteer fire departments and fire districts)","https://www.townofforestcity.com/","1","15","0","14","0","0","Yes"
"03405","Forest Hill Volunteer Fire Department and Rescue","4619 Cherry ST","","Winston Salem","NC","27105","4619 Cherry ST","","","Winston Salem","NC","27105-2503","336-661-1441","214-279-1671","Forsyth","Volunteer","Local (includes career, combination, and volunteer fire departments and fire districts)","","1","0","25","0","0","10","No"
"03015","Fork Fire Department","3181 US Highway 64 E","","Advance","NC","27006","3181 US Highway 64 E","","","Advance","NC","27006-7095","336-998-5545","","Davie","Volunteer","Local (includes career, combination, and volunteer fire departments and fire districts)","https://www.forkfiredepartment.com/","1","0","35","0","0","0","Yes"
"06109","Fork Mountain Fire Department & Rescue Squad","2699 Fork Mountain RD","","Bakersville","NC","28705","690 Gouge Cove RD","","","Bakersville","NC","28705-7805","828-688-4794","828-688-4794","Mitchell","Volunteer","Local (includes career, combination, and volunteer fire departments and fire districts)","","1","0","22","0","0","4","Yes"
"03418","Forsyth County Fire Department","3000 Aviation DR","","Winston Salem","NC","27105","3000 Aviation DR","","","Winston Salem","NC","27105-4561","336-727-8083","336-727-2078","Forsyth","Career","Local (includes career, combination, and volunteer fire departments and fire districts)","https://www.forsyth.cc/EmergencyServices/Fire/","1","28","0","0","35","0","No"
"02608","Fort Bragg Fire and Emergency Services","1566 Knox ST","Bldg 6-9572","Fort Bragg","NC","28310-5000","2175 Reilly RD, Stop A","","","Fort Bragg","NC","28310-5000","910-396-8121","910-396-1111","Cumberland","Career","Federal government (Department of Defense fire department)","","5","70","0","0","15","0",""
"04005","Fort Run Rural Fire & EMS Association Inc.","2985 Fort Run RD","","Snow Hill","NC","28580","2985 Fort Run RD","","PO Box 657","Snow Hill","NC","28580","252-747-4452","252-747-4498","Greene","Volunteer","Local (includes career, combination, and volunteer fire departments and fire districts)","www.fire-ems.net/firedept/view/SnowHillNC","1","0","31","0","0","0",""
"09506","Foscoe Fire Department","9230 NC HWY 105 S","","Banner Elk","NC","28604","9230 NC HWY 105 S","","","Banner Elk","NC","28604","828-963-6305","828-963-8322","Watauga","Volunteer","Local (includes career, combination, and volunteer fire departments and fire districts)","","1","0","24","0","0","3",""
"07454","Fountain Rural Fire Association","3642 Lynch ST","","Fountain","NC","27829","","","PO Box 37","Fountain","NC","27829-0037","252-749-5321","","Pitt","Volunteer","Local (includes career, combination, and volunteer fire departments and fire districts)","","1","0","19","0","0","0","No"
"03105","Fountaintown Fire Department","1698 Fountaintown RD","","Chinquapin","NC","28521","1698 Fountaintown RD","","","Chinquapin","NC","28521-8700","910-324-4075","","Duplin","Volunteer","Local (includes career, combination, and volunteer fire departments and fire districts)","https://www.facebook.com/Fountaintown.Fire.Department/","1","0","24","0","0","0","Yes"
"08502","Francisco Volunteer Fire Department Inc.","7100 NC 89 HWY W","","Westfield","NC","27053","7100 NC 89 HWY W","","","Westfield","NC","27053-8324","336-351-2696","336-351-0890","Stokes","Volunteer","Local (includes career, combination, and volunteer fire departments and fire districts)","","1","0","29","0","0","0",""
"00605","Frank Volunteer Fire Departemnt","699 N US 19E Hwy","","Newland","NC","28657","","","PO Box 160","Plumtree","NC","28664","828-733-9336","828-733-9336","Avery","Mostly volunteer","Contract fire department","","1","1","28","0","0","0",""
"08671","Franklin Community Volunteer Fire Department Inc.","2136 W Pine ST","","Mount Airy","NC","27030","2136 W Pine ST","","","Mount Airy","NC","27030-8793","336-786-2213","","Surry","Volunteer","Local (includes career, combination, and volunteer fire departments and fire districts)","","2","0","33","0","0","16","No"
"05702","Franklin Fire & Rescue","49 Maple ST","","Franklin","NC","28734","49 Maple ST","","","Franklin","NC","28734-3208","828-524-2332","828-349-4682","Macon","Mostly volunteer","Local (includes career, combination, and volunteer fire departments and fire districts)","","1","4","23","0","0","0","Yes"
"07605","Franklinville Fire Department","146 W Main ST","PO Box 8","Franklinville","NC","27248","","","PO Box 8","Franklinville","NC","27248","336-824-8393","336-824-2559","Randolph","Mostly volunteer","Contract fire department","","2","3","0","29","0","1",""
"09610","Fremont Volunteer Fire Department","401 N Sycamore ST","","Fremont","NC","27830","","","PO Box 417","Fremont","NC","27830","919-242-5802","919-242-5434","Wayne","Volunteer","Local (includes career, combination, and volunteer fire departments and fire districts)","","1","0","42","0","0","0",""
"01108","French Broad Volunteer Fire & Rescue Inc.","572 Fletcher Martin RD","","Alexander","NC","28701-9727","572 Fletcher Martin RD","","","Alexander","NC","28701-9727","828-683-3651","","Buncombe","Mostly career","Local (includes career, combination, and volunteer fire departments and fire districts)","https://www.frenchbroadfire.com/","1","16","5","5","0","2","Yes"
"02810","Frisco Volunteer Fire Department","52470 Highway 12","PO Box 9","Frisco","NC","27936","","","PO Box 9","Frisco","NC","27936-0009","252-995-5522","252-995-5522","Dare","Volunteer","Local (includes career, combination, and volunteer fire departments and fire districts)","","1","0","34","0","0","0","No"
"09208","Fuquay-Varina Fire Department","301 S Fuquay AVE","","Fuquay Varina","NC","27526","301 S Fuquay AVE","","","Fuquay Varina","NC","27526-2214","919-552-0422","","Wake","Mostly career","Local (includes career, combination, and volunteer fire departments and fire districts)","http://www.fuquay-varina.org/207/Fire-Department","3","72","0","6","0","0","Yes"
"01402","Gamewell Volunteer Fire Department","2806 Morganton BLVD SW","","Lenoir","NC","28645","2806 Morganton BLVD SW","","","Lenoir","NC","28645-8621","828-758-2581","828-758-0408","Caldwell","Mostly volunteer","Local (includes career, combination, and volunteer fire departments and fire districts)","https://www.gamewellfire.com/","1","4","40","0","0","12","Yes"
"07445","Gardnerville Volunteer Fire Department Inc.","9521 County Home Rd","","Ayden","NC","28513","9521 County Home Rd","","PO Box ","Ayden","NC","28513","252-746-4909","252-746-4909","Pitt","Volunteer","Local (includes career, combination, and volunteer fire departments and fire districts)","","1","0","26","0","0","0",""
"08204","Garland Fire and Rescue, Inc.","375 W 2ND ST","","Garland","NC","28441","","","","Garland","NC","28441","910-529-1068","910-529-1068","Sampson","Volunteer","Local (includes career, combination, and volunteer fire departments and fire districts)","","1","0","27","0","1","0",""
"09209","Garner Volunteer Fire-Rescue, Inc.","503 W Main ST","","Garner","NC","27529","","","PO Box 441","Garner","NC","27529-0441","919-772-1550","919-662-0158","Wake","Mostly career","Contract fire department","https://garnerfire.com/","4","85","0","4","2","5","Yes"
"06608","Garysburg Volunteer Fire Department","506 Old HWY","","Garysburg","NC","27831","","","PO Box Y","Garysburg","NC","27831-0630","252-536-0400","252-536-0400","Northampton","Volunteer","Local (includes career, combination, and volunteer fire departments and fire districts)","garysburgvfd.org","1","0","24","0","0","6","No"
"06602","Gaston Volunteer Fire Department","210 Old Emporia RD","","Gaston","NC","27832","210 Old Emporia RD","","","Gaston","NC","27832-9548","252-537-8279","252-537-8279","Northampton","Volunteer","Local (includes career, combination, and volunteer fire departments and fire districts)","https://www.gastonvfd.org/","2","0","36","0","0","1","No"
"03701","Gates Volunteer Fire Department","459 Gates School RD","PO Box 325","Gates","NC","27937-0325","459 Gates School RD","","PO Box 325","Gates","NC","27937-0325","000-000-0000","","Gates","Volunteer","Local (includes career, combination, and volunteer fire departments and fire districts)","","1","0","24","0","0","0",""
"03702","Gatesville Volunteer Fire Department","127 Main ST","","Gatesville","NC","27938","","","PO Box 326","Gatesville","NC","27938-0326","252-357-1001","252-357-4831","Gates","Volunteer","Local (includes career, combination, and volunteer fire departments and fire districts)","","1","0","26","0","0","2","No"
"01273","George Hildebran Fire/Rescue","7470 George Hildebran SCH RD","","Connelly Springs","NC","28612","7470 George Hildebran SCH RD","","","Connelly Springs","NC","28612-8277","828-874-4610","","Burke","Mostly volunteer","Local (includes career, combination, and volunteer fire departments and fire districts)","","1","1","0","29","0","0","Yes"
"04511","Gerton Volunteer Fire Department","4975 Gerton HWY","","Gerton","NC","28735","","","PO Box 52","Gerton","NC","28735-0052","828-625-2779","828-625-2779","Henderson","Volunteer","Local (includes career, combination, and volunteer fire departments and fire districts)","https://www.gertonfire.org/","1","0","28","0","0","0","Yes"
"08301","Gibson Southwest District Fire Department Inc","6280 Gibson RD","","Gibson","NC","28343","","","PO Box 261","Gibson","NC","28343-0261","910-268-4872","","Scotland","Volunteer","Local (includes career, combination, and volunteer fire departments and fire districts)","","1","0","23","0","0","5","No"
"04109","Gibsonville Fire Department","218 Piedmont AVE","","Gibsonville","NC","27249","218 Piedmont AVE","","","Gibsonville","NC","27249-2451","336-449-6969","336-449-6770","Guilford","Mostly volunteer","Local (includes career, combination, and volunteer fire departments and fire districts)","http://gibsonvillefd.org/","1","12","20","0","0","0","Yes"
"00302","Glade Creek Volunteer Fire Department","PO Box 39","","Ennice","NC","28623","","","PO Box 39","Ennice","NC","28623","336-659-8199","336-657-8290","Alleghany","Volunteer","Local (includes career, combination, and volunteer fire departments and fire districts)","","1","0","23","0","0","0",""
"01269","Glen Alpine Fire Department","103 Pitts AVE","","Morganton","NC","28655","","","PO Box 898","Glen Alpine","NC","28628-0898","828-584-2622","828-604-9681","Burke","Mostly volunteer","Local (includes career, combination, and volunteer fire departments and fire districts)","","1","24","0","24","0","0","Yes"
"00506","Glendale Springs Volunteer Fire Department","7376 Highway 16 S","PO Box 61","Glendale Springs","NC","28629","","","PO Box 61","Glendale Springs","NC","28629-0061","336-982-3539","336-982-3539","Ashe","Volunteer","Local (includes career, combination, and volunteer fire departments and fire districts)","","1","0","33","0","0","10",""
"05603","Glenwood Volunteer Fire Department","1745 Old Highway 221","","Marion","NC","28752","1745 Old Highway 221","","","Marion","NC","28752-8786","828-738-4666","828-738-4666","McDowell","Volunteer","Local (includes career, combination, and volunteer fire departments and fire districts)","","1","0","36","0","0","0",""
"02606","Godwin-Falcon Fire Department","PO Box 23","","Falcon","NC","28342-0023","","","PO Box 23","Falcon","NC","28342-0023","910-980-1066","910-980-1766","Cumberland","Volunteer","Local (includes career, combination, and volunteer fire departments and fire districts)","","1","0","23","23","8","0","No"
"09611","Goldsboro Fire Department","204 S Center ST","","Goldsboro","NC","27530","204 S Center ST","","","Goldsboro","NC","27530-4805","919-580-4265","919-580-4277","Wayne","Career","Local (includes career, combination, and volunteer fire departments and fire districts)","http://fire.goldsboronc.gov/","5","82","0","0","3","0","No"
"06908","Goose Creek Island Volunteer Fire Department","5036 Lowland RD","","Lowland","NC","28552","5036 Lowland RD","","","Lowland","NC","28552-9603","000-000-0000","","Pamlico","Volunteer","Local (includes career, combination, and volunteer fire departments and fire districts)","","1","0","22","0","0","0",""
"01403","Grace Chapel Volunteer Fire Department","4548 Grace Chapel RD","","Granite Falls","NC","28630","4548 Grace Chapel RD","","","Granite Falls","NC","28630-9368","828-396-1702","","Caldwell","Volunteer","Local (includes career, combination, and volunteer fire departments and fire districts)","","1","0","36","0","0","0","Yes"
"03801","Graham County Fire Department","70 W Fort Hill RD","","Robbinsville","NC","28771","70 W Fort Hill RD","","","Robbinsville","NC","28771-8705","828-479-7967","828-479-6599","Graham","Volunteer","Local (includes career, combination, and volunteer fire departments and fire districts)","","4","0","96","0","0","15","No"
"00107","Graham Fire Department","201 S Main ST","","Graham","NC","27253","","","PO Box 357","Graham","NC","27253-0357","336-570-6707","","Alamance","Mostly career","Local (includes career, combination, and volunteer fire departments and fire districts)","https://www.cityofgraham.com/fire/","1","26","17","0","0","0","Yes"
"01404","Granite Falls Fire Department","119 N Main ST","","Granite Falls","NC","28630","119 N Main ST","","","Granite Falls","NC","28630-1326","828-396-2379","828-396-8306","Caldwell","Mostly career","Local (includes career, combination, and volunteer fire departments and fire districts)","","1","15","6","0","0","0","No"
"08057","Granite Quarry Fire Department","143 N Salisbury AVE","","Granite Quarry","NC","28072","","","PO Box 351","Granite Quarry","NC","28072-0351","704-279-5596","704-279-6648","Rowan","Mostly volunteer","Local (includes career, combination, and volunteer fire departments and fire districts)","https://www.granitequarrync.gov/Departments/Fire-Department","1","6","0","30","0","3","Yes"
"09612","Grantham Volunteer Fire Department","3430 US Highway 13 S","","Goldsboro","NC","27530-1025","3430 US Highway 13 S","","","Goldsboro","NC","27530-1025","919-689-9722","","Wayne","Volunteer","Local (includes career, combination, and volunteer fire departments and fire districts)","","1","0","38","0","0","0","Yes"
"03907","Granville Rural Fire Department","6619 HWY 15 N","","Oxford","NC","27565","6619 HWY 15 N","","","Oxford","NC","27565","919-693-1251","919-693-1251","Granville","Volunteer","Local (includes career, combination, and volunteer fire departments and fire districts)","","1","0","25","0","0","0",""
"02007","Grape Creek Volunteer Fire Department","5960 Joe Brown HWY","","Murphy","NC","28906","734 Martin RD","","","Murphy","NC","28906-6688","828-837-4436","","Cherokee","Volunteer","Local (includes career, combination, and volunteer fire departments and fire districts)","","1","0","30","0","0","2","No"
"02609","Gray's Creek Volunteer Fire Department, Inc. Station 18","6975 Fire Department RD","","Hope Mills","NC","28348","6975 Fire Department RD","","","Hope Mills","NC","28348-8964","910-425-0571","910-425-6732","Cumberland","Mostly volunteer","Local (includes career, combination, and volunteer fire departments and fire districts)","","1","3","33","0","0","0","No"
"02618","Grays Creek Volunteer Fire Department #24","2661 Sandhill RD","","Fayetteville","NC","28306-9480","2661 Sandhill RD","","","Fayetteville","NC","28306-9480","910-483-1816","910-678-7149","Cumberland","Mostly volunteer","Local (includes career, combination, and volunteer fire departments and fire districts)","","1","3","37","0","0","7",""
"01125","Greater Asheville Regional Airport Authority Department of Public Safety","61 Terminal DR STE1","","Fletcher","NC","28732","61 Terminal DR STE 1","","","Fletcher","NC","28732-6202","828-684-4577","828-684-3786","Buncombe","Career","Regional/metropolitan transportation authority or airport fire department","https://flyavl.com/passenger-services/safety-security-questions","1","22","0","0","0","0","No"
"07502","Green Creek Fire Department","8645 S NC 9 HWY","","Columbus","NC","28722","8645 S NC 9 HWY","","","Columbus","NC","28722-9653","828-863-2100","828-863-2177","Polk","Volunteer","Local (includes career, combination, and volunteer fire departments and fire districts)","","2","0","36","0","0","0",""
"08116","Green Hill Fire Department","2711 US 64 74A HWY","","Rutherfordton","NC","28139","2711 US 64 74A HWY","","","Rutherfordton","NC","28139-9305","828-287-8911","828-287-8911","Rutherford","Volunteer","Local (includes career, combination, and volunteer fire departments and fire districts)","","1","0","36","0","0","20",""
"00603","Green Valley Volunteer Fire Department","8602 S US Highway 19 E","","Newland","NC","28657-8546","8602 S US Highway 19 E","","","Newland","NC","28657-8546","828-765-9465","828-765-9465","Avery","Volunteer","Local (includes career, combination, and volunteer fire departments and fire districts)","","1","0","35","0","0","15",""
"03119","Greenevers Volunteer Fire Department Inc.","316 E Charity RD","","Rose Hill","NC","28458-8301","316 E Charity RD","","","Rose Hill","NC","28458-8301","910-289-4880","910-289-4880","Duplin","Volunteer","Local (includes career, combination, and volunteer fire departments and fire districts)","","1","0","22","0","0","0","Yes"
"04110","Greensboro Fire Department","1514 N Church ST","","Greensboro","NC","27405","1514 N Church ST","","","Greensboro","NC","27405","336-373-2356","336-373-2936","Guilford","Career","Local (includes career, combination, and volunteer fire departments and fire districts)","https://www.gfdnc.com","21","441","0","0","18","0",""
"07455","Greenville Fire/Rescue","500 S Greene St","","Greenville","NC","27834","","","PO Box 7207","Greenville","NC","27835-7207","252-329-4390","","Pitt","Career","Local (includes career, combination, and volunteer fire departments and fire districts)","https://www.greenvillenc.gov/government/fire-rescue","7","168","0","0","5","0","No"
"05902","Griffins Township Volunteer Fire Department","5120 Fire Dept RD","","Williamston","NC","27892","5120 Fire Dept RD","","","Williamston","NC","27892-7199","252-789-4005","","Martin","Volunteer","Local (includes career, combination, and volunteer fire departments and fire districts)","","1","0","42","0","0","0","Yes"
"09018","Griffith Road Volunteer Fire Department, Inc.","3310 Griffith RD","","Monroe","NC","28112","3310 Griffith RD","","","Monroe","NC","28112","704-289-2214","","Union","Volunteer","Local (includes career, combination, and volunteer fire departments and fire districts)","","1","0","25","0","0","0",""
"03406","Griffith Volunteer Fire Department","5190 Peters Creek PKWY","","Winston Salem","NC","27127","5190 Peters Creek PKWY","","","Winston Salem","NC","27127-7278","336-788-5412","336-788-9542","Forsyth","Mostly volunteer","Local (includes career, combination, and volunteer fire departments and fire districts)","https://www.griffithfire.com/","1","7","34","0","0","0","No"
"07416","Grifton Fire Department","6881-A S Highland AVE","","Grifton","NC","28530","","","PO Box 910","Grifton","NC","28530-0910","252-524-3367","252-524-3657","Pitt","Volunteer","Contract fire department","https://www.griftonvfd.com/","1","0","40","0","0","10","No"
"01018","Grissettown Longwood Fire & Rescue, Inc","758 Longwood RD NW","","Ocean Isle Beach","NC","28469","758 Longwood RD NW","","","Ocean Isle Beach","NC","28469-3596","910-287-3030","910-287-1794","Brunswick","Mostly volunteer","Local (includes career, combination, and volunteer fire departments and fire districts)","www.grissettownfire.com","1","8","2","17","0","0","Yes"
"02309","Grover Rural Volunteer Fire Department","206 S Main ST","","Grover","NC","28073","","","PO Box 18","Grover","NC","28073-0018","704-937-7321","704-937-3089","Cleveland","Volunteer","Local (includes career, combination, and volunteer fire departments and fire districts)","","1","0","0","34","0","3","No"
"07606","Guil-Rand Fire Department","10506 S Main ST","","Archdale","NC","27263","10506 S Main ST","","","Archdale","NC","27263-3366","336-431-2512","336-431-9622","Randolph","Mostly career","Local (includes career, combination, and volunteer fire departments and fire districts)","https://www.guil-randfire.com/","5","53","15","0","1","3","No"
"04100","Guilford County Fire Marshal","1002 Meadowood  ST","","Greensboro","NC","27409-2822","1002 Meadowood  ST","","","Greensboro","NC","27409-2822","336-641-7565","336-641-6538","Guilford","Mostly career","Local (includes career, combination, and volunteer fire departments and fire districts)","https://www.guilfordcountync.gov/our-county/emergency-services/fire-rescue","3","32","0","20","0","0","Yes"
"02925","Gumtree Fire & Rescue","2466 Gumtree RD","","Winston Salem","NC","27107","2466 Gumtree RD","","","Winston Salem","NC","27107-9325","336-788-3544","336-788-5464","Davidson","Mostly volunteer","Local (includes career, combination, and volunteer fire departments and fire districts)","https://www.gumtreefire.com/","1","8","0","28","0","5","No"
"06705","Half Moon Volunteer Fire Department, INC","4835 Gum Branch RD","","Jacksonville","NC","28540-9194","4835 Gum Branch RD","","","Jacksonville","NC","28540-9194","910-455-8760","910-455-2623","Onslow","Mostly volunteer","Local (includes career, combination, and volunteer fire departments and fire districts)","https://www.hmvfd.org/","1","1","29","0","0","4","No"
"07703","Hamlet Fire Department","302 Champlain ST","","Hamlet","NC","28345","302 Champlain ST","","","Hamlet","NC","28345-3380","910-582-2441","910-582-5815","Richmond","Mostly volunteer","Local (includes career, combination, and volunteer fire departments and fire districts)","","1","14","0","20","0","0","Yes"
"07103","Hampstead Fire-Rescue","15840 US HWY 17 S","","Hampstead","NC","28443","","","PO Box 1249","Hampstead","NC","28443","910-270-3322","910-270-0754","Pender","Mostly volunteer","Contract fire department","","1","1","45","0","0","0",""
"05202","Hargett's Crossroads Volunteer Fire Department","8114 HWY 41 W","","Richlands","NC","28574","8114 HWY 41 W","","","Richlands","NC","28574-9427","910-324-1005","910-324-1005","Jones","Volunteer","Local (includes career, combination, and volunteer fire departments and fire districts)","","1","0","23","0","0","8","Yes"
"01641","Harkers Island Fire & Rescue, Inc.","1219 Island RD","","Harkers Island","NC","28531-9677","","","PO Box 273","Harkers Island","NC","28531-0273","252-728-4761","252-728-7988","Carteret","Mostly volunteer","Local (includes career, combination, and volunteer fire departments and fire districts)","","1","2","30","0","1","0","Yes"
"02508","Harlowe Volunteer Fire Department","801 Ferry RD","","Havelock","NC","28532","3930 NC HWY 101","","","Havelock","NC","28532-9266","252-447-1891","252-447-0162","Craven","Volunteer","Local (includes career, combination, and volunteer fire departments and fire districts)","","3","0","43","0","0","0","No"
"04903","Harmony Volunteer Fire Department","116 E Memorial HWY","","Harmony","NC","28634","","","PO Box 359","Harmony","NC","28634-0359","704-546-2300","704-546-2658","Iredell","Volunteer","Local (includes career, combination, and volunteer fire departments and fire districts)","","2","0","47","0","8","16","No"
"08206","Harrells Fire Department","606 Tomahawk HWY","PO Box 95","Harrells","NC","28444","606 Tomahawk HWY","","PO Box 95","Harrells","NC","28444","910-532-4616","","Sampson","Volunteer","Local (includes career, combination, and volunteer fire departments and fire districts)","","2","0","40","0","0","0",""
"04604","Harrellsville Volunteer Fire Department, Inc.","227 E Main ST","","Harrellsville","NC","27942","","","PO Box 361","Harrellsville","NC","27942-0361","252-356-1045","","Hertford","Volunteer","Local (includes career, combination, and volunteer fire departments and fire districts)","","2","0","25","0","0","1","No"
"02916","Hasty Fire Department","1306 Joe Moore RD","","Thomasville","NC","27360","1306 Joe Moore RD","","","Thomasville","NC","27360-9149","336-882-3053","336-882-4170","Davidson","Mostly volunteer","Local (includes career, combination, and volunteer fire departments and fire districts)","https://www.hastyfiredept.com/","1","3","45","0","0","6","No"
"02803","Hatteras Fire Department","PO Box 251","","Hatteras","NC","27943-0251","","","PO Box 251","Hatteras","NC","27943-0251","252-986-2356","252-986-2356","Dare","Volunteer","Local (includes career, combination, and volunteer fire departments and fire districts)","","1","0","32","0","0","10",""
"02510","Havelock Fire - Rescue","2 Governmental AVE","","Havelock","NC","28532","","","PO Box 368","Havelock","NC","28532-0368","252-444-6441","","Craven","Mostly career","Local (includes career, combination, and volunteer fire departments and fire districts)","https://www.havelocknc.us/172/Fire-Rescue","2","25","20","0","0","0","Yes"
"00108","Haw River Fire Department","403 E Main ST","","Haw River","NC","27258","","","PO Box 103","Haw River","NC","27258-0103","336-578-1355","336-578-6648","Alamance","Mostly volunteer","Local (includes career, combination, and volunteer fire departments and fire districts)","","1","3","29","0","0","0","No"
"09304","Hawtree Volunteer Fire Department, Inc.","1720 US #1 N","PO Box 25","Wise","NC","27594-0025","","","PO Box 25","Wise","NC","27594-0025","252-456-3122","","Warren","Volunteer","Local (includes career, combination, and volunteer fire departments and fire districts)","","1","0","22","0","0","0","No"
"02906","Healing Springs Volunteer Fire Department","18694 NC HWY 8","PO Box 1076","Denton","NC","27239-1076","18694 NC HWY 8","","PO Box 1076","Denton","NC","27239-1076","336-859-4409","336-859-2776","Davidson","Volunteer","Local (includes career, combination, and volunteer fire departments and fire districts)","https://www.anglefire.com/nc/healingspringsfd","1","0","29","0","0","0",""
"03311","Heartsease Volunteer Fire Department","8736 US-64 ALT","","Tarboro","NC","27886","","","PO Box 1505","Tarboro","NC","27886-1505","252-446-6653","252-446-6653","Edgecombe","Mostly volunteer","Local (includes career, combination, and volunteer fire departments and fire districts)","","1","2","25","0","0","8","Yes"
"09005","Hemby Bridge Fire Department","6628 Mill Grove RD","","Indian Trail","NC","28079","6628 Mill Grove RD","","","Indian Trail","NC","28079-7560","704-882-2100","704-882-9441","Union","Mostly career","Local (includes career, combination, and volunteer fire departments and fire districts)","","1","30","0","20","2","0","No"
"04508","Hendersonville Fire Department","632 Sugarloaf RD","","Hendersonville","NC","28792","632 Sugarloaf RD","","","Hendersonville","NC","28792-8939","828-697-3024","828-692-0627","Henderson","Career","Local (includes career, combination, and volunteer fire departments and fire districts)","http://www.hendersonvillenc.gov/fire-department","2","47","0","0","1","1","No"
"08215","Herring Fire & Rescue","2021 Rabbit ST","","Clinton","NC","28328-0366","2021 Rabbit ST","","","Clinton","NC","28328-0366","910-564-6707","910-564-6749","Sampson","Volunteer","Local (includes career, combination, and volunteer fire departments and fire districts)","","1","0","34","0","0","0",""
"07203","Hertford Fire Department","328 W Grubb ST","","Hertford","NC","27944","","","PO Box 32","Hertford","NC","27944","252-426-8389","252-426-1416","Perquimans","Volunteer","Local (includes career, combination, and volunteer fire departments and fire districts)","","1","0","30","0","0","2",""
"01807","Hickory Fire Department","19 2ND Street DR NE","","Hickory","NC","28601","19 2ND Street DR NE","","","Hickory","NC","28601-6260","828-323-7420","828-323-7566","Catawba","Career","Local (includes career, combination, and volunteer fire departments and fire districts)","https://www.hickorync.gov/","7","139","0","0","1","0","Yes"
"09109","Hicksboro Fire Department","5595 Hicksboro RD","","Oxford","NC","27565-8679","5595 Hicksboro RD","","","Oxford","NC","27565-8679","252-492-4070","","Vance","Volunteer","Local (includes career, combination, and volunteer fire departments and fire districts)","","1","0","33","0","0","0",""
"04130","High Point Fire Department","434 S Elm ST","","High Point","NC","27260","434 S Elm ST","","","High Point","NC","27260-6619","336-883-3358","336-883-3550","Guilford","Career","Local (includes career, combination, and volunteer fire departments and fire districts)","https://www.highpointnc.gov/608/Fire","14","233","0","0","4","0","Yes"
"03613","High Shoals Fire and Rescue","110 Thomkins ST","","High Shoals","NC","28092","","","PO Box 30","High Shoals","NC","28077-0030","704-732-0818","704-732-0317","Gaston","Volunteer","Local (includes career, combination, and volunteer fire departments and fire districts)","https://firehouse21.com/","1","0","23","0","0","0","No"
"06312","Highfalls Fire and Rescue, Inc.","170 North Moore RD","","Robbins","NC","27325","","","PO Box 5","High Falls","NC","27259-0005","910-464-3771","","Moore","Mostly volunteer","Local (includes career, combination, and volunteer fire departments and fire districts)","","2","2","31","0","0","0","No"
"05703","Highlands Fire & Rescue","149 Franklin RD","","Highlands","NC","28741","","","PO Box 460","Highlands","NC","28741-0460","828-526-3645","828-787-1632","Macon","Mostly volunteer","Local (includes career, combination, and volunteer fire departments and fire districts)","","2","2","30","0","0","0","Yes"
"02006","Hiwassee Dam Volunteer Fire Department, Inc.","80 Line DR","","Murphy","NC","28906","","","PO Box 1109","Murphy","NC","28906-1109","828-644-9032","","Cherokee","Volunteer","Local (includes career, combination, and volunteer fire departments and fire districts)","www.hiwasseedamfire.com","3","0","44","0","0","0","No"
"03705","Hobbsville Volunteer Fire Department","365 Hobbsville RD","","Hobbsville","NC","27946","128 Sandy Cross RD","","","Hobbsville","NC","27946-9590","252-297-2030","","Gates","Volunteer","Local (includes career, combination, and volunteer fire departments and fire districts)","","1","0","27","0","0","0",""
"04205","Hobgood Volunteer Fire Department, Inc.","100 Commerce ST","PO Box 218","Hobgood","NC","27843-0218","","","PO Box 218","Hobgood","NC","27843-0218","252-826-5601","252-826-5601","Halifax","Volunteer","Local (includes career, combination, and volunteer fire departments and fire districts)","","1","0","20","0","0","0",""
"07705","Hoffman Fire Department & Rescue Squad, Inc.","3373 N US 1 HWY","","Hoffman","NC","28347","","","PO Box 122","Hoffman","NC","28347-0122","910-281-3404","","Richmond","Volunteer","Local (includes career, combination, and volunteer fire departments and fire districts)","","2","0","25","0","0","0","No"
"02907","Holly Grove Fire Department Inc.","2211 E Holly Grove RD","","Lexington","NC","27292","2211 E Holly Grove RD","","","Lexington","NC","27292-9763","336-248-5420","336-238-3521","Davidson","Volunteer","Contract fire department","https://www.hollygrovefire.org/","1","0","32","0","0","3","No"
"06707","Holly Ridge Volunteer Fire and Rescue Department","109 Holly ST","","Holly Ridge","NC","28445","109 Holly ST","","","Holly Ridge","NC","28445-7898","910-329-5101","910-329-0209","Onslow","Mostly volunteer","Local (includes career, combination, and volunteer fire departments and fire districts)","","1","12","22","0","0","0","Yes"
"09210","Holly Springs Fire-Rescue","700 Flint Point LN","","Holly Springs","NC","27540","700 Flint Point LN","","","Holly Springs","NC","27540-6853","919-567-4733","919-552-1958","Wake","Career","Local (includes career, combination, and volunteer fire departments and fire districts)","","3","35","0","0","1","0","Yes"
"04008","Hookerton Volunteer Fire and EMS","403 Main ST","","Hookerton","NC","28538","","","PO Box 70","Hookerton","NC","28538-0070","252-747-8866","252-747-8869","Greene","Volunteer","Local (includes career, combination, and volunteer fire departments and fire districts)","","1","0","35","0","0","10","No"
"09218","Hopkins Rural Fire Department, Inc.","8933 Fowler RD","","Zebulon","NC","27597","8933 Fowler RD","","","Zebulon","NC","27597-9022","919-269-8181","919-269-2217","Wake","Mostly volunteer","Local (includes career, combination, and volunteer fire departments and fire districts)","","1","11","0","21","0","0","Yes"
"03407","Horneytown Fire Department","102 Horneytown RD","","High Point","NC","27265","102 Horneytown RD","","","High Point","NC","27265-1124","336-869-4313","336-869-0628","Forsyth","Mostly volunteer","Local (includes career, combination, and volunteer fire departments and fire districts)","","1","4","24","0","0","0","Yes"
"05801","Hot Springs Volunteer Fire Department","93 S Serpentine AVE","","Hot Springs","NC","28743","","","PO Box 218","Hot Springs","NC","28743-0218","828-622-9813","828-622-7408","Madison","Volunteer","Local (includes career, combination, and volunteer fire departments and fire districts)","","1","0","18","0","0","2","No"
"05505","Howards Creek Volunteer Fire Department","3604 W Highway 27","","Lincolnton","NC","28092-0707","3604 W Highway 27","","","Lincolnton","NC","28092-0707","704-735-9874","704-732-3918","Lincoln","Volunteer","Local (includes career, combination, and volunteer fire departments and fire districts)","","1","0","34","0","0","10",""
"06708","Hubert Volunteer Fire Department","118 Hubert BLVD","","Hubert","NC","28539","118 Hubert BLVD","","","Hubert","NC","28539","910-353-7268","","Onslow","Volunteer","Local (includes career, combination, and volunteer fire departments and fire districts)","","1","0","40","0","0","20",""
"08107","Hudlow Fire Department, Inc.","2910 Hudlow RD","","Forest City","NC","28043","2910 Hudlow RD","","","Forest City","NC","28043-7546","828-287-7716","","Rutherford","Mostly volunteer","Local (includes career, combination, and volunteer fire departments and fire districts)","https://hudlowfd.com/","2","2","36","0","1","0","Yes"
"03614","Hugh's Pond Volunteer Fire Department","1442 Tot Dellinger RD","PO Box 63","Cherryville","NC","28021","","","PO Box 63","Cherryville","NC","28021-0063","704-435-5642","704-435-5642","Gaston","Volunteer","Local (includes career, combination, and volunteer fire departments and fire districts)","","1","0","27","0","0","6","No"
"05432","Hugo Fire & Rescue","2941 Hugo RD","","Grifton","NC","28530","2941 Hugo RD","","","Grifton","NC","28530","252-524-4928","","Lenoir","Volunteer","Local (includes career, combination, and volunteer fire departments and fire districts)","https://hugofiredept.com/","3","0","54","0","0","0",""
"06008","Huntersville Fire Station # 2","15600 Beatties Ford RD","","Huntersville","NC","28078","15600 Beatties Ford RD","","","Huntersville","NC","28078-9376","704-875-6266","704-875-6659","Mecklenburg","Mostly volunteer","Local (includes career, combination, and volunteer fire departments and fire districts)","","1","80","30","80","0","0","Yes"
"06010","Huntersville Volunteer Fire Department","110 S Old Statesville RD","","Huntersville","NC","28078-9658","","","PO Box 471","Huntersville","NC","28078-0471","704-875-3563","704-948-8597","Mecklenburg","Mostly volunteer","Local (includes career, combination, and volunteer fire departments and fire districts)","https://www.huntersvillefd.com/","1","7","10","11","0","2",""
"07914","Huntsville Volunteer Fire Department","1133 Sardis Church RD","","Madison","NC","27025","1133 Sardis Church RD","","","Madison","NC","27025-8210","336-427-5397","","Rockingham","Mostly volunteer","Local (includes career, combination, and volunteer fire departments and fire districts)","","2","2","49","0","0","12","No"
"07301","Hurdle Mills Volunteer Fire Department","96 Union Grove Church RD","","Hurdle Mills","NC","27541","","","PO Box 160","Hurdle Mills","NC","27541-0160","336-364-2828","336-364-6709","Person","Volunteer","Local (includes career, combination, and volunteer fire departments and fire districts)","","2","0","56","0","0","0","No"
"01264","Icard Township Fire & Rescue Inc.","100 1ST AVE NE","PO Box 905","Hildebran","NC","28637","","","PO Box 905","Hildebran","NC","28637-0905","828-397-6400","828-397-6401","Burke","Mostly volunteer","Local (includes career, combination, and volunteer fire departments and fire districts)","https://www.icardfirerescue.com/","1","3","38","0","0","0","No"
"06011","Idlewild Fire Department","10241 Idlewild RD","","Matthews","NC","28105","10241 Idlewild RD","","","Matthews","NC","28105","704-545-5561","704-545-0228","Mecklenburg","Volunteer","Local (includes career, combination, and volunteer fire departments and fire districts)","","1","0","38","0","0","0",""
"01642","Indian Beach-Salter Path Fire Department","1410 Salter Path RD","","Indian Beach","NC","28512","1410 Salter Path RD","","","Indian Beach","NC","28512-5921","252-247-7994","","Carteret","Mostly career","Local (includes career, combination, and volunteer fire departments and fire districts)","https://www.indianbeach.org/fire-department","1","14","6","0","0","9","Yes"
"09630","Indian Springs Volunteer Fire Department","3900 Arrington Bridge RD","","Seven Springs","NC","28578","3900 Arrington Bridge RD","","","Seven Springs","NC","28578-8522","919-658-6171","919-658-6171","Wayne","Volunteer","Local (includes career, combination, and volunteer fire departments and fire districts)","","1","0","22","0","0","0","No"
"09006","Jackson Community Volunteer Fire & Rescue Inc.","8323 Lancaster HWY","","Waxhaw","NC","28173","9410 Providence RD S","","","Waxhaw","NC","28173-9453","704-843-2611","","Union","Volunteer","Local (includes career, combination, and volunteer fire departments and fire districts)","","1","0","0","33","0","0","Yes"
"01307","Jackson Park Volunteer Fire Department","36 Green ST SW","","Concord","NC","28027","128 Green ST SW","","","Concord","NC","28027","704-786-7811","704-793-4461","Cabarrus","Volunteer","Local (includes career, combination, and volunteer fire departments and fire districts)","","1","0","35","0","0","0",""
"06603","Jackson Volunteer Fire Department Inc.","102 Depot ST","","Jackson","NC","27845","","","PO Box 545","Jackson","NC","27845-0545","252-536-1915","252-534-9937","Northampton","Volunteer","Local (includes career, combination, and volunteer fire departments and fire districts)","","2","0","25","0","0","0","No"
"06710","Jacksonville Fire and Emergency Services","200 Marine BLVD","","Jacksonville","NC","28540","","","PO Box 128","Jacksonville","NC","28541-0128","910-455-8080","910-455-4036","Onslow","Career","Local (includes career, combination, and volunteer fire departments and fire districts)","","4","87","0","0","1","1","Yes"
"07916","Jacobs Creek Fire Tax District, Inc.","2250 NC Highway 704","","Madison","NC","27025","2250 NC Highway 704","","","Madison","NC","27025-7836","336-427-8888","336-548-1673","Rockingham","Volunteer","Local (includes career, combination, and volunteer fire departments and fire districts)","","1","0","24","0","0","12","No"
"04006","Jason Volunteer Fire Department","6846 Highway 903 S","","La Grange","NC","28551-8377","6846 Highway 903 S","","","La Grange","NC","28551-8366","252-566-5821","","Greene","Volunteer","Local (includes career, combination, and volunteer fire departments and fire districts)","","1","0","27","0","0","0","Yes"
"00502","Jefferson Volunteer Fire Department","205 Northwest DR","","Jefferson","NC","28640","","","PO Box 97","Jefferson","NC","28640","336-246-9149","336-246-2923","Ashe","Volunteer","Local (includes career, combination, and volunteer fire departments and fire districts)","","1","0","24","0","0","0",""
"03021","Jerusalem Fire Department","7185 NC Highway 801 S","","Mocksville","NC","27028","232 Oakdale CIR","","","Mocksville","NC","27028-6744","336-284-2790","","Davie","Volunteer","Local (includes career, combination, and volunteer fire departments and fire districts)","","1","0","24","0","0","2","No"
"05100","Johnston County Emergency Services","120 S 3RD ST","","Smithfield","NC","27577","","","PO Box 530","Smithfield","NC","27577-0530","919-989-5050","919-989-5052","Johnston","Career","Other","https://www.johnstonnc.com/","1","90","0","0","5","0","Yes"
"01258","Jonas Ridge Volunteer Fire Department and Service Center","6680 Dogwood Knob RD","","Jonas Ridge","NC","28641","","","PO Box 31","Jonas Ridge","NC","28641-0031","828-733-1330","828-733-1330","Burke","Volunteer","Local (includes career, combination, and volunteer fire departments and fire districts)","","2","0","22","0","1","0","Yes"
"04413","Jonathan Creek Volunteer Fire Department","47 Joe Carver RD","","Waynesville","NC","28785","","","PO Box 158","Waynesville","NC","28786-0158","828-926-3579","828-926-6069","Haywood","Volunteer","Local (includes career, combination, and volunteer fire departments and fire districts)","","1","0","30","0","0","20","No"
"08666","Jot-Um-Down Volunteer Fire Department","1091 Dobbins Mill RD","","Elkin","NC","28621","1091 Dobbins Mill RD","","","Elkin","NC","28621-8177","336-366-2820","336-366-2820","Surry","Volunteer","Local (includes career, combination, and volunteer fire departments and fire districts)","","1","0","45","0","0","0",""
"04113","Julian Fire & Rescue, Inc.","4317 Folger RD","","Julian","NC","27263","4317 Folger RD","","","Julian","NC","27283-8008","336-685-4201","","Randolph","Mostly volunteer","Local (includes career, combination, and volunteer fire departments and fire districts)","","1","3","0","18","1","0","No"
"04407","Junaluska Community Volunteer Fire Department","90 Old Clyde RD","","Lake Junaluska","NC","28745","","","PO Box 245","Clyde","NC","28721-0245","828-452-4404","","Haywood","Mostly volunteer","Local (includes career, combination, and volunteer fire departments and fire districts)","","1","1","29","0","0","0",""
"01110","Jupiter Volunteer Fire Department","331 Jupiter RD","","Weaverville","NC","28787","331 Jupiter RD","","","Weaverville","NC","28787","828-645-7624","828-658-2122","Buncombe","Mostly volunteer","Local (includes career, combination, and volunteer fire departments and fire districts)","","1","12","20","0","0","15",""
"01309","Kannapolis Fire Department","401 Laureate WAY","3rd Floor - Fire Department","Kannapolis","NC","28081","401 Laureate WAY","3rd Floor - Fire Department","","Kannapolis","NC","28081-0005","704-920-4260","704-920-4262","Cabarrus","Career","Local (includes career, combination, and volunteer fire departments and fire districts)","https://www.kannapolisnc.gov/Fire","5","91","0","0","24","0","Yes"
"00905","Kelly Volunteer Fire Department, Inc.","18628 NC HWY 53 E","","Kelly","NC","28448","","","PO Box 39","Kelly","NC","28448","910-669-2898","","Bladen","Volunteer","Local (includes career, combination, and volunteer fire departments and fire districts)","","1","0","21","0","0","0",""
"03107","Kenansville Fire Department","105 W Hill ST","","Kenansville","NC","28349","","","PO Box 946","Kenansville","NC","28349-0946","910-296-1878","910-296-6533","Duplin","Volunteer","Local (includes career, combination, and volunteer fire departments and fire districts)","","2","0","35","0","0","8","No"
"05114","Kenly Volunteer Fire Department, Inc.","101 W 1ST ST","","Kenly","NC","27542","","","PO Box 868","Kenly","NC","27542-0868","919-284-4441","919-284-3414","Johnston","Mostly volunteer","Local (includes career, combination, and volunteer fire departments and fire districts)","","1","1","30","0","0","0","No"
"03408","Kernersville Fire Rescue Department","1180 NC Highway 66 S","","Kernersville","NC","27284","","","PO Box 728","Kernersville","NC","27285-0728","336-996-4885","","Forsyth","Mostly career","Local (includes career, combination, and volunteer fire departments and fire districts)","https://www.toknc.com/","5","87","0","5","1","0","No"
"02804","Kill Devil Hills Fire Department","1630 N Croatan HWY","","Kill Devil Hills","NC","27948","","","PO Box 1719","Kill Devil Hills","NC","27948-1719","252-480-4060","","Dare","Mostly career","Local (includes career, combination, and volunteer fire departments and fire districts)","https://www.kdhnc.com/938/Fire-Department","1","20","17","0","1","4","No"
"01406","Kings Creek Volunteer Fire Department Inc.","3420 Wilkesboro BLVD","","Lenoir","NC","28645","3420 Wilkesboro BLVD","","","Lenoir","NC","28645-7685","828-758-2017","828-758-2093","Caldwell","Volunteer","Local (includes career, combination, and volunteer fire departments and fire districts)","https://www.facebook.com/profile.php?id=100068347546379","1","0","28","5","0","0","No"
"02310","Kings Mountain Fire Department","106 Spruce ST","","Kings Mountain","NC","28086","106 Spruce ST","","PO Box 429","Kings Mountain","NC","28086","704-734-0555","704-734-4468","Cleveland","Mostly volunteer","Local (includes career, combination, and volunteer fire departments and fire districts)","https://www.kmfire.com","2","8","24","6","0","0",""
"05402","Kinston Department of Fire & Rescue","401 E Vernon AVE","","Kinston","NC","28502","","","PO Box 339","Kinston","NC","28502-0339","252-939-3164","252-939-3157","Lenoir","Career","Local (includes career, combination, and volunteer fire departments and fire districts)","http://nc-kinston.civicplus.com/167/Fire-Rescue","3","50","0","0","1","0","No"
"09230","Knightdale Public Safety Fire Division","950 Steeple Square CT","","Knightdale","NC","27545","950 Steeple Square CT","","","Knightdale","NC","27545","919-217-2271","919-217-2269","Wake","Mostly volunteer","Local (includes career, combination, and volunteer fire departments and fire districts)","https://www.knightdalenc.gov/index.aspx?page=232","1","7","25","20","0","0",""
"06503","Kure Beach Fire Department","608 K AVE","","Kure Beach","NC","28449","608 K AVE","","","Kure Beach","NC","28449-3815","910-458-7586","910-458-9882","New Hanover","Volunteer","Local (includes career, combination, and volunteer fire departments and fire districts)","","1","0","22","0","0","0",""
"02611","Lafayette Village Fire Department","6701 Bailey Lake RD","","Fayetteville","NC","28304","6701 Bailey Lake RD","","","Fayetteville","NC","28304","910-425-2207","910-426-0307","Cumberland","Mostly volunteer","Local (includes career, combination, and volunteer fire departments and fire districts)","https://fire.ci.fayetteville.nc.us/fire_stations/station_17.aspx","2","13","18","0","0","3",""
"05434","LaGrange Fire Department","119 E Railroad ST","PO Box 603","La Grange","NC","28551","","","PO Box 603","La Grange","NC","28551","252-566-4515","252-566-6991","Lenoir","Volunteer","Local (includes career, combination, and volunteer fire departments and fire districts)","","1","0","33","0","0","0",""
"04415","Lake Logan Cecil Volunteer Fire Department","4291 Lake Logan RD","","Canton","NC","28716","4291 Lake Logan RD","","","Canton","NC","28716","828-648-4406","828-648-4406","Haywood","Volunteer","Local (includes career, combination, and volunteer fire departments and fire districts)","","1","0","30","0","0","10",""
"04904","Lake Norman Volunteer Fire Department","1518 Brawley School RD","","Mooresville","NC","28117-5932","1518 Brawley School RD","","","Mooresville","NC","28117-5932","704-664-2468","704-660-6925","Iredell","Volunteer","Local (includes career, combination, and volunteer fire departments and fire districts)","","1","0","34","25","0","4",""
"09402","Lake Phelps Volunteer Fire Department","9606 Newland RD","","Creswell","NC","27928","9606 Newland RD","","","Creswell","NC","27928","252-797-4259","","Washington","Volunteer","Local (includes career, combination, and volunteer fire departments and fire districts)","","1","0","29","0","0","0",""
"02612","Lake Rim Volunteer Fire Department","7690 Raeford RD","","Fayetteville","NC","28304","7690 Raeford RD","","","Fayetteville","NC","28304","910-867-0832","910-867-1369","Cumberland","Mostly volunteer","Contract fire department","","1","13","40","0","0","0",""
"06210","Lake Tillery Fire & Rescue, Inc.","7913 NC Highway 73 W","","Mount Gilead","NC","27306","7913 NC Highway 73 W","","","Mount Gilead","NC","27306-9082","910-439-1010","910-439-8993","Montgomery","Mostly volunteer","Local (includes career, combination, and volunteer fire departments and fire districts)","","1","2","28","0","0","4","No"
"08808","Lake Toxaway Fire Rescue, Inc.","850 Blue Ridge RD","","Lake Toxaway","NC","28747","","","PO Box 35","Lake Toxaway","NC","28747-0035","828-966-4900","828-966-4921","Transylvania","Mostly volunteer","Local (includes career, combination, and volunteer fire departments and fire districts)","","2","4","0","37","0","0","No"
"08058","Landis Fire Department","136 N Central AVE","","Landis","NC","28088","","","PO Box 8165","Landis","NC","28088-8165","704-855-1269","704-855-3932","Rowan","Mostly career","Local (includes career, combination, and volunteer fire departments and fire districts)","https://townoflandisnc.gov/departments/public-safety/fire-department/","2","10","0","4","0","0","No"
"09007","Lanes Creek Volunteer Fire Department","7608 Landsford RD","","Monroe","NC","28112","7608 Landsford RD","","","Monroe","NC","28112-9418","704-764-3900","704-764-8567","Union","Volunteer","Local (includes career, combination, and volunteer fire departments and fire districts)","www.lanescreekfire.com","1","0","22","10","0","0","Yes"
"00503","Lansing Volunteer Fire Rescue Department","9281 NC HWY 194 N","","Lansing","NC","28643-9533","","","PO Box 176","Lansing","NC","28643-0176","336-384-4545","336-384-9060","Ashe","Volunteer","Local (includes career, combination, and volunteer fire departments and fire districts)","","1","0","36","0","0","0",""
"06609","Lasker Volunteer Fire Department","112 W Church ST","","Lasker","NC","27845","112 W Church ST","","","Lasker","NC","27845-9629","252-539-2924","252-539-2924","Northampton","Volunteer","Local (includes career, combination, and volunteer fire departments and fire districts)","","1","0","28","0","0","0",""
"08305","Laurel Hill Fire Department, Inc.","9400 Old Wire RD","","Laurel Hill","NC","28351","","","PO Box 858","Laurel Hill","NC","28351-0858","910-462-2434","910-462-3230","Scotland","Volunteer","Local (includes career, combination, and volunteer fire departments and fire districts)","","1","0","29","0","6","8",""
"00304","Laurel Springs Volunteer Fire Department","12509 HWY 18 S","PO Box 21","Laurel Springs","NC","28644","","","PO Box 21","Laurel Springs","NC","28644-0021","336-359-8193","336-359-2328","Alleghany","Volunteer","Local (includes career, combination, and volunteer fire departments and fire districts)","","1","0","24","0","0","18","No"
"08303","Laurinburg Fire Department","501 N Main ST","","Laurinburg","NC","28352","","","PO Box 249","Laurinburg","NC","28353-0249","910-276-1811","910-276-1811","Scotland","Mostly volunteer","Local (includes career, combination, and volunteer fire departments and fire districts)","www.cityoflaurinburg.org/fire","3","7","0","28","0","2","No"
"02311","Lawndale Volunteer Fire Department","111 Richard ST","","Lawndale","NC","28090","","","PO Box 256","Lawndale","NC","28090-0256","704-538-6700","704-538-6740","Cleveland","Volunteer","Local (includes career, combination, and volunteer fire departments and fire districts)","","1","0","22","0","0","0","No"
"08504","Lawsonville Volunteer Fire Department","1013 Fire Rescue LN","","Danbury","NC","27016","","","PO Box 9","Lawsonville","NC","27022-0009","336-593-8212","","Stokes","Volunteer","Local (includes career, combination, and volunteer fire departments and fire districts)","","1","0","38","0","0","0","No"
"07917","Leaksville Volunteer Fire Department","146 Beddingfield RD","","Eden","NC","27288","146 Beddingfield RD","","","Eden","NC","27288-7513","336-623-9020","336-623-3347","Rockingham","Mostly volunteer","Local (includes career, combination, and volunteer fire departments and fire districts)","","1","3","25","0","0","0","No"
"01710","Leasburg Volunteer Fire Department","5783 NC Highway 119 N","","Leasburg","NC","27291","","","PO Box 14","Leasburg","NC","27291-0014","336-694-5411","336-694-5411","Caswell","Volunteer","Local (includes career, combination, and volunteer fire departments and fire districts)","","1","0","28","0","0","0",""
"03204","Lebanon Volunteer Fire Department","7900 Russell RD","","Durham","NC","27712-9104","7900 Russell RD","","","Durham","NC","27712-9104","919-477-4687","919-479-7192","Durham","Mostly volunteer","Contract fire department","","1","12","20","20","0","0",""
"06108","Ledger Volunteer Fire Department","5165 S 226 HWY","","Bakersville","NC","28705","5165 S 226 HWY","","","Bakersville","NC","28705-7259","828-688-9072","828-688-4443","Mitchell","Volunteer","Local (includes career, combination, and volunteer fire departments and fire districts)","","1","0","23","0","0","2","No"
"01111","Leicester Volunteer Fire Department","1563 Alexander RD","","Leicester","NC","28748","","","PO Box 100","Leicester","NC","28748-0100","828-683-3433","000-000-0000","Buncombe","Mostly career","Local (includes career, combination, and volunteer fire departments and fire districts)","https://www.leicesterfire.com","3","16","15","0","1","9","No"
"01407","Lenoir Fire Dept","602 Harper AVE NW","","Lenoir","NC","28645","602 Harper AVE NW","","","Lenoir","NC","28645-5081","828-757-2191","","Caldwell","Career","Local (includes career, combination, and volunteer fire departments and fire districts)","https://www.cityoflenoir.com/191/Codes-Inspections","3","63","0","0","0","0","Yes"
"07608","Level Cross Voluntary Fire Department, Inc.","125 Branson Mill RD","","Randleman","NC","27317","125 Branson Mill RD","","","Randleman","NC","27317-8006","336-362-9154","336-498-7141","Randolph","Mostly volunteer","Local (includes career, combination, and volunteer fire departments and fire districts)","lcfd43.org","1","2","0","15","0","2","No"
"00805","Lewiston Woodville Volunteer Fire Department, Inc","103 W Church ST","","Lewiston Woodville","NC","27849","","","PO Box 395","Lewiston Woodville","NC","27849-0395","252-348-2689","252-348-2695","Bertie","Volunteer","Local (includes career, combination, and volunteer fire departments and fire districts)","","1","0","27","0","0","5","No"
"03409","Lewisville Fire Department","216 Lewisville Clemmons RD","","Lewisville","NC","27023","216 Lewisville Clemmons RD","","","Lewisville","NC","27023-9494","336-945-5983","","Forsyth","Mostly volunteer","Local (includes career, combination, and volunteer fire departments and fire districts)","https://www.lewisvillefire.com","2","15","25","10","1","20","Yes"
"02908","Lexington Fire Department","200 E Center ST","","Lexington","NC","27292","28 W Center ST","","","Lexington","NC","27292-3316","336-248-3935","336-248-3994","Davidson","Career","Local (includes career, combination, and volunteer fire departments and fire districts)","https://www.lexingtonnc.gov/city-services/fire","4","52","0","0","2","0","Yes"
"07609","Liberty Fire Department","515 W Swannanoa AVE","","Liberty","NC","27298","515 W Swannanoa AVE","","","Liberty","NC","27298-3136","336-622-9050","336-622-6643","Randolph","Mostly volunteer","Local (includes career, combination, and volunteer fire departments and fire districts)","","1","1","21","0","0","0",""
"00404","Lilesville Fire Department","202 W Wall ST","","Lilesville","NC","28091","","","PO Box 451","Lilesville","NC","28091-0451","704-848-4194","704-848-4440","Anson","Mostly volunteer","Local (includes career, combination, and volunteer fire departments and fire districts)","","1","2","25","25","0","4","Yes"
"04311","Lillington Fire Department","823 S Main ST","","Lillington","NC","27546","","","PO Box 296","Lillington","NC","27546-0296","910-893-9342","910-814-1770","Harnett","Mostly volunteer","Local (includes career, combination, and volunteer fire departments and fire districts)","https://lillingtonnc.org/index.asp?SEC=6E30DBFF-86AB-4DD5-9ED6-248A663FEC4C&Type=B_BASIC","1","5","12","0","0","0","No"
"05506","Lincolnton Fire Department","116 W Sycamore ST","","Lincolnton","NC","28092","116 W Sycamore ST","","","Lincolnton","NC","28092","704-736-8920","704-736-8929","Lincoln","Mostly career","Local (includes career, combination, and volunteer fire departments and fire districts)","http://www.ci.lincolnton.nc.us/","2","24","0","18","1","0","No"
"00606","Linville Volunteer Fire Department","590 NC 105 HWY","PO Box 274","Linville","NC","28646","590 NC 105 HWY","","PO Box 274","Linville","NC","28646","828-733-2188","828-733-4096","Avery","Mostly volunteer","Local (includes career, combination, and volunteer fire departments and fire districts)","","1","2","25","0","0","0",""
"02909","Linwood Rural Fire Department","4297 Old Linwood RD","","Lexington","NC","27292","","","PO Box 4297 Old Linwood RD","Linwood","NC","27292-7753","336-956-2040","336-956-1343","Davidson","Mostly volunteer","Contract fire department","","1","3","21","0","0","0","Yes"
"09722","Little Brushy Mountain Volunteer Fire Department","2772 Mount Sinai RD","","Wilkesboro","NC","28697","2772 Mount Sinai RD","","","Wilkesboro","NC","28697-8289","336-984-2519","336-984-2519","Wilkes","Volunteer","Local (includes career, combination, and volunteer fire departments and fire districts)","","1","0","22","0","0","0","No"
"09615","Little River Volunteer Fire Department","622 Gurley Dairy RD","","Pikeville","NC","27863","622 Gurley Dairy RD","","PO Box ","Pikeville","NC","27863","919-735-2146","","Wayne","Volunteer","Local (includes career, combination, and volunteer fire departments and fire districts)","","1","0","30","0","0","0",""
"01408","Little River Volunteer Fire Department","4800 Oakhill School RD","","Lenoir","NC","28645-9233","4800 Oakhill School RD","","","Lenoir","NC","28645-9233","828-754-9505","828-754-8526","Caldwell","Mostly volunteer","Local (includes career, combination, and volunteer fire departments and fire districts)","","1","1","0","33","0","0","No"
"08811","Little River Volunteer Fire Department","Crab Creek RD","PO Box 241","Penrose","NC","28766","Crab Creek RD","","PO Box 241","Penrose","NC","28766","828-884-5533","828-884-8911","Transylvania","Volunteer","Local (includes career, combination, and volunteer fire departments and fire districts)","","1","0","36","0","0","3",""
"02511","Little Swift Creek Volunteer Fire Department","Aurora RD","PO Box 68","Ernul","NC","28527","","","PO Box 68","Ernul","NC","28527-0068","252-244-2144","252-244-2144","Craven","Volunteer","Local (includes career, combination, and volunteer fire departments and fire districts)","","4","0","54","0","0","0",""
"08061","Locke Township Fire Department","5405 Mooresville RD","","Salisbury","NC","28147","5405 Mooresville RD","","","Salisbury","NC","28147-7660","704-633-7285","704-633-7297","Rowan","Mostly volunteer","Local (includes career, combination, and volunteer fire departments and fire districts)","https://www.lockefire.com/","3","3","50","0","0","5","No"
"08409","Locust Volunteer Fire Department, Inc.","212 S Central AVE","","Locust","NC","28097","212 S Central AVE","","","Locust","NC","28097-7139","704-888-2033","","Stanly","Volunteer","Local (includes career, combination, and volunteer fire departments and fire districts)","","1","0","48","0","0","6",""
"09924","Lone Hickory Volunteer Fire Department","3200 Lone Hickory RD","","Yadkinville","NC","27055-6257","3200 Lone Hickory RD","","","Yadkinville","NC","27055-6257","336-463-5468","336-463-5435","Yadkin","Volunteer","Local (includes career, combination, and volunteer fire departments and fire districts)","","1","0","10","0","0","0",""
"09313","Long Bridge Volunteer Fire Department","1678 Eaton Ferry RD","","Littleton","NC","27850","1678 Eaton Ferry RD","","","Littleton","NC","27850","252-586-2480","252-586-2480","Warren","Volunteer","Local (includes career, combination, and volunteer fire departments and fire districts)","","1","0","22","0","0","0",""
"07104","Long Creek Grady Volunteer Fire Department, Inc.","227 Scott RD","","Rocky Point","NC","28457","227 Scott RD","","","Rocky Point","NC","28457","910-675-8460","910-675-2140","Pender","Volunteer","Local (includes career, combination, and volunteer fire departments and fire districts)","","1","0","40","0","0","0",""
"06012","Long Creek Volunteer Fire Department","6809 Beatties Ford RD","","Charlotte","NC","28216","","","PO Box 680728","Charlotte","NC","28216-0013","704-394-3166","","Mecklenburg","Volunteer","Local (includes career, combination, and volunteer fire departments and fire districts)","","1","0","1","25","0","0","No"
"01808","Long View Fire Department","2404 1ST AVE SW","","Hickory","NC","28602","2404 1ST AVE SW","","","Hickory","NC","28602-2009","828-322-1311","828-322-6982","Catawba","Mostly career","Local (includes career, combination, and volunteer fire departments and fire districts)","https://www.ci.longview.nc.us/fire-department","1","12","0","8","0","1","No"
"03507","Louisburg Fire Department","102 Wade AVE","","Louisburg","NC","27549","102 Wade AVE","","","Louisburg","NC","27549-2648","919-496-4290","919-496-6668","Franklin","Mostly volunteer","Local (includes career, combination, and volunteer fire departments and fire districts)","","1","6","35","0","0","1","No"
"01263","Lovelady Volunteer Fire & Rescue Department Inc","748 Malcolm BLVD","","Rutherford College","NC","28671","","","PO Box 126","Rutherford College","NC","28671-0126","828-879-9801","","Burke","Volunteer","Local (includes career, combination, and volunteer fire departments and fire districts)","","2","0","34","0","0","0","No"
"03615","Lowell Volunteer Fire Department","202 Groves ST","","Lowell","NC","28098","","","PO Box 327","Lowell","NC","28098","704-824-3357","704-824-4993","Gaston","Volunteer","Local (includes career, combination, and volunteer fire departments and fire districts)","","1","0","28","0","0","0",""
"02703","Lower Currituck Volunteer Fire Department, Inc.","6323 Caratoke HWY","","Grandy","NC","27939","","","PO Box 207","Grandy","NC","27939-0207","252-453-2761","252-453-4579","Currituck","Volunteer","Local (includes career, combination, and volunteer fire departments and fire districts)","","3","0","23","0","1","0","No"
"03616","Lucia Riverbend Volunteer Fire Department","14124 Lucia Riverbend HWY","","Mount Holly","NC","28120-9727","14124 Lucia Riverbend HWY","","","Mount Holly","NC","28120-9727","704-827-5206","704-827-0887","Gaston","Volunteer","Local (includes career, combination, and volunteer fire departments and fire districts)","","1","0","33","0","0","0",""
"07809","Lumber Bridge Volunteer Fire Department","303 W Main ST","","Lumber Bridge","NC","28357","","","PO Box 490","Lumber Bridge","NC","28357-0490","910-843-7512","910-843-7512","Robeson","Volunteer","Local (includes career, combination, and volunteer fire departments and fire districts)","","1","0","32","0","0","1","No"
"07810","Lumberton Fire Department","600 N Cedar ST","","Lumberton","NC","28358","","","PO Box 924","Lumberton","NC","28359-0924","910-671-3860","910-671-3921","Robeson","Mostly career","Local (includes career, combination, and volunteer fire departments and fire districts)","","3","53","2","0","1","0","No"
"03303","Macclesfield Rural Volunteer Fire Department","410 E Green ST","","Macclesfield","NC","27852","","","PO Box 449","Macclesfield","NC","27852-0449","252-827-5344","252-827-5344","Edgecombe","Volunteer","Local (includes career, combination, and volunteer fire departments and fire districts)","","1","0","25","0","0","0","No"
"09307","Macon Rural Fire Department","1644 US Highway 158 E","","Macon","NC","27551","","","PO Box 103","Macon","NC","27551-0103","252-257-4200","252-257-4200","Warren","Volunteer","Local (includes career, combination, and volunteer fire departments and fire districts)","","1","0","19","0","0","0","No"
"07903","Madison Fire Department","107 N Wilson ST","","Madison","NC","27025","120 N Market ST","","","Madison","NC","27025-1918","336-427-4495","336-427-4430","Rockingham","Volunteer","Local (includes career, combination, and volunteer fire departments and fire districts)","madisonfiredept.com","1","0","0","21","0","0","No"
"04408","Maggie Valley Fire & Rescue, Inc.","2925 Soco RD","","Maggie Valley","NC","28751","2925 Soco RD","","","Maggie Valley","NC","28751-9501","828-926-0948","828-926-6237","Haywood","Mostly volunteer","Local (includes career, combination, and volunteer fire departments and fire districts)","","1","6","31","0","1","8","No"
"03108","Magnolia Volunteer Fire Department, Inc.","110 Taylor ST","","Magnolia","NC","28453","","","PO Box 547","Magnolia","NC","28453-0547","910-284-5284","910-289-4722","Duplin","Volunteer","Local (includes career, combination, and volunteer fire departments and fire districts)","","1","0","34","0","0","2",""
"01809","Maiden Fire Department","110 W Main ST","","Maiden","NC","28650","19 N Main AVE","","","Maiden","NC","28650-1322","828-428-5028","828-428-1473","Catawba","Mostly volunteer","Local (includes career, combination, and volunteer fire departments and fire districts)","","2","7","0","28","0","0","No"
"02811","Mann's Harbor Fire Department","6677 US Highway 64","","Manns Harbor","NC","27953","","","PO Box 165","Manns Harbor","NC","27953-0165","252-423-3046","","Dare","Volunteer","Local (includes career, combination, and volunteer fire departments and fire districts)","","1","0","21","0","0","0","Yes"
"09616","Mar-Mac Volunteer Fire Department, Inc.","583 Old Grantham RD","","Goldsboro","NC","27530-8519","583 Old Grantham RD","","","Goldsboro","NC","27530-8519","919-222-5033","919-739-3863","Wayne","Volunteer","Local (includes career, combination, and volunteer fire departments and fire districts)","https://marmacfiredept.com/","1","0","32","0","0","0",""
"05605","Marion Fire Department","60 W Court ST","","Marion","NC","28752","","","PO Box 700","Marion","NC","28752-0700","828-652-5201","828-652-1680","McDowell","Mostly volunteer","Local (includes career, combination, and volunteer fire departments and fire districts)","https://www.marionnc.org/166/Fire-Department","1","12","15","0","0","0","No"
"05803","Mars Hill Fire Department","56 N Main ST","","Mars Hill","NC","28754","","","PO Box 368","Mars Hill","NC","28754-0368","828-689-2022","828-689-5701","Madison","Mostly volunteer","Local (includes career, combination, and volunteer fire departments and fire districts)","https://townofmarshill.org/fire.php","2","8","22","0","0","6","No"
"05802","Marshall Community Volunteer Fire Department Inc.","53 N Main ST","","Marshall","NC","28753","","","PO Box 849","Marshall","NC","28753-0849","828-649-2660","828-649-8099","Madison","Mostly volunteer","Local (includes career, combination, and volunteer fire departments and fire districts)","https://marshallncfire.com/","1","1","20","0","0","0","No"
"02002","Martin's Creek Volunteer Fire Department","2299 Martins Creek RD","","Murphy","NC","28906","2299 Martins Creek RD","","","Murphy","NC","28906-2123","828-837-2787","","Cherokee","Volunteer","Local (includes career, combination, and volunteer fire departments and fire districts)","","1","0","25","0","0","0","Yes"
"06014","Matthews Fire & Emergency Medical Services","236 S Trade ST","","Matthews","NC","28105","232 Matthews Station ST","","","Matthews","NC","28105-6713","704-847-9400","704-847-1229","Mecklenburg","Mostly volunteer","Local (includes career, combination, and volunteer fire departments and fire districts)","","1","6","30","0","0","0",""
"04007","Maury Volunteer Fire & Rescue Association, Inc.","3659 N Highway 903","","Maury","NC","28554","","","PO Box 217","Maury","NC","28554-0217","252-747-2170","252-747-2170","Greene","Volunteer","Local (includes career, combination, and volunteer fire departments and fire districts)","","1","0","30","0","0","0","No"
"07904","Mayodan Fire Department","100 N Ayersville RD","","Mayodan","NC","27027","210 W Main ST","","","Mayodan","NC","27027-2706","336-427-5977","","Rockingham","Volunteer","Local (includes career, combination, and volunteer fire departments and fire districts)","","1","0","0","22","0","0","No"
"05203","Maysville Fire and EMS inc.","404 Main ST","","Maysville","NC","28555","","","PO Box 304","Maysville","NC","28555-0304","910-743-2709","910-743-0400","Jones","Volunteer","Local (includes career, combination, and volunteer fire departments and fire districts)","https://maysvillefire.com/mvfd/","1","0","25","0","0","0","No"
"09707","McGrady Volunteer Fire Department","11461 Sparta RD","PO Box 87","McGrady","NC","28649-0087","11461 Sparta RD","","PO Box 87","McGrady","NC","28649-0087","336-670-3946","336-670-3946","Wilkes","Volunteer","Local (includes career, combination, and volunteer fire departments and fire districts)","","1","0","27","0","0","0",""
"04114","McLeansville Fire Department","5326 Frieden Church RD","","Mc Leansville","NC","27301","","","PO Box 166","Mc Leansville","NC","27301-0166","336-698-0241","336-697-9359","Guilford","Mostly volunteer","Local (includes career, combination, and volunteer fire departments and fire districts)","http://mclfd.org/wp/","3","17","30","0","0","0","No"
"09507","Meat Camp Volunteer Fire Department","4797 NC Highway 194 N","","Boone","NC","28607","4797 NC Highway 194 N","","","Boone","NC","28607-7297","828-264-3668","","Watauga","Volunteer","Local (includes career, combination, and volunteer fire departments and fire districts)","","1","0","39","0","0","0","No"
"","Merck - Fire Brigade","5325 Old Oxford RD","","Durham","NC","27712","5325 Old Oxford RD","","","Durham","NC","27712-8730","919-884-4140","","Durham","Mostly volunteer","Private or industrial fire brigade","","1","12","20","0","0","0","No"
"00806","Merry Hill-Midway Volunteer Fire Department, Inc.","109 NC Highway 45 N","","Merry Hill","NC","27957","109 NC Highway 45 N","","","Merry Hill","NC","27957-9589","252-482-3656","","Bertie","Volunteer","Contract fire department","","1","0","27","0","0","0","No"
"05116","Micro Volunteer Fire Department","102 W Main ST","","Micro","NC","27555-0300","","","PO Box 300","Micro","NC","27555-0300","919-284-2219","919-284-6961","Johnston","Volunteer","Local (includes career, combination, and volunteer fire departments and fire districts)","https://www.microfd.org/","1","0","29","0","0","0",""
"09403","Mid-County Volunteer Fire Department, Inc.","18135 NC HWY 32 N","","Roper","NC","27970-8949","18135 NC HWY 32 N","","","Roper","NC","27970","252-793-2999","252-793-5497","Washington","Volunteer","Local (includes career, combination, and volunteer fire departments and fire districts)","","1","0","27","0","0","0",""
"06406","Middlesex Volunteer Fire Department","11636 W Finch AVE","","Middlesex","NC","27557","","","PO Box 333","Middlesex","NC","27557-0333","252-235-3209","","Nash","Volunteer","Local (includes career, combination, and volunteer fire departments and fire districts)","","1","0","29","0","0","1","Yes"
"01312","Midland Fire Department","12807 Highway 601","","Midland","NC","28107","12807 Highway 601","","","Midland","NC","28107","704-984-3276","","Cabarrus","Mostly volunteer","Local (includes career, combination, and volunteer fire departments and fire districts)","","2","8","5","54","0","1","No"
"02910","Midway Fire & Rescue Department, Inc.","228 Midway School RD","","Lexington","NC","27295","228 Midway School RD","","","Lexington","NC","27295-5608","336-764-0920","336-764-5386","Davidson","Mostly volunteer","Local (includes career, combination, and volunteer fire departments and fire districts)","https://www.midwayfiredept.com/","1","11","24","14","0","3","Yes"
"01631","Mill Creek Fire Department","2370 Mill Creek RD","","Newport","NC","28570","","","PO Box 1296","Newport","NC","28570-1296","252-247-4777","252-247-4473","Carteret","Mostly volunteer","Local (includes career, combination, and volunteer fire departments and fire districts)","","1","4","24","0","0","24","Yes"
"07503","Mill Spring Volunteer Fire Department, Inc.","145 Old Rutherfordton RD","","Mill Spring","NC","28756","","","PO Box 187","Mill Spring","NC","28756-0187","828-894-2454","","Polk","Volunteer","Local (includes career, combination, and volunteer fire departments and fire districts)","","2","0","35","0","0","6","No"
"04605","Millennium Fire Department, Inc.","246 Millennium RD","","Aulander","NC","27805","246 Millennium RD","","","Aulander","NC","27805-9491","252-287-7992","","Hertford","Volunteer","Local (includes career, combination, and volunteer fire departments and fire districts)","","1","0","24","0","0","3","Yes"
"08064","Miller's Ferry Volunteer Fire Department Station 64","2650 Longs Ferry RD","","Salisbury","NC","28146","2650 Longs Ferry RD","","","Salisbury","NC","28146-8446","704-637-1286","","Rowan","Volunteer","Local (includes career, combination, and volunteer fire departments and fire districts)","","1","0","30","0","0","6",""
"09708","Millers Creek Fire Department","5200 Boone TRL","","Millers Creek","NC","28651","","","PO Box 829","Millers Creek","NC","28651-0829","336-838-3213","336-838-0008","Wilkes","Volunteer","Local (includes career, combination, and volunteer fire departments and fire districts)","","2","0","37","0","1","0","Yes"
"04509","Mills River Fire and Rescue","121 School House RD","","Mills River","NC","28759","121 School House RD","","","Mills River","NC","28759-9742","828-891-7959","828-891-1490","Henderson","Mostly volunteer","Local (includes career, combination, and volunteer fire departments and fire districts)","https://www.mrfd.org/","4","5","58","0","0","3","Yes"
"01702","Milton Volunteer Fire Department, Inc.","160 Broad ST","","Milton","NC","27305-0025","","","PO Box 99","Milton","NC","27305-0099","336-234-8980","336-234-8980","Caswell","Volunteer","Local (includes career, combination, and volunteer fire departments and fire districts)","","2","0","25","0","0","0",""
"03410","Mineral Springs Volunteer Fire & Rescue, Inc.","1338 Old Hollow RD","","Winston Salem","NC","27105","1338 Old Hollow RD","","","Winston Salem","NC","27105","336-767-0411","336-767-0418","Forsyth","Volunteer","Local (includes career, combination, and volunteer fire departments and fire districts)","","1","0","30","5","0","3",""
"09009","Mineral Springs Volunteer Fire Department","5804 Waxhaw HWY","","Monroe","NC","28112","5804 Waxhaw HWY","","","Monroe","NC","28112-6784","704-400-0116","704-843-4319","Union","Mostly volunteer","Local (includes career, combination, and volunteer fire departments and fire districts)","","2","6","6","31","0","10","No"
"06015","Mint Hill Fire & Rescue","8313 Fairview RD","","Mint Hill","NC","28227","","","PO Box 23065","Mint Hill","NC","28227-0272","704-545-4866","704-545-0384","Mecklenburg","Mostly career","Local (includes career, combination, and volunteer fire departments and fire districts)","https://www.minthillvfd.com/","1","23","20","0","0","35","Yes"
"03022","Mocksville Fire Department","335 Sanford AVE","","Mocksville","NC","27028","171 S Clement ST","","","Mocksville","NC","27028-2335","336-751-5782","336-751-9271","Davie","Mostly volunteer","Local (includes career, combination, and volunteer fire departments and fire districts)","","1","6","5","16","0","3","No"
"06417","Momeyer Volunteer Fire and Rescue, Inc.","4872 Momeyer WAY","","Nashville","NC","27856-9091","4872 Momeyer WAY","","","Nashville","NC","27856-9091","252-459-3466","252-459-5776","Nash","Volunteer","Local (includes career, combination, and volunteer fire departments and fire districts)","","1","0","31","0","0","0","No"
"01904","Moncure Volunteer Fire Department, Inc.","2389 Old US 1 HWY","","Moncure","NC","27559","","","PO Box 289","Moncure","NC","27559-0289","919-542-4191","919-545-2839","Chatham","Mostly volunteer","Local (includes career, combination, and volunteer fire departments and fire districts)","","2","1","0","28","0","0",""
"09010","Monroe Fire Department","117 N Church  ST","PO Box 69","Monroe","NC","28112","","","PO Box 69","Monroe","NC","28111-0069","704-282-4726","704-282-4777","Union","Career","Local (includes career, combination, and volunteer fire departments and fire districts)","https://www.monroenc.org/","5","90","0","0","1","0","Yes"
"04916","Monticello Volunteer Fire Department","160 Travis LOOP","","Statesville","NC","28625-2347","160 Travis LOOP","","","Statesville","NC","28625-2347","704-873-4449","","Iredell","Volunteer","Contract fire department","","1","0","35","0","0","0","No"
"04905","Mooresville Fire Department","457 N Main ST","","Mooresville","NC","28115","878","","","Mooresville","NC","28115-0878","704-664-1338","","Iredell","Career","Local (includes career, combination, and volunteer fire departments and fire districts)","mooresvillefire.com","6","104","0","0","2","0","Yes"
"01624","Morehead City Fire-EMS","4034 Arendell ST","","Morehead City","NC","28557","4034 Arendell ST","","","Morehead City","NC","28557-2925","252-726-5040","252-240-0480","Carteret","Mostly career","Local (includes career, combination, and volunteer fire departments and fire districts)","https://www.moreheadcitync.org/265/Fire-EMS","3","50","0","15","1","1","No"
"01270","Morganton Public Safety","304 S College ST","","Morganton","NC","28655","304 S College ST","","","Morganton","NC","28655-3846","828-437-1211","828-432-2514","Burke","Career","Local (includes career, combination, and volunteer fire departments and fire districts)","","3","90","0","0","0","0","No"
"07304","Moriah Volunteer Fire & Rescue","6005 Mount Harmony Church RD","","Rougemont","NC","27572","6005 Mount Harmony Church RD","","","Rougemont","NC","27572","336-364-7620","336-364-7620","Person","Volunteer","Local (includes career, combination, and volunteer fire departments and fire districts)","","2","0","33","0","0","0",""
"09212","Morrisville Fire & Rescue Department","100 Morrisville Carpenter RD","","Morrisville","NC","27560","100 Morrisville Carpenter RD","","","Morrisville","NC","27560-9576","919-463-6120","919-380-6720","Wake","Mostly career","Local (includes career, combination, and volunteer fire departments and fire districts)","https://www.ci.morrisville.nc.us","3","42","10","0","1","1",""
"08610","Mount Airy Fire Department","439 Rockford ST","","Mount Airy","NC","27030","439 Rockford ST","","","Mount Airy","NC","27030-4675","336-786-3570","336-719-7572","Surry","Mostly volunteer","Local (includes career, combination, and volunteer fire departments and fire districts)","","2","19","3","17","1","0","No"
"06202","Mount Gilead Fire Department","106 E Allenton ST","","Mount Gilead","NC","27306","","","PO Box 875","Mount Gilead","NC","27306-0875","910-439-6322","910-439-6322","Montgomery","Volunteer","Local (includes career, combination, and volunteer fire departments and fire districts)","","1","0","29","0","0","0",""
"03619","Mount Holly Fire Department","433 Killian AVE","","Mount Holly","NC","28120","","","PO Box 406","Mount Holly","NC","28120-0406","704-822-2927","704-822-1234","Gaston","Mostly career","Local (includes career, combination, and volunteer fire departments and fire districts)","https://www.mtholly.us/","3","28","3","0","0","0","No"
"04115","Mount Hope Community Fire Department","6651 Holts Store RD","","Julian","NC","27283","6651 Holts Store RD","","","Julian","NC","27283-9152","336-697-0532","336-697-8929","Guilford","Mostly volunteer","Local (includes career, combination, and volunteer fire departments and fire districts)","http://www.mhfd38.com/","1","13","40","0","0","15","No"
"04906","Mount Mourne Volunteer Fire Department","1577 Mecklenburg Highway","","Mooresville","NC","28115","","","PO Box 32","Mount Mourne","NC","28123-0032","704-892-1530","704-896-8572","Iredell","Volunteer","Contract fire department","https://mmvfd.com/","1","0","12","45","0","0","Yes"
"09617","Mount Olive Fire Department","401 N Center ST","","Mount Olive","NC","28365","","","PO Box 939","Mount Olive","NC","28365-0939","919-658-3243","919-658-9996","Wayne","Mostly volunteer","Local (includes career, combination, and volunteer fire departments and fire districts)","","1","5","26","0","0","0","No"
"07706","Mountain Creek Volunteer Fire Department","248 Godfrey RD","","Ellerbe","NC","28338-8371","248 Godfrey RD","","","Ellerbe","NC","28338-8371","910-652-2503","910-997-8345","Richmond","Volunteer","Local (includes career, combination, and volunteer fire departments and fire districts)","","1","0","26","0","0","0",""
"04510","Mountain Home Fire & Rescue","3710 Asheville HWY","","Hendersonville","NC","28791","3710 Asheville HWY","","","Hendersonville","NC","28791-9080","828-692-8014","828-692-3797","Henderson","Mostly volunteer","Local (includes career, combination, and volunteer fire departments and fire districts)","https://www.mtnhomefire.com/","3","17","11","6","1","0","Yes"
"08669","Mountain Park Volunteer Fire Department, Inc.","1137 Zephyer Mountain Park RD","","State Road","NC","28676-8874","1137 Zephyer Mountain Park RD","","","State Road","NC","28676-8874","336-874-2241","336-874-2241","Surry","Volunteer","Local (includes career, combination, and volunteer fire departments and fire districts)","","1","0","32","0","0","0",""
"05711","Mountain Valley Fire Department","188 Echo Valley RD","","Franklin","NC","28734","188 Echo Valley RD","","","Franklin","NC","28734","828-349-3300","828-349-3300","Macon","Volunteer","Other","","1","0","23","0","0","0",""
"09710","Mountain View Fire Department","5416 Mountain View RD","PO Box 463","Hays","NC","28635","","","PO Box 463","Hays","NC","28635","336-696-4561","336-696-6823","Wilkes","Volunteer","Local (includes career, combination, and volunteer fire departments and fire districts)","","1","0","30","0","0","4",""
"01811","Mountain View Volunteer Fire Department","3571 S NC 127 HWY","","Hickory","NC","28602","3571 S NC 127 HWY","","","Hickory","NC","28602-8217","828-330-0600","","Catawba","Mostly volunteer","Local (includes career, combination, and volunteer fire departments and fire districts)","","3","2","23","0","0","0","No"
"02701","Moyock Fire Department","108 Fire Station CT","","Moyock","NC","27958","108 Fire Station CT","","","Moyock","NC","27958-8504","252-435-2281","252-435-6450","Currituck","Volunteer","Local (includes career, combination, and volunteer fire departments and fire districts)","","1","0","46","0","0","1",""
"09711","Mulberry-Fairplains Fire Rescue","2055 Sparta RD","","North Wilkesboro","NC","28659","","","PO Box 56","North Wilkesboro","NC","28659-0056","336-670-3401","336-670-2131","Wilkes","Volunteer","Other","","1","0","30","0","0","0",""
"04606","Murfreesboro Volunteer Fire Department","200 Sycamore ST","","Murfreesboro","NC","27855","","","PO Box 6","Murfreesboro","NC","27855-0006","252-398-4550","","Hertford","Volunteer","Local (includes career, combination, and volunteer fire departments and fire districts)","","1","0","0","25","0","0","Yes"
"02003","Murphy Volunteer Fire Department","# 1 Firehouse LN","PO Box 130","Murphy","NC","28906","","","PO Box 130","Murphy","NC","28906-0130","828-837-2212","828-837-2213","Cherokee","Volunteer","Local (includes career, combination, and volunteer fire departments and fire districts)","https://www.murphyfire.org/cms/","2","0","24","0","0","0","No"
"02806","Nags Head Fire Rescue","5314 S Croatan Hwy","","Nags Head","NC","27959","","","PO Box 99","Nags Head","NC","27959-0099","252-441-5909","252-441-8026","Dare","Mostly career","Local (includes career, combination, and volunteer fire departments and fire districts)","https://nagsheadnc.gov/156/Fire-Ocean-Rescue","2","25","4","0","1","1","Yes"
"09619","Nahunta Fire Department","383 Pike Cemetery RD","","Pikeville","NC","27863","","","PO Box 5","Pikeville","NC","27863-0005","919-242-6411","919-242-6910","Wayne","Volunteer","Local (includes career, combination, and volunteer fire departments and fire districts)","","1","0","30","0","0","0",""
"02410","Nakina Fire and Rescue","214 Ramsey Ford RD","","Nakina","NC","28455","","","PO Box 136","Nakina","NC","28455-0136","910-642-2410","910-642-3747","Columbus","Volunteer","Local (includes career, combination, and volunteer fire departments and fire districts)","","1","0","39","0","0","0",""
"05710","Nantahala Volunteer Fire Department","19036 Wayah RD","","Topton","NC","28781","19036 Wayah RD","","","Topton","NC","28781","828-321-4749","828-321-4749","Cherokee","Volunteer","Local (includes career, combination, and volunteer fire departments and fire districts)","","1","0","34","0","0","5",""
"06407","Nashville Fire Department","501 S Barnes ST","","Nashville","NC","27856","","","PO Box 987","Nashville","NC","27856-0987","252-459-3017","252-459-4279","Nash","Mostly volunteer","Local (includes career, combination, and volunteer fire departments and fire districts)","http://www.townofnashville.com/government/fire-department","1","13","18","0","0","0","Yes"
"01022","Navassa Volunteer Fire Department","336 Main ST","","Leland","NC","28451-7630","336 Main ST","","","Navassa","NC","28451-7630","910-371-9988","910-371-0110","Brunswick","Volunteer","Local (includes career, combination, and volunteer fire departments and fire districts)","https://www.navassafire.com","1","0","18","0","0","4",""
"05606","Nebo Volunteer Fire Department, Inc.","4450 Old HWY 10 N","PO Box 425","Nebo","NC","28761","4450 Old HWY 10 N","","PO Box 425","Nebo","NC","28761","828-652-2209","828-652-6999","McDowell","Volunteer","Local (includes career, combination, and volunteer fire departments and fire districts)","","1","0","33","0","0","0",""
"02512","New Bern Fire-Rescue Department","1401 Neuse BLVD","","New Bern","NC","28560","","","PO Box 1129","New Bern","NC","28563-1129","252-639-2932","252-636-1084","Craven","Mostly career","Local (includes career, combination, and volunteer fire departments and fire districts)","https://www.newbern-nc.org/Fire/index.php","3","66","15","0","2","0","No"
"06513","New Hanover County Fire Rescue","230 Government Center DR","STE 130","Wilmington","NC","28403","230 Government Center DR","STE 130","","Wilmington","NC","28403-1671","910-798-7420","910-798-7052","New Hanover","Mostly career","Local (includes career, combination, and volunteer fire departments and fire districts)","https://www.nhcgov.com/960/Fire-Rescue","8","131","54","0","5","13","No"
"03620","New Hope Fire Department, Inc.","4804 S New Hope RD","","Belmont","NC","28012","","","PO Box 835","Belmont","NC","28012-0835","704-825-7019","","Gaston","Volunteer","Local (includes career, combination, and volunteer fire departments and fire districts)","www.newhopevfd.com","1","0","2","30","0","0","No"
"07607","New Hope Volunteer Fire Department","6397 Volunteer Rescue RD","","Denton","NC","27239","6397 Volunteer Rescue RD","","","Denton","NC","27239","336-857-2686","","Randolph","Volunteer","Local (includes career, combination, and volunteer fire departments and fire districts)","","1","0","8","0","0","16",""
"09613","New Hope Volunteer Fire Department","583 Mark Edwards RD","","La Grange","NC","28551","583 Mark Edwards RD","","","La Grange","NC","28551","919-778-4006","919-778-7890","Wayne","Volunteer","Local (includes career, combination, and volunteer fire departments and fire districts)","","1","0","24","4","0","0",""
"06806","New Hope Volunteer Fire Department of Orange County, Inc.","4012 Whitfield RD","","Chapel Hill","NC","27514","","","PO Box 16484","Chapel Hill","NC","27516-6484","919-493-1001","919-419-0241","Orange","Mostly volunteer","Local (includes career, combination, and volunteer fire departments and fire districts)","https://www.newhopefire.com/","2","3","12","28","0","0",""
"08411","New London Volunteer Fire Department","310 S Main ST","","New London","NC","28127","","","PO Box 236","New London","NC","28127-0236","704-463-7812","704-463-7812","Stanly","Volunteer","Local (includes career, combination, and volunteer fire departments and fire districts)","","1","0","38","0","0","4","No"
"00510","New River Volunteer Fire & Rescue Department","6067 NC Highway 16 N","","Crumpler","NC","28617","6067 NC Highway 16 N","","","Crumpler","NC","28617-9568","336-982-4700","","Ashe","Volunteer","Local (includes career, combination, and volunteer fire departments and fire districts)","","2","0","30","0","0","0","No"
"09011","New Salem Volunteer Fire Department","6711 Highway 218 E","","Marshville","NC","28103","6711 Highway 218 E","","","Marshville","NC","28103-8622","704-385-9619","704-385-9619","Union","Volunteer","Local (includes career, combination, and volunteer fire departments and fire districts)","https://www.newsalemvfd.com/","4","0","0","50","0","0","Yes"
"00604","Newland Volunteer Fire Department","342 Estatoa AVE","","Newland","NC","28657","342 Estatoa AVE","","","Newland","NC","28657-7823","828-733-4011","828-733-8678","Avery","Volunteer","Local (includes career, combination, and volunteer fire departments and fire districts)","","1","0","30","0","0","0",""
"01643","Newport Fire Department","125 Howard BLVD","","Newport","NC","28570","","","PO Box 1869","Newport","NC","28570-1869","252-223-4510","252-223-4250","Carteret","Mostly volunteer","Local (includes career, combination, and volunteer fire departments and fire districts)","https://www.newportnc.gov/fire","2","15","0","20","0","0","Yes"
"08207","Newton Grove Volunteer Fire Department Inc.","212 Weeksdale ST","PO Box 172","Newton Grove","NC","28366","212 Weeksdale ST","","PO Box 172","Newton Grove","NC","28366","910-594-0211","910-594-0211","Sampson","Volunteer","Local (includes career, combination, and volunteer fire departments and fire districts)","","1","0","35","0","0","0",""
"06709","Nine Mile Volunteer Fire Rescue Inc.","1131 Nine Mile RD","","Richlands","NC","28574-5290","1131 Nine Mile RD","","","Richlands","NC","28574-5290","910-455-5683","910-455-8395","Onslow","Volunteer","Local (includes career, combination, and volunteer fire departments and fire districts)","","1","0","28","0","0","0","Yes"
"02507","No 7 Township Fire & Rescue Department","1705 Old Cherry Point RD","","New Bern","NC","28564","1705 Old Cherry Point RD","","","New Bern","NC","28560-6647","252-637-2779","252-636-3934","Craven","Volunteer","Local (includes career, combination, and volunteer fire departments and fire districts)","","3","0","57","0","0","0","No"
"09308","Norlina Volunteer Fire Department Inc","102 Center ST","","Norlina","NC","27563","","","PO Box 606","Norlina","NC","27563-0606","252-456-3650","252-456-3605","Warren","Volunteer","Local (includes career, combination, and volunteer fire departments and fire districts)","norlinafire.com","1","0","30","0","0","4","No"
"05508","North 321 Volunteer Fire Department, Inc.","3769 Maiden HWY","","Lincolnton","NC","28092","3769 Maiden HWY","","","Lincolnton","NC","28092-7264","704-735-5797","704-732-4529","Lincoln","Volunteer","Local (includes career, combination, and volunteer fire departments and fire districts)","","2","0","47","0","0","0","Yes"
"05507","North Brook Volunteer Fire Department, Inc.","7050 Doyle Beam Memorial RD","","Vale","NC","28168","7050 Doyle Beam Memorial RD","","","Vale","NC","28168-6400","704-276-2774","704-276-0266","Lincoln","Volunteer","Contract fire department","","1","0","28","0","0","1",""
"04409","North Canton United Fire Department","1685 N Canton RD","","Canton","NC","28716-3180","1685 N Canton RD","","","Canton","NC","28716-3180","828-235-9048","828-648-8989","Haywood","Volunteer","Local (includes career, combination, and volunteer fire departments and fire districts)","","1","0","0","22","0","13","Yes"
"01409","North Catawba Fire Rescue Department","2064 Connelly Springs RD","","Lenoir","NC","28645-7830","2064 Connelly Springs RD","","","Lenoir","NC","28645-7830","828-728-9041","828-728-6133","Caldwell","Mostly volunteer","Local (includes career, combination, and volunteer fire departments and fire districts)","","1","14","32","0","0","0","Yes"
"00115","North Central Alamance Volunteer Fire Department","595 Altamahaw Union Ridge RD","","Burlington","NC","27217","595 Altamahaw Union Ridge RD","","","Burlington","NC","27217-9506","336-421-9576","336-421-9575","Alamance","Mostly volunteer","Local (includes career, combination, and volunteer fire departments and fire districts)","","1","1","26","0","0","0","Yes"
"01905","North Chatham Volunteer Fire Department","45 Morris RD","","Pittsboro","NC","27312","45 Morris RD","","","Pittsboro","NC","27312","919-542-3380","919-542-6613","Chatham","Mostly volunteer","Local (includes career, combination, and volunteer fire departments and fire districts)","","4","15","40","0","0","0",""
"03109","North East Volunteer Fire Department","4486 S NC 41 HWY","","Wallace","NC","28466","4486 S NC 41 HWY","","","Wallace","NC","28466-6070","910-285-6086","910-285-8705","Duplin","Volunteer","Local (includes career, combination, and volunteer fire departments and fire districts)","","2","0","31","0","0","0","No"
"00110","North Eastern Alamance Volunteer Fire Department","3847 N NC Highway 49","","Burlington","NC","27217","3847 N NC Highway 49","","","Burlington","NC","27217-7879","336-578-3136","336-578-6967","Alamance","Mostly volunteer","Local (includes career, combination, and volunteer fire departments and fire districts)","","1","1","45","0","0","0",""
"05433","North Lenoir Fire Protection Association, Inc.","2147 Fred Everett RD","","Kinston","NC","28504","","","PO Box 5042","Kinston","NC","28503","252-523-1270","","Lenoir","Volunteer","Local (includes career, combination, and volunteer fire departments and fire districts)","https://www.nlvfd.com/","3","0","62","0","0","0",""
"02927","North Lexington Triangle Fire Department, Inc.","2976 Greensboro Street EXT","","Lexington","NC","27295","2976 Greensboro Street EXT","","","Lexington","NC","27295-4805","336-248-4500","336-238-5001","Davidson","Volunteer","Local (includes career, combination, and volunteer fire departments and fire districts)","https://trianglefd.org/","1","0","0","25","0","5","No"
"06054","North Mecklenburg Volunteer Rescue Squad","15503 Old Statesville RD","","Huntersville","NC","28078","","","PO Box 622","Huntersville","NC","28070","704-875-1457","704-875-0208","Mecklenburg","Volunteer","Local (includes career, combination, and volunteer fire departments and fire districts)","https://www.northmeckrescue.org","1","0","24","14","0","0",""
"08304","North Scotland Volunteer Fire Department","24381 Marlboro ST","","Wagram","NC","28396","","","PO Box 556","Wagram","NC","28396-0556","910-369-2809","910-369-2809","Scotland","Volunteer","Local (includes career, combination, and volunteer fire departments and fire districts)","","1","0","28","0","0","0",""
"05119","North Side Fire & Rescue","6483 Covered Bridge RD","","Archer Lodge","NC","27527","6483 Covered Bridge RD","","","Archer Lodge","NC","27527-6351","919-550-4136","","Johnston","Mostly volunteer","Contract fire department","https://www.northsidefd.org/","2","24","0","30","0","0","No"
"07921","North Stoneyview Volunteer Fire Department","115 Deshazo Mill RD","","Stoneville","NC","27048-7877","115 Deshazo Mill RD","","","Stoneville","NC","27048-7877","336-573-9095","336-573-8964","Rockingham","Volunteer","Local (includes career, combination, and volunteer fire departments and fire districts)","https://WWW.NETPATH-RC.NET/~NSVFD","1","0","19","0","0","0",""
"06724","North Topsail Beach Fire Department","2049 New River Inlet RD","","N Topsail Beach","NC","28460","2008 Loggerhead CT","","","N Topsail Beach","NC","28460-9286","910-328-2200","","Onslow","Career","Local (includes career, combination, and volunteer fire departments and fire districts)","https://www.northtopsailbeachnc.gov/fire","2","17","0","0","0","0","Yes"
"08813","North Transylvania Volunteer Fire Department","5299 Asheville HWY","","Pisgah Forest","NC","28768","5299 Asheville HWY","","","Pisgah Forest","NC","28768-8823","828-883-4389","","Transylvania","Volunteer","Local (includes career, combination, and volunteer fire departments and fire districts)","","1","0","27","0","0","0",""
"02417","North Whiteville Volunteer Fire Department","747 Peacock RD","","Whiteville","NC","28472","3560 Union Valley RD","","","Whiteville","NC","28472-5471","910-778-1651","","Columbus","Volunteer","Local (includes career, combination, and volunteer fire departments and fire districts)","","1","0","32","0","0","0","No"
"09712","North Wilkesboro Fire Department","709 9TH ST","","North Wilkesboro","NC","28659","709 9TH ST","","","North Wilkesboro","NC","28659-4033","336-838-2552","336-838-1299","Wilkes","Mostly volunteer","Local (includes career, combination, and volunteer fire departments and fire districts)","","1","3","25","9","0","0",""
"01313","Northeast Cabarrus Volunteer Fire Department, Inc.","1580 N Lentz Harness Shop RD","","Mount Pleasant","NC","28124","1580 N Lentz Harness Shop RD","","","Mount Pleasant","NC","28124-8655","704-436-9513","704-436-9513","Cabarrus","Volunteer","Local (includes career, combination, and volunteer fire departments and fire districts)","","1","0","29","0","0","0",""
"04116","Northeast Guilford Volunteer Fire Department, Inc.","7806 Jackson School RD","","Browns Summit","NC","27214","7806 Jackson School RD","","","Browns Summit","NC","27214-9720","336-656-7292","336-656-5326","Guilford","Mostly volunteer","Local (includes career, combination, and volunteer fire departments and fire districts)","","3","23","25","0","0","8","No"
"08505","Northeast Stokes Volunteer Fire Department & Rescue Squad","5086 NC HWY 704 E","","Sandy Ridge","NC","27046","","","PO Box 52","Sandy Ridge","NC","27046-0052","336-871-2334","336-871-3728","Stokes","Volunteer","Local (includes career, combination, and volunteer fire departments and fire districts)","","1","0","28","0","0","2","Yes"
"09202","Northern Wake Fire Department","11713 Six Forks RD","","Raleigh","NC","27614","11713 Six Forks RD","","","Raleigh","NC","27614-8151","919-847-3858","919-847-3892","Wake","Mostly volunteer","Local (includes career, combination, and volunteer fire departments and fire districts)","https://www.northernwakefire.org","5","37","0","51","1","32","No"
"07710","Northside Volunteer Fire Department, Inc.","533 Northside DR","","Rockingham","NC","28379-8039","533 Northside DR","","","Rockingham","NC","28379-8039","910-997-7373","910-997-7375","Richmond","Volunteer","Local (includes career, combination, and volunteer fire departments and fire districts)","","2","0","53","0","0","6","No"
"05303","Northview Fire Department","104 Perkinson RD","","Sanford","NC","27330","104 Perkinson RD","","","Sanford","NC","27330","919-774-6221","919-774-1431","Lee","Mostly volunteer","Local (includes career, combination, and volunteer fire departments and fire districts)","","1","2","38","0","0","0",""
"07812","Northwood's Fire & Rescue Department, Inc.","344 Sherwood RD","","Lumberton","NC","28358","","","PO Box 104","Lumberton","NC","28359-0104","910-738-7194","910-738-1243","Robeson","Mostly volunteer","Local (includes career, combination, and volunteer fire departments and fire districts)","","2","1","23","0","0","0","No"
"02509","Number Nine Township Fire Company","3783 HWY 55 West","","New Bern","NC","28562","3783 HWY 55 W","","","New Bern","NC","28562","252-636-0055","252-636-0055","Craven","Volunteer","Local (includes career, combination, and volunteer fire departments and fire districts)","","2","0","55","0","0","0",""
"02307","Number Seven Volunteer Fire Department","PO Box 217","","Lattimore","NC","28089-0217","","","PO Box 217","Lattimore","NC","28089-0217","704-434-7279","704-434-8949","Cleveland","Volunteer","Local (includes career, combination, and volunteer fire departments and fire districts)","","1","0","34","0","0","0","No"
"02303","Number Three Volunteer Fire Department","2326 Blackburg RD","","Grover","NC","28073","2326 Blackburg RD","","","Grover","NC","28073-9642","704-482-5911","704-482-5914","Cleveland","Volunteer","Local (includes career, combination, and volunteer fire departments and fire districts)","","1","0","34","0","0","0","No"
"02312","Oak Grove Volunteer Fire Department, Inc.","838 Oak Grove RD","","Kings Mountain","NC","28086","","","PO Box 891","Kings Mountain","NC","28086-0891","704-739-5734","704-739-0939","Cleveland","Volunteer","Local (includes career, combination, and volunteer fire departments and fire districts)","https://www.ogvfd.com/","1","0","46","0","0","0","No"
"01262","Oak Hill Fire & Rescue","2400 NC 181","","Morganton","NC","28655-6715","2400 NC 181","","","Morganton","NC","28655-6715","828-433-6100","","Burke","Mostly volunteer","Local (includes career, combination, and volunteer fire departments and fire districts)","https://oakhillonline.org/","2","1","0","38","0","26","No"
"01006","Oak Island Fire Department","8510 E Oak Island DR","","Oak Island","NC","28465","8510 E Oak Island DR","","","Oak Island","NC","28465-8051","910-278-1000","910-278-1015","Brunswick","Mostly volunteer","Local (includes career, combination, and volunteer fire departments and fire districts)","","1","5","21","0","0","0",""
"01060","Oak Island Water Rescue Inc.","5008 E Oak Island DR","Unit 2, PMB 141","Oak Island","NC","28465","5008 E Oak Island Dr","Unit 2, PMB 141","","Oak Island","NC","28465","910-278-4482","","Brunswick","Volunteer","Other","http://www.oiwr.org/","1","0","24","0","0","6","No"
"04117","Oak Ridge Fire & Rescue Company","8325 Linville RD","","Oak Ridge","NC","27310","8325 Linville RD","","","Oak Ridge","NC","27310","336-643-3783","336-643-6366","Guilford","Mostly volunteer","Local (includes career, combination, and volunteer fire departments and fire districts)","https://www.oakridgencfire.com/","2","6","28","28","1","0",""
"03110","Oak Wolfe Volunteer Fire Department","2418 Summerlins Crossroads RD","","Mount Olive","NC","28365","2418 Summerlins Crossroads RD","","","Mount Olive","NC","28365","919-658-0494","919-658-0494","Duplin","Volunteer","Local (includes career, combination, and volunteer fire departments and fire districts)","","1","0","36","0","0","0",""
"08405","Oakboro Rural Volunteer Fire Department","320 N College ST","","Oakboro","NC","28129","","","PO Box 550","Oakboro","NC","28129-0550","704-485-3731","704-485-2091","Stanly","Volunteer","Local (includes career, combination, and volunteer fire departments and fire districts)","","1","0","44","0","0","0","Yes"
"01314","Odell Volunteer Fire and Rescue, Inc.","9051 Davidson HWY","","Concord","NC","28027","9051 Davidson HWY","","","Concord","NC","28027-8884","704-788-3004","704-788-3016","Cabarrus","Volunteer","Local (includes career, combination, and volunteer fire departments and fire districts)","","2","0","51","0","0","1","No"
"02420","Old Dock / Cypress Creek Volunteer Fire Department","10635 New Britton HWY E","","Whiteville","NC","28472","10635 New Britton HWY E","","","Whiteville","NC","28472-7818","910-640-2203","910-641-0033","Columbus","Volunteer","Local (includes career, combination, and volunteer fire departments and fire districts)","","1","0","33","0","0","0","Yes"
"00711","Old Ford Volunteer Fire Department","6050 US Highway 17 N","","Washington","NC","27889","6050 US Highway 17 N","","","Washington","NC","27889-5511","252-975-3128","","Beaufort","Volunteer","Local (includes career, combination, and volunteer fire departments and fire districts)","","1","0","28","0","0","0","No"
"03412","Old Richmond Volunteer Fire Department and Rescue Squad, Inc.","7895 Reynolda RD","","Pfafftown","NC","27040","","","PO Box 247","Tobaccoville","NC","27050-0247","336-924-6867","336-923-2255","Forsyth","Mostly volunteer","Local (includes career, combination, and volunteer fire departments and fire districts)","https://www.oldrichmondfd.com/","1","10","30","0","0","2","No"
"06903","Olympia Volunteer Fire Department","394 Olympia RD","","New Bern","NC","28560-5126","394 Olympia RD","","","New Bern","NC","28560-5126","252-637-1545","252-637-5253","Pamlico","Volunteer","Local (includes career, combination, and volunteer fire departments and fire districts)","","1","0","20","0","0","5",""
"06807","Orange Grove Volunteer Fire Company","6800 Orange Grove RD","","Hillsborough","NC","27278","6800 Orange Grove RD","","","Hillsborough","NC","27278-7475","919-967-5858","919-967-5526","Orange","Mostly volunteer","Local (includes career, combination, and volunteer fire departments and fire districts)","https://www.ogfire.org/","3","2","32","0","0","2","No"
"06811","Orange Rural Fire Department","206 S Churton ST","","Hillsborough","NC","27278","","","PO Box 1511","Hillsborough","NC","27278-1511","919-732-7911","","Orange","Mostly career","Local (includes career, combination, and volunteer fire departments and fire districts)","www.orfd.net","4","25","0","4","1","0","No"
"05511","Ore-Bank Pumpkin Center Fire Department","1537 Amity Church RD","","Denver","NC","28037","1537 Amity Church RD","","","Denver","NC","28037-8103","704-735-4271","","Lincoln","Mostly volunteer","Local (includes career, combination, and volunteer fire departments and fire districts)","https://pumpkincenterfire.com/","2","10","11","22","0","0","No"
"07915","Oregon Hill Volunteer Fire Department","858 Mount Carmel CHU RD","","Reidsville","NC","27320","858 Mount Carmel CHU RD","","","Reidsville","NC","27320-8274","336-349-5772","","Rockingham","Volunteer","Local (includes career, combination, and volunteer fire departments and fire districts)","","1","0","33","0","0","5","No"
"07825","Orrum Township Volunteer Fire Department","102 E Main ST","","Proctorville","NC","28375","","","PO Box 186","Proctorville","NC","28375-0186","910-628-0994","","Robeson","Volunteer","Local (includes career, combination, and volunteer fire departments and fire districts)","","1","0","22","0","0","0",""
"05704","Otto Volunteer Fire and Rescue","60 Fire House RD","","Otto","NC","28763","60 Fire House RD","","","Otto","NC","28763-5400","828-524-3473","828-369-9003","Macon","Mostly volunteer","Local (includes career, combination, and volunteer fire departments and fire districts)","","1","1","39","0","0","9",""
"01813","Oxford (Catfish) Fire Department","5688 Oxford School RD","","Claremont","NC","28610","5688 Oxford School RD","","","Claremont","NC","28610-9478","828-459-9678","828-459-9676","Catawba","Volunteer","Local (includes career, combination, and volunteer fire departments and fire districts)","https://oxfordcatfishfd.com","2","0","43","0","0","0","No"
"03908","Oxford Fire Department","112 E McClanahan ST","","Oxford","NC","27565-2920","112 E McClanahan ST","","","Oxford","NC","27565-2920","919-603-1140","919-603-1145","Granville","Mostly volunteer","Local (includes career, combination, and volunteer fire departments and fire districts)","","1","10","0","36","0","0",""
"05608","P.G. Volunteer Fire Department, Inc.","2703 US 70 W","","Marion","NC","28752","","","PO Box 988","Marion","NC","28752-0988","828-724-4524","828-724-3465","McDowell","Mostly volunteer","Local (includes career, combination, and volunteer fire departments and fire districts)","","1","1","28","0","0","10","No"
"07424","Pactolus Fire & Rescue","5858 US HWY 264 E","","Greenville","NC","27834-5810","5858 US HWY 264 E","","","Greenville","NC","27834-5810","252-757-1309","252-830-3992","Pitt","Volunteer","Local (includes career, combination, and volunteer fire departments and fire districts)","","2","0","46","0","0","8",""
"00708","Pantego Community Fire Protection Association","25673 US 264 HWY E","","Pantego","NC","27860","","","PO Box 67","Pantego","NC","27860-0067","252-943-3145","252-943-3145","Beaufort","Volunteer","Local (includes career, combination, and volunteer fire departments and fire districts)","","1","0","31","0","0","0","No"
"07813","Parkton Fire and Rescue","2704 W Parkton Tobermory RD","","Parkton","NC","28371-9417","2704 W Parkton Tobermory RD","","","Parkton","NC","28371-9417","910-858-3077","910-858-1855","Robeson","Mostly volunteer","Local (includes career, combination, and volunteer fire departments and fire districts)","https://www.parktonfirerescue.com/","1","3","31","0","0","4","No"
"07004","Pasquotank Nixonton Volunteer Fire Department","1316 4 Forks RD","","Elizabeth City","NC","27909","1316 4 Forks RD","","","Elizabeth City","NC","27909-7254","252-264-2249","252-264-2249","Pasquotank","Volunteer","Other","","1","0","28","0","0","0",""
"07005","Pasquotank Providence Volunteer Fire Department","1995 N Road ST","","Elizabeth City","NC","27909","1995 N Road ST","","","Elizabeth City","NC","27909-9360","252-338-0004","252-338-0004","Pasquotank","Volunteer","Other","","1","0","35","0","0","0",""
"07003","Pasquotank-Newland Volunteer Fire Department","721 US Highway 158","","Elizabeth City","NC","27909","721 US Highway 158","","","Elizabeth City","NC","27909-7021","252-335-4444","252-335-1777","Pasquotank","Volunteer","Local (includes career, combination, and volunteer fire departments and fire districts)","","1","0","28","0","0","0",""
"09621","Patetown Volunteer Fire Department, Inc.","3463 NC 111 HWY N","","Goldsboro","NC","27534","3463 NC 111 HWY N","","","Goldsboro","NC","27534-9069","919-581-8417","919-581-8417","Wayne","Volunteer","Local (includes career, combination, and volunteer fire departments and fire districts)","","1","0","25","0","0","3","Yes"
"01410","Patterson Volunteer Fire Department, Inc.","2012 Roby Martin RD","","Lenoir","NC","28645","","","PO Box 145","Patterson","NC","28661-0145","828-758-1855","828-758-1844","Caldwell","Volunteer","Local (includes career, combination, and volunteer fire departments and fire districts)","","2","0","0","31","0","0","No"
"00406","Peachland Fire District of Anson County","Passiac ST","PO Box 72","Peachland","NC","28133-0072","Passiac ST","","PO Box 72","Peachland","NC","28133-0072","704-272-7101","","Anson","Volunteer","Local (includes career, combination, and volunteer fire departments and fire districts)","","1","0","30","0","0","0",""
"02004","Peachtree Fire Department","PO Box 460","","Murphy","NC","28906","","","PO Box 460","Murphy","NC","28906-0460","828-837-0381","","Cherokee","Volunteer","Local (includes career, combination, and volunteer fire departments and fire districts)","","1","0","23","0","0","3","No"
"06209","Pekin Volunteer Fire Department & First Responders","5321 Pekin RD","","Mount Gilead","NC","27306","5321 Pekin RD","","","Mount Gilead","NC","27306-8512","910-439-5652","","Montgomery","Volunteer","Local (includes career, combination, and volunteer fire departments and fire districts)","","1","0","32","0","0","8",""
"01705","Pelham Volunteer Fire Department","PO Box 97","4895 Old US 29","Pelham","NC","27311","","","PO Box 97","Pelham","NC","27311-0097","336-388-2080","336-388-2080","Caswell","Volunteer","Local (includes career, combination, and volunteer fire departments and fire districts)","https://www.pelhamfd.com","1","0","30","0","0","0",""
"07106","Penderlea Fire Department","4005 NC Highway 11","","Willard","NC","28478","4005 NC HWY 11","","","Willard","NC","28478-7001","910-285-2020","910-285-5155","Pender","Volunteer","Local (includes career, combination, and volunteer fire departments and fire districts)","","2","0","40","0","0","0","Yes"
"10017","Pensacola Volunteer Fire Department","8955 State Highway 197 S","","Burnsville","NC","28714","8955 State Highway 197 S","","","Burnsville","NC","28714-6802","828-678-9416","","Yancey","Volunteer","Local (includes career, combination, and volunteer fire departments and fire districts)","","1","0","25","0","0","0","No"
"04112","Piedmont Triad Airport Authority Fire Rescue Department","7722 Airline RD","","Greensboro","NC","27425","","","PO Box 35445","Greensboro","NC","27425","336-665-5650","336-665-5514","Guilford","Mostly career","Regional/metropolitan transportation authority or airport fire department","","1","16","1","0","0","0",""
"09622","Pikeville Pleasant Grove Volunteer Fire Department, Inc.","102 Hooks Grove Church RD","","Pikeville","NC","27863","","","PO Box 457","Pikeville","NC","27863-0457","919-242-6780","","Wayne","Volunteer","Local (includes career, combination, and volunteer fire departments and fire districts)","","1","0","30","0","0","0","No"
"02911","Pilot Fire Department","4205 Old Highway 29","","Thomasville","NC","27360","4205 Old Highway 29","","","Thomasville","NC","27360-0045","336-475-6152","336-475-6154","Davidson","Volunteer","Local (includes career, combination, and volunteer fire departments and fire districts)","","1","0","40","0","0","0",""
"03509","Pilot Fire Department Inc.","8028 NC 39 HWY","","Zebulon","NC","27597","8028 NC 39 HWY","","","Zebulon","NC","27597-7768","919-269-7679","919-269-0817","Franklin","Volunteer","Local (includes career, combination, and volunteer fire departments and fire districts)","","1","0","38","0","0","5","No"
"08676","Pilot Knob Volunteer Fire Department","683 E Key ST","","Pilot Mountain","NC","27041","","","PO Box 241","Pilot Mountain","NC","27041-0241","336-368-4646","","Surry","Mostly volunteer","Local (includes career, combination, and volunteer fire departments and fire districts)","pilotmountainnc.org","1","1","26","3","0","7","No"
"08612","Pilot Mountain Fire Department","111 W Marion  ST","Drawer AA","Pilot Mountain","NC","27041","111 W Marion  ST","Drawer AA","","Pilot Mountain","NC","27041","336-368-2247","336-368-2857","Surry","Volunteer","Local (includes career, combination, and volunteer fire departments and fire districts)","","1","0","0","20","0","0",""
"03120","Pin Hook Volunteer Fire Department","1657 Deep Bottom RD","","Wallace","NC","28466","1657 Deep Bottom RD","","","Wallace","NC","28466-7258","910-285-8184","910-285-8184","Duplin","Volunteer","Local (includes career, combination, and volunteer fire departments and fire districts)","","1","0","31","0","0","0","Yes"
"04707","Pine Hill Fire Department","6390 Calloway RD","","Aberdeen","NC","28315","","","PO Box 486","Aberdeen","NC","28315-0486","910-281-3876","910-281-0699","Hoke","Volunteer","Contract fire department","","1","0","0","22","0","0","No"
"01664","Pine Knoll Shores Fire & EMS","314 Salter Path RD","","Pine Knoll Shores","NC","28512","314 Salter Path RD","","","Pine Knoll Shores","NC","28512-6122","252-247-2268","252-247-2897","Carteret","Mostly career","Local (includes career, combination, and volunteer fire departments and fire districts)","https://www.townofpks.com/","1","19","7","0","0","0","Yes"
"05117","Pine Level Volunteer Fire Department","110 W Main ST","","Pine Level","NC","27568","","","PO Box 609","Pine Level","NC","27568","919-965-3133","919-965-2252","Johnston","Volunteer","Local (includes career, combination, and volunteer fire departments and fire districts)","","1","0","27","0","0","0",""
"08664","Pine Ridge Volunteer Fire Department, Inc.","1892 Pine Ridge RD","","Mount Airy","NC","27030","1892 Pine Ridge RD","","","Mount Airy","NC","27030-7760","336-789-4490","","Surry","Volunteer","Local (includes career, combination, and volunteer fire departments and fire districts)","","1","0","26","0","0","0","Yes"
"07829","Pine Terrace Fire Department","1292 Alamac RD","","Lumberton","NC","28358","38 Waynes RD","","","Lumberton","NC","28358","910-608-2390","","Robeson","Volunteer","Local (includes career, combination, and volunteer fire departments and fire districts)","https://www.geocities.com/pine_terr","1","0","30","0","0","0",""
"06371","Pinebluff Fire Department","580 S Walnut ST","","Pinebluff","NC","28373","325 E Baltimore AVE","","","Pinebluff","NC","28373-8903","910-281-3053","","Moore","Mostly volunteer","Local (includes career, combination, and volunteer fire departments and fire districts)","","1","4","4","21","0","0","Yes"
"04119","Pinecroft Sedgefield Fire District, Inc.","2239 Bishop RD","","Greensboro","NC","27406-9556","2239 Bishop RD","","","Greensboro","NC","27406-9556","336-299-4421","336-299-4424","Guilford","Mostly volunteer","Local (includes career, combination, and volunteer fire departments and fire districts)","https://www.psfd.com/","5","35","35","0","1","0","No"
"06391","Pinehurst Fire Department","405 Magnolia RD","","Pinehurst","NC","28374","395 Magnolia RD","","","Pinehurst","NC","28374-9130","910-295-5575","910-295-4861","Moore","Mostly career","Local (includes career, combination, and volunteer fire departments and fire districts)","www.vopnc.org/fire","2","32","0","6","1","0","Yes"
"00705","Pinetown Volunteer Fire Department","7262 N Boyd RD","","Pinetown","NC","27865","7262 N Boyd RD","","","Pinetown","NC","27865-9394","252-927-3400","","Beaufort","Volunteer","Local (includes career, combination, and volunteer fire departments and fire districts)","","1","0","31","0","0","3",""
"06019","Pineville-Morrow Volunteer Fire Department and Rescue, Inc.","108 Church ST","","Pineville","NC","28134","","","PO Box 574","Pineville","NC","28134","704-889-7575","704-889-5122","Mecklenburg","Volunteer","Local (includes career, combination, and volunteer fire departments and fire districts)","https://www.pinevillevfd.org/","1","0","55","0","0","10",""
"00303","Piney Creek Volunteer Fire Department, Inc.","500 PINEY CREEK SCHOOL RD","","Piney Creek","NC","28663","500 PINEY CREEK SCHOOL RD","","PO Box 26","Piney Creek","NC","28663","336-359-2493","336-359-2493","Alleghany","Volunteer","Local (includes career, combination, and volunteer fire departments and fire districts)","https://web.infoave.net/~pcvfd/","1","0","20","0","0","0",""
"06711","Piney Green Volunteer Fire Department","2720 Piney Green RD","PO Box 6011","Midway Park","NC","28544-0011","2720 Piney Green RD","","PO Box 6011","Midway Park","NC","28544-0011","910-353-3929","910-353-3314","Onslow","Volunteer","Local (includes career, combination, and volunteer fire departments and fire districts)","","1","0","28","0","0","0",""
"03413","Piney Grove Volunteer Fire & Rescue Department, Inc.","7525 Vance RD","","Kernersville","NC","27284","","","PO Box 338","Kernersville","NC","27285-0338","336-993-5721","336-992-0130","Forsyth","Mostly volunteer","Local (includes career, combination, and volunteer fire departments and fire districts)","https://pineygrovefirerescue.org/","2","3","30","0","0","3","No"
"08214","Piney Grove Volunteer Fire Department","471 Goshen Church RD","","Faison","NC","28341-7137","471 Goshen Church RD","","","Faison","NC","28341-7137","910-267-2811","910-267-2811","Sampson","Volunteer","Local (includes career, combination, and volunteer fire departments and fire districts)","","1","0","28","0","0","1",""
"05421","Pink Hill Fire Department","303 S Front ST","","Pink Hill","NC","28572","","","PO Box 216","Pink Hill","NC","28572-0216","252-568-3373","252-568-3223","Lenoir","Volunteer","Local (includes career, combination, and volunteer fire departments and fire districts)","","1","0","48","0","0","0","No"
"01906","Pittsboro Volunteer Fire & Rescue Department, Inc.","150 Sanford RD","","Pittsboro","NC","27312","","","PO Box 573","Pittsboro","NC","27312-0573","919-542-4101","919-542-6509","Chatham","Mostly career","Local (includes career, combination, and volunteer fire departments and fire districts)","https://pittsborofire.com/","3","27","10","0","1","0","No"
"08208","Plain View Volunteer Fire Department, Inc.","5041 Plain View HWY","","Dunn","NC","28334","5041 Plain View HWY","","","Dunn","NC","28334-6833","910-892-0231","910-892-3639","Sampson","Volunteer","Local (includes career, combination, and volunteer fire departments and fire districts)","","1","0","36","10","0","0","Yes"
"04120","Pleasant Garden Fire Department. Inc","4814 Pleasant Garden RD","","Pleasant Garden","NC","27313","","","PO Box 710","Pleasant Garden","NC","27313-0710","336-674-5619","336-674-6832","Guilford","Mostly volunteer","Local (includes career, combination, and volunteer fire departments and fire districts)","http://www.pgfd3.com/","1","11","18","0","1","5","Yes"
"03111","Pleasant Grove Fire Department","1794 Red Hill RD","","Mount Olive","NC","28365","1794 Red Hill RD","","","Mount Olive","NC","28365-6059","919-658-5793","","Duplin","Volunteer","Local (includes career, combination, and volunteer fire departments and fire districts)","","1","0","32","0","0","0",""
"09713","Pleasant Hill Volunteer Fire Department, Inc.","1069 Austin Traphill RD","","Elkin","NC","28621","","","PO Box 729","Elkin","NC","28621-0729","336-835-1353","336-835-6147","Wilkes","Volunteer","Local (includes career, combination, and volunteer fire departments and fire districts)","https://www.pleasanthillfire.com/","1","0","0","34","0","0","No"
"05309","Pocket Volunteer Fire Department, Inc.","478 Blackstone RD","","Sanford","NC","27330","478 Blackstone RD","","","Sanford","NC","27330-7526","919-774-1116","919-774-3336","Lee","Mostly volunteer","Local (includes career, combination, and volunteer fire departments and fire districts)","","2","1","34","0","0","2","No"
"00409","Polkton Fire Department","PO Box 156","","Polkton","NC","28135-0156","","","PO Box 156","Polkton","NC","28135-0156","704-475-0043","704-272-7932","Anson","Volunteer","Local (includes career, combination, and volunteer fire departments and fire districts)","","1","0","38","0","0","0",""
"02313","Polkville Volunteer Fire Department","4313 Polkville RD","PO Box 639","Polkville","NC","28136-0639","4313 Polkville RD","","PO Box 639","Polkville","NC","28136-0639","704-538-7831","704-538-5232","Cleveland","Volunteer","Local (includes career, combination, and volunteer fire departments and fire districts)","","1","0","37","0","0","0",""
"05204","Pollocksville Volunteer Fire Department, Inc.","209 Beaufort RD","","Pollocksville","NC","28573","","","PO Box 219","Pollocksville","NC","28573-0219","252-224-4681","","Jones","Volunteer","Local (includes career, combination, and volunteer fire departments and fire districts)","https://www.pollocksvillevfd.org","1","0","24","0","0","1","No"
"00509","Pond Mountain Fire & Rescue","6038 Joines RD","","Creston","NC","28615","6038 Joines RD","","","Creston","NC","28615","336-385-6090","336-385-1069","Ashe","Volunteer","Local (includes career, combination, and volunteer fire departments and fire districts)","","1","0","26","0","0","0",""
"04806","Ponzer Volunteer Fire & Rescue Department","40186 US Highway 264 E","","Belhaven","NC","27810","40186 US Highway 264 E","","","Belhaven","NC","27810-9000","252-943-2399","252-943-2398","Beaufort","Volunteer","Local (includes career, combination, and volunteer fire departments and fire districts)","","1","0","26","0","0","6","No"
"08069","Poole Town Volunteer Fire Department","255 Richfield RD","","Richfield","NC","28137-7758","255 Richfield RD","","","Richfield","NC","28137-7758","704-633-7080","704-633-7080","Rowan","Volunteer","Local (includes career, combination, and volunteer fire departments and fire districts)","","1","0","31","0","0","0",""
"02623","Pope Air Force Base","265 Boxcar ST","BLDG 250","Pope Army Airfield","NC","28308-2307","265 Boxcar ST","BLDG 250","","Pope Army Airfield","NC","28308-2307","910-394-2464","910-394-4835","Cumberland","Career","Federal government (Department of Defense fire department)","","1","72","0","0","1","0",""
"00808","Powellsville Volunteer Fire Department, Inc.","106 Curtis ST","PO Box 142","Powellsville","NC","27967-0142","106 Curtis ST","","PO Box 142","Powellsville","NC","27967-0142","000-000-0000","","Bertie","Volunteer","Local (includes career, combination, and volunteer fire departments and fire districts)","","1","0","34","0","0","0",""
"05118","Princeton Volunteer Fire Department, Inc.","501 Doctor Donnie H Jones JR BLVD W","","Princeton","NC","27569","","","PO Box 631","Princeton","NC","27569-0631","919-936-3473","","Johnston","Volunteer","Local (includes career, combination, and volunteer fire departments and fire districts)","","1","0","31","0","0","0","Yes"
"03305","Princeville Volunteer Fire Department","312 Mutual BLVD","","Princeville","NC","27886","312 Mutual BLVD","","","Princeville","NC","27886-5230","252-823-8115","252-823-1091","Edgecombe","Volunteer","Local (includes career, combination, and volunteer fire departments and fire districts)","","1","0","29","0","0","0","Yes"
"01703","Prospect Hill Volunteer Fire Department","11621 NC Highway 86 S","","Prospect Hill","NC","27314","","","PO Box 130","Prospect Hill","NC","27314-0130","336-562-3300","336-562-3300","Caswell","Volunteer","Local (includes career, combination, and volunteer fire departments and fire districts)","https://prospecthillvfd.org/","1","0","27","0","0","20","No"
"01704","Providence Fire & Rescue","6655 OLD HWY 86 N","","Providence","NC","27315","","","PO Box 93","Providence","NC","27315","336-388-2500","336-388-2500","Caswell","Volunteer","Local (includes career, combination, and volunteer fire departments and fire districts)","","1","0","32","0","0","1",""
"03909","Providence Fire Department","4631 Watkins RD","","Oxford","NC","27565","4631 Watkins RD","","","Oxford","NC","27565-7996","919-690-1193","919-690-1193","Granville","Volunteer","Local (includes career, combination, and volunteer fire departments and fire districts)","","1","0","34","0","0","0","No"
"09021","Providence Volunteer Fire Department","5025 Hemby RD","","Matthews","NC","28104","5025 Hemby RD","","PO Box 2670","Matthews","NC","28106-2670","704-846-1111","704-846-0378","Union","Mostly volunteer","Local (includes career, combination, and volunteer fire departments and fire districts)","https://www.providencevfd.com","1","10","25","0","0","0",""
"00715","Pungo River Volunteer Fire Department, Inc.","40 Pike RD","","Pantego","NC","27860-9664","40 Pike RD","","","Pantego","NC","27860-9664","252-935-5200","","Beaufort","Volunteer","Local (includes career, combination, and volunteer fire departments and fire districts)","","1","0","30","0","0","20",""
"04703","Puppy Creek Fire Department","445 Pittman Grove Church RD","","Raeford","NC","28376","445 Pittman Grove Church RD","","","Raeford","NC","28376-7931","910-875-5283","910-875-4437","Hoke","Mostly volunteer","Local (includes career, combination, and volunteer fire departments and fire districts)","","1","14","18","0","0","0","No"
"05007","Qualla Volunteer Fire & Rescue","PO Box 303","","Whittier","NC","28789","","","PO Box 303","Whittier","NC","28789-0303","828-497-5412","828-497-5412","Jackson","Volunteer","Local (includes career, combination, and volunteer fire departments and fire districts)","","2","0","35","0","0","0","No"
"04710","Raeford Fire Department","415 E Prospect AVE","","Raeford","NC","28376","415 E PROSPECT AVE","","","RAEFORD","NC","28376-2727","910-875-5150","910-875-8092","Hoke","Mostly volunteer","Local (includes career, combination, and volunteer fire departments and fire districts)","","1","3","25","0","0","5","No"
"09228","Raleigh Durham Airport Fire Rescue","1050 Rescue Court","","RDU Airport","NC","27623","","","PO Box 80001","Raleigh","NC","27623-0001","919-840-2121","919-840-7607","Wake","Career","Regional/metropolitan transportation authority or airport fire department","https://www.rdu.com/","1","25","0","0","0","0","No"
"09213","Raleigh Fire Department","310 W Martin ST","","Raleigh","NC","27601","","","PO Box 590","Raleigh","NC","27602-0590","919-996-6115","919-831-6180","Wake","Career","Local (includes career, combination, and volunteer fire departments and fire districts)","https://www.raleighnc.gov/fire","30","553","0","0","50","0","Yes"
"07610","Ramseur Fire Department","471 Coleridge Rd","PO Box 551","Ramseur","NC","27316","","","PO Box 551","Ramseur","NC","27316","336-824-3300","","Randolph","Mostly volunteer","Local (includes career, combination, and volunteer fire departments and fire districts)","","1","1","23","0","0","0",""
"02008","Ranger Volunteer Fire Department","155 Little Ranger RD","","Murphy","NC","28906","","","PO Box 99","Culberson","NC","28903-0099","828-644-5677","","Cherokee","Volunteer","Local (includes career, combination, and volunteer fire departments and fire districts)","http://www.rangervfd.org/","1","0","40","0","0","8","No"
"03621","Ranlo Fire And Rescue","1624 Spencer Mountain Road","","Ranlo","NC","28054","1624 Spencer Mountain RD","","","Ranlo","NC","28054","704-824-4086","","Gaston","Volunteer","Local (includes career, combination, and volunteer fire departments and fire districts)","https://www.ranlofire.org","1","0","44","0","0","5",""
"07451","Red Oak Fire Department","925 W Star ST","","Greenville","NC","27834-0856","925 W Star ST","","","Greenville","NC","27834-0856","252-355-8870","252-355-8871","Pitt","Volunteer","Local (includes career, combination, and volunteer fire departments and fire districts)","http://redoakfire.com/","1","0","31","8","0","2","No"
"06408","Red Oak Volunteer Fire Department","8432 Red Oak BLVD","PO Box 410","Red Oak","NC","27868","8432 Red Oak BLVD","","PO Box 410","Red Oak","NC","27868","252-443-3408","252-443-6512","Nash","Volunteer","Local (includes career, combination, and volunteer fire departments and fire districts)","","2","0","40","0","0","0",""
"07817","Red Springs Fire Department","133 N Main ST","","Red Springs","NC","28377","133 N Main ST","","","Red Springs","NC","28377","910-843-2828","910-843-1771","Robeson","Mostly volunteer","Local (includes career, combination, and volunteer fire departments and fire districts)","","1","1","0","32","0","0","No"
"03208","Redwood Fire Department","4901 Cheek RD","","Durham","NC","27704","4901 Cheek RD","","","Durham","NC","27704-8585","919-688-8422","919-688-3682","Durham","Mostly career","Local (includes career, combination, and volunteer fire departments and fire districts)","","3","45","6","0","0","4","Yes"
"02912","Reeds Fire Department","186 S Hwy 150","","Lexington","NC","27295","186 S Hwy 150","","","Lexington","NC","27295","336-787-5565","336-787-3565","Davidson","Volunteer","Local (includes career, combination, and volunteer fire departments and fire districts)","","1","0","31","0","0","0",""
"01113","Reems Creek Fire Department","730 Reems Creek RD","","Weaverville","NC","28787","730 Reems Creek RD","","","Weaverville","NC","28787-8918","828-645-4711","828-658-3723","Buncombe","Mostly career","Local (includes career, combination, and volunteer fire departments and fire districts)","https://www.reemscreekfd.com","2","30","10","0","0","0","Yes"
"08450","Rescue Unit of Stanly County","701 Arlington AVE","","Albemarle","NC","28001","","","PO Box 994","Albemarle","NC","28002-0994","704-982-5255","704-982-5255","Stanly","Volunteer","Other","","1","0","40","0","0","0",""
"01114","Reynolds Volunteer Fire Department, Inc.","235 Charlotte HWY","","Asheville","NC","28803","235 Charlotte HWY","","","Asheville","NC","28803-8628","828-298-5200","828-298-5242","Buncombe","Mostly volunteer","Local (includes career, combination, and volunteer fire departments and fire districts)","https://www.reynoldsfire.org/","1","14","16","0","0","0","Yes"
"04207","Rheasville Volunteer Fire Department","3456 NC Highway 48","","Roanoke Rapids","NC","27870","3456 NC Highway 48","","","Roanoke Rapids","NC","27870-9001","252-537-9151","252-537-2988","Halifax","Volunteer","Local (includes career, combination, and volunteer fire departments and fire districts)","","2","0","36","0","0","5","Yes"
"02516","Rhems Fire & Rescue","5860 Highway 17 S","","New Bern","NC","28562-9600","5860 Highway 17 S","","","New Bern","NC","28562-9600","252-637-3365","252-637-9590","Craven","Volunteer","Local (includes career, combination, and volunteer fire departments and fire districts)","","2","0","40","0","0","8",""
"01414","Rhodhiss Fire Department","200 Burke ST","","Rhodhiss","NC","28667","","","PO Box 86","Rhodhiss","NC","28667-0086","828-396-2942","828-396-0049","Caldwell","Volunteer","Local (includes career, combination, and volunteer fire departments and fire districts)","","1","0","15","0","0","0","Yes"
"01115","Riceville Volunteer Fire Department","2251 Riceville RD","","Asheville","NC","28805","2251 Riceville RD","","","Asheville","NC","28805-8710","828-298-2456","829-298-7040","Buncombe","Mostly volunteer","Local (includes career, combination, and volunteer fire departments and fire districts)","https://www.ricevillefire.org/","1","11","25","0","0","12","No"
"06604","Rich Square Fire Department","305 N Jackson ST N","PO Box 958","Rich Square","NC","27869","305 N Jackson ST N","","PO Box 958","Rich Square","NC","27869","252-539-4111","","Northampton","Volunteer","Local (includes career, combination, and volunteer fire departments and fire districts)","","1","0","25","0","0","0",""
"08414","Richfield-Misenheimer Fire Department","228 Church ST","PO Box 382","Richfield","NC","28137","","","PO Box 382","Richfield","NC","28137","704-463-7613","","Stanly","Volunteer","Local (includes career, combination, and volunteer fire departments and fire districts)","","1","0","31","0","0","0",""
"06714","Richlands Volunteer Fire Department","113 N Wilmington ST","PO Box 616","Richlands","NC","28574-0616","113 N Wilmington ST","","PO Box 616","Richlands","NC","28574-0616","910-324-4481","910-324-5664","Onslow","Volunteer","Local (includes career, combination, and volunteer fire departments and fire districts)","","1","0","32","0","0","0",""
"08415","Ridgecrest Volunteer Fire Department","24792 Millingport RD","","Locust","NC","28097-8321","24792 Millingport RD","","","Locust","NC","28097-8321","704-485-4251","704-485-4403","Stanly","Volunteer","Local (includes career, combination, and volunteer fire departments and fire districts)","","1","0","35","0","0","0",""
"02807","Roanoke Island Volunteer Fire Department","917 N Highway 64/264","","Manteo","NC","27954","","","PO Box 1033","Manteo","NC","27954-1033","252-473-2300","252-473-3410","Dare","Volunteer","Local (includes career, combination, and volunteer fire departments and fire districts)","http://www.rivfd.com/","2","0","50","0","2","0","No"
"04208","Roanoke Rapids Fire Department","643 Roanoke AVE","","Roanoke Rapids","NC","27870","643 Roanoke AVE","","PO Box 38","Roanoke Rapids","NC","27870","252-533-2880","252-533-2878","Halifax","Mostly career","Local (includes career, combination, and volunteer fire departments and fire districts)","https://www.roanokerapidsnc.com/roanoke-rapids-nc-city-departments/roanoke-rapids-nc-fire-department.","2","30","1","0","1","0",""
"09314","Roanoke-Wildwood Volunteer Fire Department, Inc.","790 Lizard Creek RD","","Littleton","NC","27850","790 Lizard Creek RD","","","Littleton","NC","27850-8269","252-586-5737","252-586-7814","Warren","Volunteer","Contract fire department","","2","0","30","0","0","0","No"
"06311","Robbins Fire Department","151 S Broad ST","","Robbins","NC","27325","","","PO Box 987","Robbins","NC","27325-0987","910-948-2320","","Moore","Volunteer","Local (includes career, combination, and volunteer fire departments and fire districts)","","1","0","25","0","0","0",""
"05906","Robersonville Fire Department","119 S Main ST","","Robersonville","NC","27871","","","PO Box 784","Robersonville","NC","27871-0784","252-795-4141","252-795-7134","Martin","Mostly volunteer","Local (includes career, combination, and volunteer fire departments and fire districts)","","1","1","24","0","0","0","No"
"06009","Robinson Volunteer Fire & Rescue, Inc.","5304 Mecklenburg Shrine CLB RD","","Charlotte","NC","28215","5304 Mecklenburg Shrine CLB RD","","","Charlotte","NC","28215-0055","704-536-6876","","Mecklenburg","Mostly career","Local (includes career, combination, and volunteer fire departments and fire districts)","","1","23","0","6","0","7","No"
"04702","Rockfish Fire Department, Inc.","7600 Phillippi Church RD","","Raeford","NC","28376","7600 Phillippi Church RD","","","Raeford","NC","28376-6088","910-875-4660","901-875-6162","Hoke","Mostly volunteer","Local (includes career, combination, and volunteer fire departments and fire districts)","","1","1","43","0","0","1","Yes"
"07707","Rockingham Fire Department","231 S Lawrence ST","","Rockingham","NC","28379","231 S Lawrence ST","","","Rockingham","NC","28379-3660","910-997-4002","910-997-4573","Richmond","Mostly volunteer","Local (includes career, combination, and volunteer fire departments and fire districts)","","2","15","0","20","0","0","No"
"08070","Rockwell City Fire Department","116 S Cherry ST","PO Box 1086","Rockwell","NC","28138-1086","","","PO Box 1086","Rockwell","NC","28138-1086","704-279-2921","704-279-7022","Rowan","Volunteer","Local (includes career, combination, and volunteer fire departments and fire districts)","","1","0","0","25","0","0",""
"08071","Rockwell Rural Fire Department, Inc.","320 Link ST","","Rockwell","NC","28138","","","PO Box 69","Rockwell","NC","28138-0069","704-279-2171","","Rowan","Mostly volunteer","Local (includes career, combination, and volunteer fire departments and fire districts)","","2","1","0","49","0","0","Yes"
"03306","Rocky Mount Fire Department","375 E Raleigh BLVD","","Rocky Mount","NC","27801","375 E Raleigh BLVD","","","Rocky Mount","NC","27801-5692","252-972-1491","252-972-1670","Edgecombe","Career","Local (includes career, combination, and volunteer fire departments and fire districts)","https://www.rockymountnc.gov/fire/","7","144","0","0","6","0","No"
"06418","Rocky Mount-Wilson Airport Fire-Rescue","7265 Air Terminal DR","","Elm City","NC","27822","7265 Air Terminal DR","","","Elm City","NC","27822-9477","252-446-7057","252-985-3728","Wilson","Mostly career","Regional/metropolitan transportation authority or airport fire department","","1","3","1","0","0","0","No"
"08416","Rocky River Volunteer Fire Department","4625 Love Mill RD","PO Box 549","Stanfield","NC","28163","4625 Love Mill RD","","PO Box 549","Stanfield","NC","28163","704-888-5904","704-888-5313","Stanly","Volunteer","Local (includes career, combination, and volunteer fire departments and fire districts)","","1","0","27","0","0","6",""
"09214","Rolesville Rural Fire Department","104 E Young ST","PO Box 249","Rolesville","NC","27571-0249","104 E Young ST","","PO Box 249","Rolesville","NC","27571","919-556-2064","919-556-9026","Wake","Mostly volunteer","Local (includes career, combination, and volunteer fire departments and fire districts)","https://rolesvillenc.gov/town-departments/fire-ems/","1","6","0","31","1","10",""
"09715","Ronda Community Volunteer Fire Department","12164 Elkin Highway 268","","Ronda","NC","28670","","","PO Box 95","Ronda","NC","28670-0095","336-835-1631","336-835-7887","Wilkes","Volunteer","Local (includes career, combination, and volunteer fire departments and fire districts)","","1","0","22","0","0","0",""
"09405","Roper Fire Department, Inc.","410 NC 32 N","","Roper","NC","27970","","","PO Box 316","Roper","NC","27970-0316","252-508-6912","","Washington","Volunteer","Local (includes career, combination, and volunteer fire departments and fire districts)","","1","0","28","0","0","0","No"
"03113","Rose Hill Fire Department","108 E Main ST","","Rose Hill","NC","28458-0478","","","PO Box 478","Rose Hill","NC","28458-0478","910-289-2425","910-289-2425","Duplin","Volunteer","Local (includes career, combination, and volunteer fire departments and fire districts)","","1","0","44","0","0","0",""
"08209","Roseboro Fire Department","301 E Pleasant ST","","Roseboro","NC","28382","301 E Pleasant ST","","PO Box 426","Roseboro","NC","28382","910-525-4205","910-525-5007","Sampson","Volunteer","Local (includes career, combination, and volunteer fire departments and fire districts)","","1","0","29","0","0","0",""
"02418","Roseland Volunteer Fire Department","9527 Clarendon Chadbourn RD","","Chadbourn","NC","28431","","","PO Box 279","Clarendon","NC","28432-0279","910-653-2046","910-653-6460","Columbus","Volunteer","Local (includes career, combination, and volunteer fire departments and fire districts)","","1","0","38","0","0","0","No"
"09609","Rosewood Volunteer Fire Department","888 Rosewood RD","","Goldsboro","NC","27530","","","PO Box 1855","Goldsboro","NC","27533-1855","919-731-1400","919-736-3218","Wayne","Volunteer","Local (includes career, combination, and volunteer fire departments and fire districts)","","1","0","50","0","0","0",""
"08072","Rowan-Iredell Voluntary Fire Department, Inc.","5757 Chenault RD","","Cleveland","NC","27013","5757 Chenault RD","","","Cleveland","NC","27013-8860","704-278-0036","704-278-0036","Rowan","Volunteer","Local (includes career, combination, and volunteer fire departments and fire districts)","","1","0","16","0","0","0","No"
"07819","Rowland Rural Fire Department","208  W Main ST","PO Box 805","Rowland","NC","28383","208  W Main ST","","PO Box 805","Rowland","NC","28383","910-422-3600","910-422-8191","Robeson","Volunteer","Local (includes career, combination, and volunteer fire departments and fire districts)","","1","0","37","0","0","0",""
"00809","Roxobel Volunteer Fire Department","204 S Main ST","","Roxobel","NC","27872","204 S Main ST","","PO Box 54","Roxobel","NC","27872","252-344-7791","","Bertie","Volunteer","Local (includes career, combination, and volunteer fire departments and fire districts)","","1","0","20","0","0","0",""
"07908","Ruffin Volunteer Fire Department","9562 US HWY 29 Bus","PO Box 204","Ruffin","NC","27326","","","PO Box 204","Ruffin","NC","27326-0204","336-939-9800","336-939-9800","Rockingham","Volunteer","Local (includes career, combination, and volunteer fire departments and fire districts)","","1","0","30","0","0","7",""
"03414","Rural Hall Fire Department","177 Rural Hall-Germanton RD","","Rural Hall","NC","27045","","","PO Box PO BOX 550","Rural Hall","NC","27045-0550","336-969-9171","336-969-9368","Forsyth","Mostly volunteer","Local (includes career, combination, and volunteer fire departments and fire districts)","https://www.ruralhall.com/services-rural-hall-nc/","1","10","0","18","0","12","Yes"
"08109","Rutherfordton Fire Department","144 N Mitchell ST","","Rutherfordton","NC","28139","144 N Mitchell ST","","","Rutherfordton","NC","28139-2337","828-287-7367","828-287-7858","Rutherford","Mostly volunteer","Local (includes career, combination, and volunteer fire departments and fire districts)","https://www.rutherfordton.net/departments/fire/","1","10","0","18","0","0","Yes"
"07820","Saddletree Volunteer Fire Department","76 Rozier Church RD","","Lumberton","NC","28360","76 Rozier Church RD","","","Lumberton","NC","28360-3773","910-738-6850","910-738-6242","Robeson","Volunteer","Local (includes career, combination, and volunteer fire departments and fire districts)","","1","0","18","0","0","0","Yes"
"02419","Saint James Volunteer Fire Department","3203 Old Northeast RD","","Lake Waccamaw","NC","28450-9333","3203 Old Northeast RD","","","Lake Waccamaw","NC","28450-9333","910-646-1230","910-646-1230","Columbus","Volunteer","Local (includes career, combination, and volunteer fire departments and fire districts)","","1","0","25","0","0","15",""
"04607","Saint John Fire Department, Inc.","1127 NC 561 W","","Aulander","NC","27805-9617","1127 NC 561 W","","","Aulander","NC","27805-9617","252-332-3895","252-332-3895","Hertford","Volunteer","Local (includes career, combination, and volunteer fire departments and fire districts)","","1","0","20","0","0","19",""
"07830","Saint Pauls Fire Department","685 W McLean ST","PO Box 364","Saint Pauls","NC","28384-0364","","","PO Box 364","Saint Pauls","NC","28384-0364","910-865-4603","910-865-3849","Robeson","Mostly volunteer","Local (includes career, combination, and volunteer fire departments and fire districts)","","1","1","24","0","0","0",""
"01816","Saint Stephens Fire Department","4060 Springs RD","","Conover","NC","28613","4060 Springs RD","","","Conover","NC","28613-7796","828-256-2375","828-441-0578","Catawba","Mostly volunteer","Local (includes career, combination, and volunteer fire departments and fire districts)","www.ssvfd4.org","2","11","20","0","0","0","No"
"03424","Salem Chapel Volunteer Fire Department","8400 Walnut Cove RD","","Walnut Cove","NC","27052","8400 Walnut Cove RD","","","Walnut Cove","NC","27052-9646","336-595-3695","336-595-3695","Forsyth","Volunteer","Local (includes career, combination, and volunteer fire departments and fire districts)","www.salemchapelfire.com","1","0","32","0","0","0","Yes"
"06409","Salem District Volunteer Fire Department","4559 Swift Creek School RD","","Whitakers","NC","27891","4559 Swift Creek School RD","","","Whitakers","NC","27891-9437","252-937-0553","252-937-4239","Nash","Volunteer","Local (includes career, combination, and volunteer fire departments and fire districts)","","1","0","21","0","0","0","No"
"01274","Salem Fire and Rescue Protection Association, Inc.","1315 Salem RD","","Morganton","NC","28655","1315 Salem RD","","","Morganton","NC","28655-4835","828-437-8488","","Burke","Volunteer","Local (includes career, combination, and volunteer fire departments and fire districts)","https://www.salemfirerescue.org/","2","0","39","0","0","0","No"
"08210","Salemburg Volunteer Fire Department, Inc.","804 N Main ST","","Salemburg","NC","28385","","","PO Box 240","Salemburg","NC","28385-0240","910-525-4414","910-525-4427","Sampson","Volunteer","Local (includes career, combination, and volunteer fire departments and fire districts)","","1","0","29","0","0","0","No"
"08050","Salisbury Fire Department","514 E Innes ST","","Salisbury","NC","28144","514 E Innes ST","","","Salisbury","NC","28144","704-638-5351","704-638-5367","Rowan","Career","Local (includes career, combination, and volunteer fire departments and fire districts)","https://www.salisburync.gov/Departments/Fire/Pages/default.aspx","4","62","0","0","1","9",""
"07504","Saluda Volunteer Fire and Rescue, Inc.","199 Walnut ST","","Saluda","NC","28773","199 Walnut ST","","","Saluda","NC","28773-6772","828-749-9816","828-749-9817","Polk","Volunteer","Local (includes career, combination, and volunteer fire departments and fire districts)","","1","0","40","0","1","8",""
"02808","Salvo Volunteer Fire Department, Inc.","PO Box 64","","Salvo","NC","27972-0064","","","PO Box 64","Salvo","NC","27972-0064","252-987-2411","","Dare","Volunteer","Contract fire department","","1","0","15","0","0","12",""
"05425","Sand Hill Volunteer Fire Department","3216 British RD","","Kinston","NC","28501","","","PO Box 1676","Kinston","NC","28503-1676","252-523-3020","","Lenoir","Volunteer","Local (includes career, combination, and volunteer fire departments and fire districts)","","1","0","26","0","0","2",""
"05423","Sandy Bottom Volunteer Fire Department","2178 Green Haynes RD","","Kinston","NC","28504","","","PO Box 5203","Kinston","NC","28503-5203","252-569-1171","252-569-0574","Lenoir","Volunteer","Contract fire department","","1","0","38","0","0","0",""
"08110","Sandy Mush Volunteer Fire Department","557 US Highway 221A","","Forest City","NC","28043","557 US Highway 221A","","","Forest City","NC","28043-5907","828-245-6876","828-245-6876","Rutherford","Volunteer","Local (includes career, combination, and volunteer fire departments and fire districts)","","1","0","31","0","0","3","No"
"09012","Sandy Ridge Fire & Rescue","5010 Plyler Mill RD","","Monroe","NC","28112","5010 Plyler Mill RD","","","Monroe","NC","28112-9533","704-764-3308","704-764-8738","Union","Volunteer","Local (includes career, combination, and volunteer fire departments and fire districts)","","1","0","25","0","0","10","Yes"
"05304","Sanford Fire Department","225 E Weatherspoon ST","","Sanford","NC","27330","","","PO Box 3729","Sanford","NC","27331-3729","919-775-8313","919-775-5090","Lee","Career","Local (includes career, combination, and volunteer fire departments and fire districts)","https://www.sanfordnc.net/fire","3","53","0","0","1","0","No"
"09804","Sanoca Rural Fire Department, Inc.","6903 Church ST","","Saratoga","NC","27873","","","PO Box F","Saratoga","NC","27873-0167","252-238-2392","252-238-6510","Wilson","Volunteer","Local (includes career, combination, and volunteer fire departments and fire districts)","","1","0","23","0","0","2",""
"03114","Sarecta Fire Department","1142 Sarecta RD","","Kenansville","NC","28349","1142 Sarecta RD","","","Kenansville","NC","28349","910-298-4912","910-298-4912","Duplin","Volunteer","Local (includes career, combination, and volunteer fire departments and fire districts)","","1","0","33","0","0","2",""
"09626","Saulston Volunteer Fire Department","511 Saulston RD","","Goldsboro","NC","27534","","","PO Box  8010","Goldsboro","NC","27533-8010","919-778-2455","919-778-2455","Wayne","Volunteer","Local (includes career, combination, and volunteer fire departments and fire districts)","","1","0","32","0","0","0","No"
"04410","Saunook Fire Department","2908 Old Balsam RD","","Waynesville","NC","28786","2908 Old Balsam RD","","","Waynesville","NC","28786","828-452-2946","","Haywood","Volunteer","Local (includes career, combination, and volunteer fire departments and fire districts)","","1","0","25","0","0","0",""
"05005","Savannah Volunteer Fire Department","18 Ralph Tatham RD","","Sylva","NC","28779","18 Ralph Tatham RD","","","Sylva","NC","28779-9294","828-586-2900","828-586-2900","Jackson","Volunteer","Local (includes career, combination, and volunteer fire departments and fire districts)","","3","0","42","0","0","0","No"
"01411","Sawmills Fire-Rescue","4068 US Highway 321A","","Granite Falls","NC","28630","","","PO Box 503","Granite Falls","NC","28630-0503","828-396-1567","828-396-1567","Caldwell","Mostly volunteer","Local (includes career, combination, and volunteer fire departments and fire districts)","","1","4","36","0","0","6","Yes"
"08073","Scotch Irish Fire Department","3220 Needmore RD","","Woodleaf","NC","27054","3220 Needmore RD","","","Woodleaf","NC","27054-9778","704-278-1273","704-278-1273","Rowan","Volunteer","Local (includes career, combination, and volunteer fire departments and fire districts)","","1","0","20","0","0","0",""
"04209","Scotland Neck Volunteer Fire Department","110 E 11th ST","PO Box 537","Scotland Neck","NC","27874","","","PO Box 537","Scotland Neck","NC","27874","252-826-3406","252-823-3768","Halifax","Volunteer","Local (includes career, combination, and volunteer fire departments and fire districts)","","1","0","20","0","0","2",""
"04804","Scranton Volunteer Fire Department","1595 Puddin Hill RD","","Scranton","NC","27875","1595 Puddin Hill RD","","","Scranton","NC","27875","252-926-9611","","Hyde","Volunteer","Local (includes career, combination, and volunteer fire departments and fire districts)","","1","0","32","0","0","0",""
"04011","Scuffleton Rural Fire Association, Inc.","153 Firestation RD","","Ayden","NC","28513-7283","153 Firestation RD","","","Ayden","NC","28513-7283","252-746-9955","252-746-9955","Greene","Volunteer","Local (includes career, combination, and volunteer fire departments and fire districts)","","1","0","26","0","0","0","Yes"
"01653","Sea Level Fire Department","647 70 HWY E","PO Box 69","Sea Level","NC","28577","647 70 HWY E","","PO Box 69","Sea Level","NC","28577","252-225-7721","252-225-1011","Carteret","Mostly volunteer","Local (includes career, combination, and volunteer fire departments and fire districts)","","1","6","18","0","0","5",""
"07612","Seagrove Rural Volunteer Fire Department","281 E Main ST","","Seagrove","NC","27341","","","PO Box 299","Seagrove","NC","27341-0299","336-873-8666","336-873-8666","Randolph","Mostly volunteer","Local (includes career, combination, and volunteer fire departments and fire districts)","","1","3","31","0","0","5","No"
"05120","Selma Fire Department","201 N Webb ST","","Selma","NC","27576","201 N Webb ST","","","Selma","NC","27576","919-965-2697","","Johnston","Volunteer","Local (includes career, combination, and volunteer fire departments and fire districts)","","1","0","27","0","0","0",""
"01706","Semora Volunteer Fire Department","5087 NC HWY 57 N","PO Box 54","Semora","NC","27343","5087 NC HWY 57 N","","PO Box 54","Semora","NC","27343","336-234-9366","","Caswell","Volunteer","Local (includes career, combination, and volunteer fire departments and fire districts)","","1","0","27","0","0","6",""
"09511","Seven Devils Fire Department","1356 Seven Devils RD","","Banner Elk","NC","28604","1356 Seven Devils RD","","","Seven Devils","NC","28604-9154","828-963-6760","828-963-7418","Avery","Mostly volunteer","Local (includes career, combination, and volunteer fire departments and fire districts)","","1","5","27","0","0","0",""
"06363","Seven Lakes Volunteer Fire Department, Inc.","718 7 LKS N","","West End","NC","27376","","","PO Box 588","West End","NC","27376-0588","910-673-8151","910-673-0078","Moore","Mostly volunteer","Contract fire department","","1","1","30","0","0","0","No"
"06606","Severn Volunteer Fire Department Inc.","9215 North Carolina HWY 35","","Severn","NC","27877","","","PO Box 406","Severn","NC","27877-0406","252-585-0110","252-585-0110","Northampton","Volunteer","Local (includes career, combination, and volunteer fire departments and fire districts)","","1","0","30","0","0","6","Yes"
"09624","Seymour Johnson Air Force Base Fire Department","2010 Jabara AVE","4 CES/CEF","Seymour Johnson AFB","NC","27531-2522","2010 Jabarrha AVE","4 CES/CEF","","Seymour Johnson AFB","NC","27531-2522","919-722-4113","919-722-4104","Wayne","Career","Federal government (Department of Defense fire department)","","2","84","0","0","2","0",""
"01016","Shallotte Point Volunteer Fire Department","4126 Pigott RD SW","","Shallotte","NC","28470","4126 Pigott RD SW","","","Shallotte","NC","28470-5587","910-754-6505","910-755-6505","Brunswick","Mostly volunteer","Local (includes career, combination, and volunteer fire departments and fire districts)","","1","5","10","15","0","5","No"
"02314","Shanghai Volunteer Fire Department","1435 Burke RD","","Shelby","NC","28152","1435 Burke RD","","","Shelby","NC","28152-8160","704-482-2700","704-482-1999","Cleveland","Volunteer","Local (includes career, combination, and volunteer fire departments and fire districts)","www.shanghai-vfd.org","1","0","0","31","0","0","No"
"07821","Shannon Volunteer Fire Department","14640 HWY NC 71 N","PO Box 40","Shannon","NC","28386","14640 HWY NC 71 N","","PO Box 40","Shannon","NC","28386","910-843-2990","","Robeson","Volunteer","Local (includes career, combination, and volunteer fire departments and fire districts)","","1","0","18","0","0","0",""
"06410","Sharpsburg Fire Prevention Association","300 Taylor DR","","Sharpsburg","NC","27878","","","PO Box 275","Sharpsburg","NC","27878-0275","252-977-1236","252-977-0921","Nash","Volunteer","Local (includes career, combination, and volunteer fire departments and fire districts)","https://sharpsburgfd.org/","2","0","30","0","0","0","No"
"09512","Shawneehaw Volunteer Fire Department","171 Rominger RD","","Banner Elk","NC","28604","171 Rominger RD","","","Banner Elk","NC","28604","828-963-4180","828-963-6571","Avery","Volunteer","Local (includes career, combination, and volunteer fire departments and fire districts)","","1","0","21","0","0","0",""
"02315","Shelby Fire & Rescue","506 E Grover ST","","Shelby","NC","28150","","","PO Box 207","Shelby","NC","28151-0207","704-484-6835","704-464-6847","Cleveland","Career","Local (includes career, combination, and volunteer fire departments and fire districts)","http://www.cityofshelby.com/departments/fire-rescue","3","54","0","0","1","0","No"
"09725","Shepherds Crossroads Volunteer Fire Department, Inc.","6188 White Plains RD","","Roaring River","NC","28669","3424 Greenhorn RD","","","Roaring River","NC","28669-8040","336-957-2950","336-957-2950","Wilkes","Volunteer","Local (includes career, combination, and volunteer fire departments and fire districts)","","1","0","19","0","0","0","Yes"
"04907","Shepherds Fire-Rescue, Inc.","2014 Charlotte HWY","","Mooresville","NC","28117-8481","2014 Charlotte HWY","","","Mooresville","NC","28117-8481","704-663-1245","704-662-8248","Iredell","Volunteer","Local (includes career, combination, and volunteer fire departments and fire districts)","https://www.shepherdsfire.com/","2","0","29","5","1","0",""
"01815","Sherrills Ford-Terrell Fire & Rescue","4011 Slanting Bridge RD","","Sherrills Ford","NC","28673","4011 Slanting Bridge RD","","","Sherrills Ford","NC","28673-9398","828-478-2131","828-478-3296","Catawba","Mostly career","Local (includes career, combination, and volunteer fire departments and fire districts)","https://www.sftfr.net/","4","32","6","0","0","6","No"
"07108","Shiloh Columbian Volunteer Fire Department","19170 US HWY 421","","Willard","NC","28478","427 Jesse Moore Rd","","","Ivanhoe","NC","28447-9029","910-283-1900","910-283-1900","Pender","Volunteer","Local (includes career, combination, and volunteer fire departments and fire districts)","","1","0","20","0","0","3","Yes"
"07909","Shiloh Fire Department","3320 Settle Bridge RD","","Stoneville","NC","27048","3320 Settle Bridge RD","","","Stoneville","NC","27048-8264","336-573-9292","336-573-1055","Rockingham","Mostly volunteer","Local (includes career, combination, and volunteer fire departments and fire districts)","https://shiloh-volunteer-fire-department.business.site/","1","7","0","35","0","10","No"
"08103","Shiloh-Danieltown-Oakland Volunteer Fire Department","115 Toms Lake RD","","Forest City","NC","28043","115 Toms Lake RD","","","Forest City","NC","28043-7018","828-245-4352","828-245-9401","Rutherford","Mostly volunteer","Local (includes career, combination, and volunteer fire departments and fire districts)","","1","1","25","0","1","20","No"
"04009","Shine Rural Volunteer Fire & EMS Association, Inc.","84 Shine RD","","Snow Hill","NC","28580","84 Shine RD","","","Snow Hill","NC","28580-8100","252-747-7452","252-747-7452","Greene","Volunteer","Contract fire department","https://www.shinefireandems.com/","1","0","36","0","0","8","No"
"08113","Shingle Hollow Fire Department","2621 Cove RD","","Rutherfordton","NC","28139","2621 Cove RD","","","Rutherfordton","NC","28139-7566","828-287-4732","","Rutherford","Mostly volunteer","Local (includes career, combination, and volunteer fire departments and fire districts)","","1","1","25","0","0","0","No"
"08661","Shoals Fire Department","2964 Shoals RD","","Pinnacle","NC","27043","","","PO Box 540","Pinnacle","NC","27043-0540","336-325-2463","336-325-2463","Surry","Volunteer","Local (includes career, combination, and volunteer fire departments and fire districts)","","1","0","28","0","0","0",""
"02205","Shooting Creek Volunteer Fire Department","PO Box 1334","","Hayesville","NC","28904","","","PO Box 1334","Hayesville","NC","28904-1334","828-389-8072","","Clay","Volunteer","Local (includes career, combination, and volunteer fire departments and fire districts)","","1","0","34","0","0","0","Yes"
"00716","Sidney Volunteer Fire Department","6755 N Savannah RD","","Belhaven","NC","27810","6755 N Savannah RD","","","Belhaven","NC","27810","252-964-4400","","Beaufort","Volunteer","Local (includes career, combination, and volunteer fire departments and fire districts)","","1","0","30","0","0","5",""
"01907","Siler City Fire Department","310 N Chatham AVE","","Siler City","NC","27344","","","PO Box 581","Siler City","NC","27344-0581","919-742-4424","919-742-6101","Chatham","Mostly volunteer","Local (includes career, combination, and volunteer fire departments and fire districts)","http://www.silercity.org/","1","7","0","25","0","0","No"
"01908","Silk Hope Volunteer Fire Department","8110 Silk Hope Gum Springs RD","","Siler City","NC","27344","8110 Silk Hope Gum Springs RD","","","Siler City","NC","27344-7067","919-742-5874","919-663-0894","Chatham","Volunteer","Local (includes career, combination, and volunteer fire departments and fire districts)","silkhopefire.org","2","0","0","36","0","0","No"
"09807","Silver Lake Volunteer Fire Department","5215 Hornes Church RD","","Wilson","NC","27896","5215 Hornes Church RD","","","Wilson","NC","27896","252-237-2780","","Wilson","Volunteer","Local (includes career, combination, and volunteer fire departments and fire districts)","","1","0","28","0","0","9","Yes"
"02913","Silver Valley Volunteer Fire Department","11450 S NC Highway 109","","Lexington","NC","27292","11450 S NC Highway 109","","","Lexington","NC","27292-9466","336-472-1577","336-472-2186","Davidson","Mostly volunteer","Local (includes career, combination, and volunteer fire departments and fire districts)","","2","1","39","0","0","0",""
"07432","Simpson Rural Fire Department","2821 Virginia ST","","Simpson","NC","27879","","","PO Box 32","Simpson","NC","27879-0032","252-758-6310","252-329-0899","Pitt","Volunteer","Local (includes career, combination, and volunteer fire departments and fire districts)","","1","0","27","5","0","0","No"
"09814","Sims Community Rural Fire Department","6217 US 264 Alternate W","","Sims","NC","27880","","","PO Box 176","Sims","NC","27880-0176","252-243-0680","252-243-0680","Wilson","Volunteer","Local (includes career, combination, and volunteer fire departments and fire districts)","","1","0","24","0","0","8",""
"08672","Skull Camp Fire & Rescue","7211 W Pine ST","","Lowgap","NC","27024","","","PO Box 300","Lowgap","NC","27024-0300","336-352-4902","","Surry","Volunteer","Local (includes career, combination, and volunteer fire departments and fire districts)","https://skullcampfire.com/","2","0","32","0","0","20","No"
"05709","Sky Valley-Scaly Mountain Volunteer Fire & Rescue","169 Hale Ridge RD","","Scaly Mountain","NC","28775","","","PO Box 278","Scaly Mountain","NC","28775-0278","828-526-9032","828-391-9308","Macon","Volunteer","Local (includes career, combination, and volunteer fire departments and fire districts)","","2","0","14","0","0","8","No"
"01116","Skyland Fire Department","9 Miller RD S","","Skyland","NC","28776","","","PO Box 640","Skyland","NC","28776-0640","828-684-6421","828-684-1010","Buncombe","Mostly career","Local (includes career, combination, and volunteer fire departments and fire districts)","https://www.skylandfire.com/","4","60","15","0","0","10","Yes"
"07109","Sloop Point Volunteer Fire Department","19470 US Highway 17 N","","Hampstead","NC","28443","19470 US Highway 17 N","","","Hampstead","NC","28443-3202","910-270-3267","910-270-3264","Pender","Mostly volunteer","Local (includes career, combination, and volunteer fire departments and fire districts)","","1","4","42","0","0","0","No"
"03024","Smith Grove Fire Department","4155 US Highway 158","","Advance","NC","27006","4155 US Highway 158","","","Advance","NC","27006-6940","336-998-3484","336-940-6842","Davie","Mostly volunteer","Local (includes career, combination, and volunteer fire departments and fire districts)","https://www.smithgrovefire.com/","1","8","22","0","0","6","Yes"
"05121","Smithfield Fire Department","111 S 4TH ST","","Smithfield","NC","27577","111 S 4TH ST","","","Smithfield","NC","27577-4551","919-934-2468","919-934-0696","Johnston","Mostly volunteer","Local (includes career, combination, and volunteer fire departments and fire districts)","https://www.smithfield-nc.com/page/fire_home","2","20","28","0","2","0","No"
"06715","Sneads Ferry Volunteer Fire Department","1576 Old Folkstone RD","","Sneads Ferry","NC","28460","","","PO Box 247","Sneads Ferry","NC","28460-0247","910-327-3055","910-327-3055","Onslow","Volunteer","Local (includes career, combination, and volunteer fire departments and fire districts)","","1","0","22","0","0","0",""
"00111","Snow Camp Volunteer Fire Department","8408 Snow Camp RD","","Snow Camp","NC","27349","","","PO Box 577","Snow Camp","NC","27349-0577","336-376-3442","336-376-0590","Alamance","Mostly volunteer","Local (includes career, combination, and volunteer fire departments and fire districts)","","4","4","35","0","0","2","Yes"
"04004","Snow Hill Rural Fire Department Inc.","201 Carolina DR","","Snow Hill","NC","28580","201 Carolina DR","","","Snow Hill","NC","28580-1646","252-747-5654","252-747-5654","Greene","Volunteer","Local (includes career, combination, and volunteer fire departments and fire districts)","","1","0","30","0","0","0","No"
"07616","Sophia Fire Department, Inc","6740 US Hwy 311 HWY","6825 US Hwy 311","Sophia","NC","27350","6740 US Hwy 311 HWY","6825 US Hwy 311","","Sophia","NC","27350","336-498-2916","336-498-2946","Randolph","Volunteer","Local (includes career, combination, and volunteer fire departments and fire districts)","","1","0","21","0","0","0",""
"01501","South Camden Fire Department","117 NC Highway 343 N","","Camden","NC","27921","","","PO Box 327","Camden","NC","27921-0327","252-338-3722","252-338-3722","Camden","Volunteer","Local (includes career, combination, and volunteer fire departments and fire districts)","","2","0","45","0","0","0","No"
"02924","South Davidson Fire Department","22320 S NC Highway 109","","Denton","NC","27239","","","PO Box 1097","Denton","NC","27239-1097","336-859-2312","336-859-0735","Davidson","Volunteer","Local (includes career, combination, and volunteer fire departments and fire districts)","","1","0","33","0","0","0","No"
"05509","South Fork Volunteer Fire Department","2736 Long Shoals RD","","Lincolnton","NC","28092","2736 Long Shoals RD","","","Lincolnton","NC","28092","704-735-3446","704-735-1603","Lincoln","Volunteer","Local (includes career, combination, and volunteer fire departments and fire districts)","","1","0","34","0","0","0",""
"04908","South Iredell Volunteer Fire Department","716 Linwood RD","","Mooresville","NC","28115","","","PO Box 1751","Mooresville","NC","28115-1751","704-664-3043","704-664-3043","Iredell","Mostly volunteer","Local (includes career, combination, and volunteer fire departments and fire districts)","https://southiredellvfd.com/","1","8","40","0","0","0","Yes"
"01502","South Mills Volunteer Fire Department, Inc.","105 Halstead ST","PO Box 24","South Mills","NC","27976","105 Halstead ST","PO Box 24","PO Box ","South Mills","NC","27976","252-771-2772","","Camden","Volunteer","Local (includes career, combination, and volunteer fire departments and fire districts)","","1","0","23","0","0","0",""
"01279","South Mountains Fire Rescue Inc.","8204 Gus Peeler RD","","Connelly Springs","NC","28612","8204 Gus Peeler RD","","","Connelly Springs","NC","28612-8288","828-438-8300","828-438-8399","Burke","Volunteer","Local (includes career, combination, and volunteer fire departments and fire districts)","","1","0","33","0","0","8","Yes"
"01623","South River Merrimon Fire & EMS","1329 S River RD","","Beaufort","NC","28516","1329 S River RD","","","Beaufort","NC","28516","252-728-2258","252-728-7961","Carteret","Volunteer","Local (includes career, combination, and volunteer fire departments and fire districts)","https://www.southrivernc.com/","1","0","41","0","0","10",""
"08074","South Salisbury Fire Department","3207 Old Concord RD","","Salisbury","NC","28146-8390","3207 Old Concord RD","","","Salisbury","NC","28146-8390","704-637-3873","704-637-3757","Rowan","Volunteer","Local (includes career, combination, and volunteer fire departments and fire districts)","www.facebook.com/southsalisbury","1","0","35","20","0","1","No"
"08508","South Stokes Volunteer Fire Department, Inc.","4747 Flat Shoals RD","","Walnut Cove","NC","27052","","","PO Box 147","Germanton","NC","27019-0147","336-994-2460","336-994-2460","Stokes","Volunteer","Local (includes career, combination, and volunteer fire departments and fire districts)","","2","0","45","0","0","0","No"
"08674","South Surry Volunteer Fire Department","4056 Siloam RD","","Dobson","NC","27017-8358","4056 Siloam RD","","","Dobson","NC","27017-8358","336-374-5614","","Surry","Volunteer","Local (includes career, combination, and volunteer fire departments and fire districts)","","2","0","38","0","0","0",""
"04121","Southeast Fire Department","6012 Liberty RD","","Climax","NC","27233","6012 Liberty RD","","","Climax","NC","27233-8009","336-674-0920","336-674-1357","Guilford","Volunteer","Local (includes career, combination, and volunteer fire departments and fire districts)","","1","0","33","0","1","16","Yes"
"06902","Southeast Pamlico Volunteer Fire Department","6389 Straight RD","PO Box 429","Oriental","NC","28571","6389 Straight RD","PO Box 429","PO Box ","Oriental","NC","28571","252-249-1996","252-249-1941","Pamlico","Volunteer","Local (includes career, combination, and volunteer fire departments and fire districts)","","1","0","25","0","0","0",""
"06381","Southern Pines Fire/Rescue","500 W Pennsylvania AVE","","Southern Pines","NC","28387","500 W Pennsylvania AVE","","","Southern Pines","NC","28387-5441","910-692-2720","910-692-2706","Moore","Mostly career","Local (includes career, combination, and volunteer fire departments and fire districts)","southernpines.net/fire","2","33","2","12","1","0","Yes"
"02813","Southern Shores Volunteer Fire Department","15 S Dogwood TRL","","Southern Shores","NC","27949","15 S Dogwood TRL","","","Southern Shores","NC","27949","252-261-2272","252-255-0551","Dare","Volunteer","Local (includes career, combination, and volunteer fire departments and fire districts)","https://www.ssvfd.net","2","0","42","0","1","20",""
"03623","Southpoint Volunteer Fire Department","2300 South Point RD","","Belmont","NC","28012","","","PO Box 1201","Belmont","NC","28012-1201","704-825-3166","704-825-3166","Gaston","Volunteer","Local (includes career, combination, and volunteer fire departments and fire districts)","southpointvfd.com","1","0","0","25","1","0","No"
"01009","Southport Fire Department","107 E Nash ST","","Southport","NC","28461","","","PO Box 10608","Southport","NC","28461-0608","910-457-7915","910-457-7567","Brunswick","Volunteer","Local (includes career, combination, and volunteer fire departments and fire districts)","","1","0","30","0","0","0",""
"08417","Southside Fire Department","20790 NC 138 HWY","","Albemarle","NC","28001","20790 NC 138 HWY","","","Albemarle","NC","28001-7729","704-982-2689","704-982-2689","Stanly","Volunteer","Local (includes career, combination, and volunteer fire departments and fire districts)","https://www.southsidevfd.com","2","0","50","0","0","0","Yes"
"05424","Southwood Volunteer Fire & Rescue","1556 HWY 58 S","","Kinston","NC","28504","1556 HWY 58 S","","","Kinston","NC","28504-6912","252-527-0074","252-527-1544","Lenoir","Volunteer","Local (includes career, combination, and volunteer fire departments and fire districts)","","1","0","40","0","0","0","No"
"00301","Sparta-Alleghany Volunteer Fire Department","64 Cox ST","","Sparta","NC","28675-9117","","","PO Box 365","Sparta","NC","28675-0365","336-372-4957","336-372-4958","Alleghany","Volunteer","Local (includes career, combination, and volunteer fire departments and fire districts)","","1","0","29","0","0","0",""
"03308","Speed Volunteer Fire Department","113 Mill Pond RD","","Speed","NC","27881","","","PO Box 388","Speed","NC","27881-0388","252-947-0008","","Edgecombe","Volunteer","Local (includes career, combination, and volunteer fire departments and fire districts)","","1","0","19","0","0","4","Yes"
"08075","Spencer Fire Department","208 S Salisbury AVE","","Spencer","NC","28159","","","PO Box 45","Spencer","NC","28159","704-637-6135","704-637-6135","Rowan","Volunteer","Local (includes career, combination, and volunteer fire departments and fire districts)","https://www.ci.spencer.nc.us/index.asp?Type=B_BASIC&SEC=%7B1157F9FB-C510-4A10-AB54-74ABAAA219F1%7D","1","0","20","0","0","0",""
"03625","Spencer Mountain Road Volunteer Fire Department","1011 Dallas-Stanley HWY","","Dallas","NC","28034","","","PO Box 504","Dallas","NC","28034-0504","704-922-4747","","Gaston","Mostly volunteer","Local (includes career, combination, and volunteer fire departments and fire districts)","","1","2","29","0","0","0","Yes"
"04312","Spout Springs Emergency Services","4400 Buffalo Lake RD","","Cameron","NC","28326-7694","4400 Buffalo Lake RD","","","Cameron","NC","28326-7694","919-499-9786","","Harnett","Mostly volunteer","Local (includes career, combination, and volunteer fire departments and fire districts)","","2","19","20","0","1","0","No"
"05804","Spring Creek Volunteer Fire Department, Inc.","13131 NC 209 HWY","","Hot Springs","NC","28743","13131 NC 209 HWY","","","Hot Springs","NC","28743","828-622-7108","828-622-7108","Madison","Volunteer","Local (includes career, combination, and volunteer fire departments and fire districts)","","1","0","24","0","0","5",""
"06411","Spring Hope Fire Department","415 W Nash ST","","Spring Hope","NC","27882-0806","","","PO Box 806","Spring Hope","NC","27882-0806","252-478-3620","252-478-2901","Nash","Mostly volunteer","Local (includes career, combination, and volunteer fire departments and fire districts)","","1","2","27","0","0","3",""
"02616","Spring Lake Fire Department","300 Ruth ST","","Spring Lake","NC","28390","300 Ruth ST","","","Spring Lake","NC","28390-3725","910-436-0337","910-436-1083","Cumberland","Mostly volunteer","Local (includes career, combination, and volunteer fire departments and fire districts)","","1","18","16","9","1","0","Yes"
"08307","Springhill-Friendship Volunteer Fire Department, Inc.","27860 Aberdeen RD","","Marston","NC","28363-8410","27860 Aberdeen RD","","","Marston","NC","28363-8410","910-291-3119","","Scotland","Volunteer","Local (includes career, combination, and volunteer fire departments and fire districts)","","2","0","23","0","0","0","No"
"06105","Spruce Pine Fire & Rescue","100 Firefighter WAY","","Spruce Pine","NC","28777","","","PO Box 724","Spruce Pine","NC","28777-0724","828-765-3009","828-765-5985","Mitchell","Volunteer","Local (includes career, combination, and volunteer fire departments and fire districts)","www.sprucepinefiredepartment.com","2","0","0","30","0","0","No"
"01024","St. James Fire Department, Inc","3628 St. James DR","","Southport","NC","28461","3628 St. James DR","","","Southport","NC","28461","910-253-9990","","Brunswick","Volunteer","Local (includes career, combination, and volunteer fire departments and fire districts)","","1","0","39","0","0","4",""
"09013","Stack Road Volunteer Fire Department & Rescue Squad, Inc.","1900 Stack RD","","Monroe","NC","28112","1900 Stack RD","","","Monroe","NC","28112","704-764-7173","704-764-8273","Union","Volunteer","Local (includes career, combination, and volunteer fire departments and fire districts)","","1","0","30","0","0","11",""
"01668","Stacy Volunteer Fire Department","1442 Highway 70 East","","Stacy","NC","28581","","","PO Box 1127","Stacy","NC","28581-1127","252-225-6211","252-225-6211","Carteret","Volunteer","Contract fire department","","1","0","23","0","0","0","No"
"07613","Staley Volunteer Fire Department, Inc.","410 W Railroad ST","","Staley","NC","27355","","","PO Box 292","Staley","NC","27355-0292","336-622-4011","336-622-5770","Randolph","Volunteer","Local (includes career, combination, and volunteer fire departments and fire districts)","","2","0","45","0","0","0","No"
"09014","Stallings Volunteer Fire Department, Inc.","4616 Old Monroe RD","","Indian Trail","NC","28079","","","PO Box 940","Indian Trail","NC","28079-0940","704-821-7100","","Union","Volunteer","Local (includes career, combination, and volunteer fire departments and fire districts)","","1","0","7","33","1","0","No"
"03626","Stanley Volunteer Fire Department","201 Blacksnake RD","","Stanley","NC","28164","","","PO Box 279","Stanley","NC","28164-0279","704-263-3473","","Gaston","Volunteer","Local (includes career, combination, and volunteer fire departments and fire districts)","","1","0","17","20","0","0","No"
"09812","Stantonsburg Moyton Volunteer Fire Department","105 N Saratoga ST","PO Box 130","Stantonsburg","NC","27883-0130","","","PO Box 130","Stantonsburg","NC","27883-0130","252-238-2658","252-238-2112","Wilson","Volunteer","Local (includes career, combination, and volunteer fire departments and fire districts)","","1","0","25","0","0","0",""
"06204","Star Fire Department","454 S Main","PO Box 97","Star","NC","27356","454 S Main","","PO Box 97","Star","NC","27356","910-428-4623","910-428-1170","Montgomery","Volunteer","Local (includes career, combination, and volunteer fire departments and fire districts)","","1","0","25","0","0","0",""
"08679","State Road Volunteer Fire Department","1972 Old Highway 21","","State Road","NC","28676","","","PO Box 1","State Road","NC","28676-0001","336-874-2121","336-874-8462","Surry","Volunteer","Local (includes career, combination, and volunteer fire departments and fire districts)","","1","0","45","0","0","5",""
"04909","Statesville Fire Department","316 S Meeting ST","","Statesville","NC","28677","","","PO Box 1111","Statesville","NC","28687-1111","704-878-3425","704-878-3422","Iredell","Career","Local (includes career, combination, and volunteer fire departments and fire districts)","https://www.statesvillenc.net/Departments/FireDepartment/tabid/165/Default.aspx","4","72","0","0","2","0","No"
"07414","Staton House Fire and Rescue","2501 N Memorial DR","","Greenville","NC","27834","2501 N Memorial DR","","","Greenville","NC","27834-8143","252-752-3879","252-752-2003","Pitt","Volunteer","Local (includes career, combination, and volunteer fire departments and fire districts)","","2","0","35","0","0","0","No"
"03802","Stecoah Township Rescue Squad & Fire Department Inc.","140 School House DR","","Robbinsville","NC","28771","30 Loyd And Lydia DR","","","Robbinsville","NC","28771-8884","828-479-2240","828-479-3620","Graham","Volunteer","Local (includes career, combination, and volunteer fire departments and fire districts)","https://www.stecoah.com/","1","0","25","0","0","0","No"
"02617","Stedman Volunteer Fire Department","5318 Front ST","","Stedman","NC","28391","5318 Front ST","","","Stedman","NC","28391-3400","910-323-2592","","Cumberland","Mostly volunteer","Contract fire department","","1","8","25","0","0","2","Yes"
"06025","Steele Creek Volunteer Fire Department and Rescue Services","13225 S Tryon ST","","Charlotte","NC","28278","7535 Buckland RD","","","Charlotte","NC","28278-9733","704-588-2496","","Mecklenburg","Volunteer","Local (includes career, combination, and volunteer fire departments and fire districts)","","2","0","41","0","0","0","No"
"01632","Stella Volunteer Fire Department","141 Morristown RD","","Stella","NC","28582-9753","141 Morristown RD","","","Stella","NC","28582-9753","252-764-0512","252-764-0513","Carteret","Volunteer","Local (includes career, combination, and volunteer fire departments and fire districts)","","1","0","30","0","0","0",""
"03911","Stem Community Fire Department & EMS, Inc.","100 Franklin RD","PO Box 141","Stem","NC","27581-0141","","","PO Box 141","Stem","NC","27581-0141","919-528-3930","919-528-3930","Granville","Volunteer","Local (includes career, combination, and volunteer fire departments and fire districts)","https://www.stemfireandems.com","1","0","25","0","0","0",""
"07832","Sterlings Township Volunteer Fire Department","7049 S Creek RD","","Orrum","NC","28369","7049 S Creek RD","","","Orrum","NC","28369-9393","910-628-0427","","Robeson","Volunteer","Local (includes career, combination, and volunteer fire departments and fire districts)","","1","0","20","0","0","0",""
"09510","Stewart Simmons Volunteer Fire Department","191 Jakes Mountain RD","","Deep Gap","NC","28618","191 Jakes Mountain RD","","","Deep Gap","NC","28618-9651","828-264-1112","828-264-1112","Watauga","Mostly volunteer","Local (includes career, combination, and volunteer fire departments and fire districts)","","3","1","23","0","0","0","No"
"08308","Stewartsville Volunteer Fire Department","8781 Johns  RD","","Laurinburg","NC","28352","8781 Johns  RD","","","Laurinburg","NC","28352","910-276-9410","","Scotland","Volunteer","Local (includes career, combination, and volunteer fire departments and fire districts)","","1","0","25","0","0","0",""
"08509","Stokes-Rockingham Volunteer Fire Department & Rescue Services, Inc.","1035 Pine Hall RD","","Pine Hall","NC","27042","","","PO Box 61","Pine Hall","NC","27042-0061","336-427-0485","336-427-0695","Stokes","Mostly volunteer","Local (includes career, combination, and volunteer fire departments and fire districts)","","2","4","31","0","0","0","Yes"
"04122","Stokesdale Fire District Inc.","8401 US HWY 158","","Stokesdale","NC","27357","","","PO Box 8401 US HWY 158","Stokesdale","NC","27357-9247","336-643-0790","336-643-0791","Guilford","Mostly volunteer","Local (includes career, combination, and volunteer fire departments and fire districts)","www.stokesdalefire.com","1","16","11","11","1","0","No"
"07911","Stoneville Fire Department","101 Smith ST","","Stoneville","NC","27048-0071","","","PO Box 71","Stoneville","NC","27048-0071","336-573-9092","336-573-2020","Rockingham","Volunteer","Local (includes career, combination, and volunteer fire departments and fire districts)","","1","0","0","30","0","0",""
"04706","Stonewall Rural Fire Department","5569 Saint Pauls RD","","Raeford","NC","28376","","","PO Box 636","Raeford","NC","28376-0636","910-875-8894","910-875-5012","Hoke","Volunteer","Local (includes career, combination, and volunteer fire departments and fire districts)","","1","0","20","0","0","0",""
"02619","Stoney Point Fire Department, Inc.","7221 Stoney Point RD","","Fayetteville","NC","28306","2190 Lake Upchurch DR","","","Parkton","NC","28371-8405","910-476-1301","910-425-2795","Cumberland","Mostly volunteer","Local (includes career, combination, and volunteer fire departments and fire districts)","http://stoneypointfire.com/","2","20","0","76","2","19","No"
"00204","Stony Point Fire Department","501 Ruritan Park RD","","Stony Point","NC","28678","","","PO Box 146","Stony Point","NC","28678-0146","704-585-2519","704-585-5163","Alexander","Volunteer","Local (includes career, combination, and volunteer fire departments and fire districts)","","2","0","48","0","0","0","No"
"03912","Stovall Volunteer Fire Department","204 US HWY 15 N","","Stovall","NC","27582-0323","","","PO Box 323","Stovall","NC","27582-0323","919-693-5290","919-693-6062","Granville","Volunteer","Local (includes career, combination, and volunteer fire departments and fire districts)","","1","0","25","0","0","0",""
"05609","Sugar Hill - Montford Cove Volunteer Fire Department","8883 Sugar Hill RD","","Marion","NC","28752","8883 Sugar Hill RD","","","Marion","NC","28752","828-738-3100","","McDowell","Volunteer","Local (includes career, combination, and volunteer fire departments and fire districts)","","1","0","30","0","0","0",""
"00205","Sugar Loaf Volunteer Fire Department","4272 NC Highway 16 N","","Taylorsville","NC","28681","4272 NC Highway 16 N","","","Taylorsville","NC","28681-6260","828-632-5690","828-635-5154","Alexander","Volunteer","Local (includes career, combination, and volunteer fire departments and fire districts)","","1","0","25","0","0","15","No"
"04123","Summerfield Fire District, Inc.","7400 Summerfield RD","","Summerfield","NC","27358","7400 Summerfield RD","","","Summerfield","NC","27358-9045","336-643-4341","","Guilford","Mostly career","Local (includes career, combination, and volunteer fire departments and fire districts)","https://www.summerfieldfire.com/","3","38","35","0","0","8","No"
"04313","Summerville Bunnlevel Fire & Rescue, Inc.","111 E Harnett ST","","Lillington","NC","27546","","","PO Box 1144","Lillington","NC","27546-1144","910-893-5607","910-814-0693","Harnett","Volunteer","Local (includes career, combination, and volunteer fire departments and fire districts)","https://www.summervillefire.org/","2","0","25","15","0","0","No"
"03703","Sunbury Volunteer Fire Department","1006 E US158 HWY","","Sunbury","NC","27979","","","PO Box 40","Sunbury","NC","27979-0040","252-465-4411","","Gates","Volunteer","Local (includes career, combination, and volunteer fire departments and fire districts)","","2","0","35","0","0","0",""
"01021","Sunny Point Fire & Rescue","6280 Sunny Point RD","","Southport","NC","28461-5000","6280 Sunny Point RD","","PO Box ","Southport","NC","28461-5000","910-341-8219","910-341-8615","Brunswick","Career","Federal government (Department of Defense fire department)","","2","27","0","0","2","0",""
"07505","Sunny View Fire & Rescue","5865 N NC 9 HWY","","Mill Spring","NC","28756","5865 N NC 9 HWY","","","Mill Spring","NC","28756","828-625-9973","828-625-1211","Polk","Volunteer","Local (includes career, combination, and volunteer fire departments and fire districts)","","2","0","34","0","0","0",""
"01010","Sunset Beach Fire Department","102 Shoreline DR W","","Sunset Beach","NC","28468","102 Shoreline DR W","","","Sunset Beach","NC","28468-4415","910-579-2456","910-579-2941","Brunswick","Mostly career","Local (includes career, combination, and volunteer fire departments and fire districts)","","2","14","6","0","0","0","Yes"
"01017","Sunset Harbor & Zion Hill Volunteer Fire Department","2706 Sunset Harbor RD SE","","Bolivia","NC","28422","2706 Sunset Harbor RD SE","","","Bolivia","NC","28422-8112","910-842-9449","","Brunswick","Mostly volunteer","Local (includes career, combination, and volunteer fire departments and fire districts)","https://www.sunsetharborzionhillfire.org/","1","9","0","13","0","13","Yes"
"07112","Surf City Fire Department","100 Deer Run RD","","Hampstead","NC","28443","100 Deer Run RD","","","Hampstead","NC","28443-2845","910-328-0175","910-328-4005","Pender","Mostly volunteer","Local (includes career, combination, and volunteer fire departments and fire districts)","","1","5","21","0","0","0",""
"07111","Surf City Volunteer Fire Department, Inc.","100 Deer Run RD","","Hampstead","NC","28443","","","PO Box 2547","Surf City","NC","28445-0028","910-329-2911","910-329-0354","Pender","Volunteer","Local (includes career, combination, and volunteer fire departments and fire districts)","https://www.surfcityvfd.com/","1","0","30","0","0","4","No"
"04803","Swan Quarter Volunteer Fire Department","NC-45 Oyster Creek RD","PO Box 97","Swan Quarter","NC","27885","","","PO Box 97","Swan Quarter","NC","27885-0097","252-926-2231","","Hyde","Volunteer","Local (includes career, combination, and volunteer fire departments and fire districts)","","1","0","15","0","0","0",""
"01117","Swannanoa Volunteer Fire Department","103 South AVE","","SWANNANOA","NC","28778","103 South AVE","","","Swannanoa","NC","28778-3035","828-686-3335","828-686-7273","Buncombe","Mostly volunteer","Local (includes career, combination, and volunteer fire departments and fire districts)","http://www.svfd.net/","2","17","9","12","0","1","Yes"
"06717","Swansboro Fire Department","609 W Corbett AVE","","Swansboro","NC","28584","601 W Corbett AVE","","","Swansboro","NC","28584-8451","910-326-5908","910-326-4329","Onslow","Mostly career","Local (includes career, combination, and volunteer fire departments and fire districts)","https://swansboro-nc.org/departments/fire/","1","25","0","13","0","4","Yes"
"00112","Swepsonville Volunteer Fire Department","2744 Darrell Newton DR","","Graham","NC","27253","2744 Darrell Newton DR","","","Graham","NC","27253-9887","336-578-1500","336-578-1900","Alamance","Mostly volunteer","Local (includes career, combination, and volunteer fire departments and fire districts)","swepsonvillefire.org","2","7","52","0","0","0","No"
"09217","Swift Creek Fire Department, Inc.","5825 Tryon RD","","Cary","NC","27518","5825 Tryon RD","","","Cary","NC","27518-9311","919-851-1324","919-851-4620","Wake","Volunteer","Local (includes career, combination, and volunteer fire departments and fire districts)","https://www.swiftcreekfire.com/","1","0","40","20","0","0","No"
"05002","Sylva Fire Department","24 Municipal DR","","Sylva","NC","28779","24 Municipal DR","","","Sylva","NC","28779-2606","828-586-2719","828-586-1020","Jackson","Volunteer","Local (includes career, combination, and volunteer fire departments and fire districts)","","1","0","0","36","0","0","No"
"07621","Tabernacle Volunteer Fire Department","8136 US Highway 64 W","","Trinity","NC","27370","8136 US Highway 64 W","","","Trinity","NC","27370-7200","336-476-5115","","Randolph","Mostly volunteer","Local (includes career, combination, and volunteer fire departments and fire districts)","","2","3","34","0","0","18","No"
"02411","Tabor City Fire Department","113 W 4TH ST","","Tabor City","NC","28463","113 W 4TH ST","","","Tabor City","NC","28463-1917","910-653-4160","","Columbus","Mostly volunteer","Local (includes career, combination, and volunteer fire departments and fire districts)","","2","1","0","30","0","0",""
"03309","Tarboro Fire Department","2208 W Howard AVE","","Tarboro","NC","27886-3355","","","PO Box 1174","Tarboro","NC","27886-1174","252-641-4296","252-641-4282","Edgecombe","Mostly career","Local (includes career, combination, and volunteer fire departments and fire districts)","","2","22","0","4","0","0","Yes"
"08216","Taylors Bridge Fire Department, Inc.","6825 Taylors Bridge HWY","","Clinton","NC","28328","6825 Taylors Bridge HWY","","","Clinton","NC","28328","910-592-7512","910-592-7512","Sampson","Volunteer","Local (includes career, combination, and volunteer fire departments and fire districts)","https://www.taylorsbridgefire.org","1","0","28","0","0","0",""
"03115","Teachey Volunteer Fire Department","4900 HWY 117 S","","Teachey","NC","28464-9465","","","PO Box 247","Teachey","NC","28464-0247","910-285-6617","910-285-6617","Duplin","Volunteer","Local (includes career, combination, and volunteer fire departments and fire districts)","","1","0","24","0","0","0",""
"07202","The Belvidere-Chappell Hill Fire Department","143 Drinking Hole RD","","Belvidere","NC","27919","","","PO Box 55","Belvidere","NC","27919-0055","252-297-2166","","Perquimans","Volunteer","Local (includes career, combination, and volunteer fire departments and fire districts)","","1","0","34","0","0","0","No"
"03404","The Clemmons Fire Department","5931 James ST","","Clemmons","NC","27012","","","PO Box 36","Clemmons","NC","27012-0036","336-766-4114","336-766-4292","Forsyth","Mostly volunteer","Local (includes career, combination, and volunteer fire departments and fire districts)","","2","25","40","0","1","28","No"
"05611","The Crooked Creek Township Volunteer Fire Department","367 Cherry Springs RD","PO Box 1927","Old Fort","NC","28762","367 Cherry Springs RD","","PO Box 1927","Old Fort","NC","28762","828-668-7537","828-668-7537","McDowell","Volunteer","Local (includes career, combination, and volunteer fire departments and fire districts)","","1","0","25","0","0","15",""
"09915","The Fall Creek Community Volunteer Fire Department, Inc.","2416 Smithtown RD","","East Bend","NC","27018","2416 Smithtown RD","","","East Bend","NC","27018-8238","336-699-3950","","Yadkin","Volunteer","Local (includes career, combination, and volunteer fire departments and fire districts)","","2","0","43","0","0","0","No"
"07443","The Grifton Community Fire Association, Inc.","6855 Dupont ST","PO Box 910","Grifton","NC","28530","6855 Dupont ST","","PO Box 910","Grifton","NC","28530","252-717-4316","252-524-3657","Pitt","Volunteer","Local (includes career, combination, and volunteer fire departments and fire districts)","https://www.geocities.com/griftonvfd/","1","0","40","0","0","10",""
"01405","The Hudson Volunteer Fire Department, Inc.","122 Mount Herman RD","","Hudson","NC","28638","122 Mount Herman RD","","","Hudson","NC","28638-2332","828-728-3584","828-728-0969","Caldwell","Mostly volunteer","Local (includes career, combination, and volunteer fire departments and fire districts)","","1","8","24","0","0","6","No"
"05905","The Oak City Volunteer Fire Department","100 Commerce ST","PO Box 190","Oak City","NC","27857","","","PO Box 190","Oak City","NC","27857","252-798-3101","252-798-2790","Martin","Volunteer","Local (includes career, combination, and volunteer fire departments and fire districts)","","1","0","26","0","0","6",""
"08506","The Pinnacle Volunteer Fire and Rescue, Inc.","1033 Highbridge RD","PO Box 450","Pinnacle","NC","27043","1033 Highbridge RD","","PO Box 450","Pinnacle","NC","27043","336-368-4545","336-368-4545","Stokes","Volunteer","Local (includes career, combination, and volunteer fire departments and fire districts)","","1","0","29","0","0","12",""
"08507","The Sauratown Volunteer Fire Department, Inc","4578 NC 66 HWY S","","King","NC","27021","4578 NC 66 HWY S","","","King","NC","27021-8006","336-994-2113","336-994-6099","Stokes","Volunteer","Local (includes career, combination, and volunteer fire departments and fire districts)","","1","0","0","30","1","4","No"
"02917","Thomasville Fire Department","712 E Main ST","","Thomasville","NC","27360","712 E Main ST","","","Thomasville","NC","27360-4224","336-475-4293","336-475-5562","Davidson","Career","Local (includes career, combination, and volunteer fire departments and fire districts)","http://www.thomasville-nc.gov/government/fire","4","61","0","0","0","0","Yes"
"09629","Thoroughfare Volunteer Fire Department","157  Herring  RD","","Goldsboro","NC","27530","157  Herring  RD","","PO Box ","Goldsboro","NC","27530","919-689-3507","919-689-3507","Wayne","Volunteer","Local (includes career, combination, and volunteer fire departments and fire districts)","https://www.thoroughfarevfd.com","1","0","25","0","0","0",""
"04212","Tillery Volunteer Fire Department, Inc.","HWY 481","","Tillery","NC","27887","HWY 481","","PO Box 81","Tillery","NC","27887","252-826-2434","","Halifax","Volunteer","Other","","0","0","23","0","0","0",""
"07303","Timberlake Fire & Rescue","350 Ashley AVE","","Timberlake","NC","27583","","","PO Box 25","Timberlake","NC","27583-0025","336-364-1681","336-364-4028","Person","Volunteer","Local (includes career, combination, and volunteer fire departments and fire districts)","","1","0","37","0","0","0","No"
"00914","Tobermony Volunteer Fire Department","1759 Pages Lake RD","","Saint Pauls","NC","28384-9516","1759 Pages Lake RD","","","Saint Pauls","NC","28384-9516","910-865-1542","910-865-1542","Bladen","Volunteer","Local (includes career, combination, and volunteer fire departments and fire districts)","","1","0","20","0","0","0",""
"09817","Toisnot Rural Fire Department","110 W Main ST","PO Box 356","Elm City","NC","27822","","","PO Box 356","Elm City","NC","27822","252-236-4009","252-236-4162","Wilson","Volunteer","Local (includes career, combination, and volunteer fire departments and fire districts)","","1","0","23","0","0","0",""
"07110","Topsail Beach Fire Department","816 S Anderson BLVD","","Top Sail Beach","NC","28445","820 S Anderson BLVD","","","Top Sail Beach","NC","28445-6948","910-328-2980","910-328-1666","Pender","Volunteer","Local (includes career, combination, and volunteer fire departments and fire districts)","https://www.topsailbeach.org/Departments/Fire/tabid/117/Default.aspx","1","1","221","0","0","0",""
"03915","Total Community Fire Department of Berea","1213 US Highway 158","","Oxford","NC","27565","1213 US Highway 158","","","Oxford","NC","27565-5505","919-690-4765","919-690-4765","Granville","Volunteer","Local (includes career, combination, and volunteer fire departments and fire districts)","","1","0","29","0","0","2","Yes"
"03610","Town of Dallas Volunteer Fire Department","209 W Main ST","","Dallas","NC","28034","210 N Holland ST","","","Dallas","NC","28034-1625","704-922-7736","704-923-8167","Gaston","Volunteer","Local (includes career, combination, and volunteer fire departments and fire districts)","","1","0","3","25","0","0","Yes"
"08054","Town of Faith Fire Department","1005 Raney ST","","Faith","NC","28041","","","PO Box 37","Faith","NC","28041-0037","704-279-4154","704-279-4569","Rowan","Mostly volunteer","Local (includes career, combination, and volunteer fire departments and fire districts)","","1","1","29","0","0","0","Yes"
"07418","Town of Farmville Fire Department","3713 N Main ST","","Farmville","NC","27828","","","PO Box 86","Farmville","NC","27828-0086","252-753-2618","252-753-8186","Pitt","Volunteer","Local (includes career, combination, and volunteer fire departments and fire districts)","","1","0","38","0","0","0",""
"01306","Town of Harrisburg Fire Department","6450 Morehead RD","","Harrisburg","NC","28075","6450 Morehead RD","","","Harrisburg","NC","28075","704-455-3574","704-455-6391","Cabarrus","Mostly volunteer","Local (includes career, combination, and volunteer fire departments and fire districts)","https://www.harrisburgfiredepartment.com","2","20","14","19","1","0",""
"02610","Town of Hope Mills Fire Department","5788 Rockfish RD","","Hope Mills","NC","28348","5788 Rockfish RD","","","Hope Mills","NC","28348-1848","910-424-0948","910-424-4566","Cumberland","Mostly career","Local (includes career, combination, and volunteer fire departments and fire districts)","https://192.185.183.29/~hope/index.php/departments/fire","1","34","0","8","2","0","No"
"02805","Town of Kitty Hawk Fire Department","859 W Kitty Hawk Road RD","PO Box 549","Kitty Hawk","NC","27949","","","PO Box 549","Kitty Hawk","NC","27949-0549","252-261-2666","252-261-6491","Dare","Mostly volunteer","Local (includes career, combination, and volunteer fire departments and fire districts)","https://www.kittyhawkfd.com/","1","9","13","19","1","2","Yes"
"01005","Town of Leland Fire/Rescue Department","1379 River RD","","Winnabow","NC","28479","102 Town Hall DR","","","LELAND","NC","28451-8445","910-371-2727","910-371-1838","Brunswick","Mostly career","Local (includes career, combination, and volunteer fire departments and fire districts)","https://www.townofleland.com/fire","3","33","10","0","1","6","No"
"01311","Town of Mount Pleasant","1415 N Main St","","Mount Pleasant","NC","28124","","","PO Box 787","Mount Pleasant","NC","28124-0787","704-436-6314","704-436-8653","Cabarrus","Volunteer","Local (includes career, combination, and volunteer fire departments and fire districts)","","1","0","35","0","0","0","No"
"01007","Town of Ocean Isle Beach Fire Department","105 Causeway DR","","Ocean Isle Beach","NC","28469","105 Causeway DR","","","Ocean Isle Beach","NC","28469-7502","910-579-2804","910-579-2808","Brunswick","Mostly career","Local (includes career, combination, and volunteer fire departments and fire districts)","https://www.oibgov.com/pview.aspx?id=20744&catid=563","1","20","8","0","0","1","No"
"03304","Town of Pinetops Fire Department","101 W Burnette ST","","Pinetops","NC","27864","101 W Burnette ST","","","Pinetops","NC","27864","252-827-4801","252-827-4801","Edgecombe","Volunteer","Local (includes career, combination, and volunteer fire departments and fire districts)","","1","0","30","0","0","0",""
"01008","Town of Shallotte Fire & Rescue Department","125 Wall ST","","Shallotte","NC","28470","","","PO Box 2287","Shallotte","NC","28459-2287","910-754-6262","910-755-6226","Brunswick","Mostly career","Local (includes career, combination, and volunteer fire departments and fire districts)","https://www.townofshallotte.org/fire","3","16","0","7","3","0","No"
"04012","Town Of Snow Hill Fire Civic Town Fire Department","410 SE Second ST","PO Box 384","Snow Hill","NC","28580-0384","410 SE Second ST","","PO Box 384","Snow Hill","NC","28580-0384","252-747-5654","","Greene","Volunteer","Local (includes career, combination, and volunteer fire departments and fire districts)","","1","0","30","0","0","0",""
"08111","Town of Spindale Fire Rescue","125 Reveley ST","","Spindale","NC","28160","","","PO Box 186","Spindale","NC","28160-0186","828-282-3465","828-286-3305","Rutherford","Mostly volunteer","Local (includes career, combination, and volunteer fire departments and fire districts)","https://www.spindalenc.net/","1","4","0","22","0","0","No"
"03116","Town of Wallace Volunteer Fire Department","316 E Murray ST","","Wallace","NC","28466","316 E Murray ST","","","Wallace","NC","28466-2317","910-285-4136","910-285-2099","Duplin","Mostly volunteer","Local (includes career, combination, and volunteer fire departments and fire districts)","","1","1","39","0","0","0","Yes"
"07415","Town of Winterville, Fire-Rescue-EMS","2593 Railroad ST","","Winterville","NC","28590","","","PO Box 1459","Winterville","NC","28590-1459","252-756-2515","252-756-8398","Pitt","Mostly volunteer","Local (includes career, combination, and volunteer fire departments and fire districts)","https://www.wintervillenc.com/","1","1","50","0","1","0","Yes"
"02506","Township Six Fire Department","109 Carolina Pines BLVD","","New Bern","NC","28560","109 Carolina Pines BLVD","","","New Bern","NC","28560-8427","252-447-2500","252-447-2500","Craven","Volunteer","Local (includes career, combination, and volunteer fire departments and fire districts)","","2","0","35","0","0","15",""
"09106","Townsville Volunteer Fire Department","12729 HWY 39 N","","Henderson","NC","27537","","","PO Box 2","Townsville","NC","27584-0002","252-430-1445","252-738-0480","Vance","Volunteer","Local (includes career, combination, and volunteer fire departments and fire districts)","","1","0","26","0","0","0","No"
"","Toyota North Carolina","5938 Julian Airport RD","","Liberty","NC","27298","","","PO Box 5938 Julian Airport RD","Liberty","NC","27298-8038","743-557-6900","","Randolph","Career","Private or industrial fire brigade","","1","21","0","0","4","0","Yes"
"05305","Tramway Rural Fire Department","5900 McDaniel DR","","Sanford","NC","27332","5900 McDaniel DR","","","Sanford","NC","27332-8912","919-776-7031","","Lee","Mostly volunteer","Local (includes career, combination, and volunteer fire departments and fire districts)","https://tramwayfire.com/","1","3","33","0","0","0","No"
"09717","Traphill Volunteer Fire Department, Inc.","8899 Traphill RD","","Traphill","NC","28685","8899 Traphill RD","","","Traphill","NC","28685","336-957-2901","336-957-2901","Wilkes","Volunteer","Local (includes career, combination, and volunteer fire departments and fire districts)","","1","0","31","0","0","0",""
"05205","Trenton Volunteer Fire Department","105 Cherry ST","","Trenton","NC","28585","","","PO Box 309","Trenton","NC","28585-0309","252-448-2646","","Jones","Volunteer","Local (includes career, combination, and volunteer fire departments and fire districts)","https://www.trentonvfd.com/","1","0","26","0","0","0",""
"01012","Tri Beach Volunteer Fire Department","854 Sabbath Home RD SW","","Supply","NC","28462","854 Sabbath Home RD SW","","","Supply","NC","28462-5350","910-842-2333","910-842-5493","Brunswick","Mostly career","Local (includes career, combination, and volunteer fire departments and fire districts)","","3","26","14","0","0","1","No"
"02513","Tri-Community Volunteer Fire Department","200 Saints Delight Church RD","","New Bern","NC","28560","200 Saints Delight Church RD","","","New Bern","NC","28560-9253","252-633-3200","252-635-5021","Craven","Volunteer","Local (includes career, combination, and volunteer fire departments and fire districts)","","4","0","64","0","0","0","No"
"06904","Triangle Volunteer Fire Department","PO Box 128","","Bayboro","NC","28515","","","PO Box 128","Bayboro","NC","28515","252-745-5645","252-745-5645","Pamlico","Volunteer","Private or industrial fire brigade","","1","0","21","0","0","1",""
"04910","Trinity Volunteer Fire Department","2968 Wilkesboro HWY","","Statesville","NC","28625","2968 Wilkesboro HWY","","","Statesville","NC","28625-8184","704-876-3646","704-876-3693","Iredell","Volunteer","Local (includes career, combination, and volunteer fire departments and fire districts)","","2","0","48","0","0","0","No"
"01267","Triple Community Fire Department, Inc.","505 Mountain View DR","","Morganton","NC","28655","505 Mountain View DR","","","Morganton","NC","28655-8925","828-437-4506","828-437-4193","Burke","Mostly volunteer","Local (includes career, combination, and volunteer fire departments and fire districts)","https://www.triplecommunityfiredept.com/","1","1","0","20","0","6","No"
"07305","Triple Springs Volunteer Fire Department","185 Olive Branch RD","","Roxboro","NC","27574","185 Olive Branch RD","","","Roxboro","NC","27574","336-599-1224","336-599-8792","Person","Volunteer","Local (includes career, combination, and volunteer fire departments and fire districts)","","1","0","22","0","0","0",""
"04911","Troutman Fire Department, Inc.","125 N Main ST","","Troutman","NC","28166","","","PO Box 22","Troutman","NC","28166-0022","704-528-4576","","Iredell","Mostly career","Local (includes career, combination, and volunteer fire departments and fire districts)","","3","29","0","22","1","3","No"
"06201","Troy Fire Department","","","Troy","NC","27371","315 N Main ST","","","Troy","NC","27371-3017","910-576-2411","910-576-2550","Montgomery","Volunteer","Local (includes career, combination, and volunteer fire departments and fire districts)","","1","0","24","0","0","0","Yes"
"07506","Tryon Fire Department","56 W Howard ST","","Tryon","NC","28782","56 W Howard ST","","","Tryon","NC","28782-3182","828-859-9566","828-859-0356","Polk","Mostly volunteer","Local (includes career, combination, and volunteer fire departments and fire districts)","","1","1","31","0","0","0","No"
"03627","Tryonota Volunteer Fire Department","2577 Tryon Courthouse RD","","Bessemer City","NC","28016-7645","2577 Tryon Courthouse RD","","","Bessemer City","NC","28016-7645","704-629-2100","704-629-9272","Gaston","Volunteer","Local (includes career, combination, and volunteer fire departments and fire districts)","https://www.tryonotafire.com/","2","0","34","9","0","4","Yes"
"06718","Turkey Creek Fire and Rescue, Inc.","115 Tar Landing RD","","Holly Ridge","NC","28445","115 Tar Landing RD","","","Holly Ridge","NC","28445-7663","910-327-7221","910-327-2978","Onslow","Volunteer","Local (includes career, combination, and volunteer fire departments and fire districts)","turkeycreekfirerescue.org","2","0","52","0","0","0","No"
"02920","Tyro Rural Fire Department","4645 S NC Highway 150","","Lexington","NC","27295","4645 S NC Highway 150","","","Lexington","NC","27295-8026","336-853-6050","336-853-2384","Davidson","Volunteer","Local (includes career, combination, and volunteer fire departments and fire districts)","www.tyrofd.com","1","0","0","30","0","11","No"
"08901","Tyrrell Volunteer Fire Department, Inc.","618 N Road ST","PO Box 45","Columbia","NC","27925","618 N Road ST","","PO Box 45","Columbia","NC","27925","252-796-1711","252-796-1711","Tyrrell","Volunteer","Local (includes career, combination, and volunteer fire departments and fire districts)","","6","0","64","0","0","2",""
"07614","Ulah Volunteer Fire Protective Association","2067 Pisgah Covered Bridge RD","","Asheboro","NC","27205","2067 Pisgah Covered Bridge RD","","","Asheboro","NC","27205-9336","336-629-1966","336-629-2556","Randolph","Mostly volunteer","Local (includes career, combination, and volunteer fire departments and fire districts)","","3","6","0","26","0","0","Yes"
"02014","Unaka Volunteer Fire Department","14949 Joe Brown HWY","","Murphy","NC","28906","14949 Joe Brown HWY","","","Murphy","NC","28906-5570","828-835-8103","828-835-8103","Cherokee","Volunteer","Local (includes career, combination, and volunteer fire departments and fire districts)","","1","0","25","0","0","5","No"
"03420","Union Cross Fire Rescue","4401 High Point RD","","Kernersville","NC","27284","4401 High Point RD","","","Kernersville","NC","27284-9157","336-769-9051","336-769-9051","Forsyth","Mostly volunteer","Local (includes career, combination, and volunteer fire departments and fire districts)","","1","14","16","0","0","0","Yes"
"04912","Union Grove Volunteer Fire Department","1869 W Memorial HWY","","Union Grove","NC","28689","","","PO Box 189","Union Grove","NC","28689-0189","704-539-4400","704-539-4732","Iredell","Volunteer","Local (includes career, combination, and volunteer fire departments and fire districts)","https://www.uniongrovevfd.org/","1","0","30","9","0","6","No"
"08112","Union Mills Volunteer Fire Department","6791 Hudlow RD","","Union Mills","NC","28167","6791 Hudlow RD","","","Union Mills","NC","28167-9558","828-287-7118","","Rutherford","Volunteer","Local (includes career, combination, and volunteer fire departments and fire districts)","https://www.unionmillsvfd.org","1","0","19","0","0","0","Yes"
"03628","Union Road Volunteer Fire Department","4060 Union RD","","Gastonia","NC","28056","4060 Union RD","","","Gastonia","NC","28056","704-865-2611","","Gaston","Volunteer","Local (includes career, combination, and volunteer fire departments and fire districts)","https://www.unionroadvfd.com/","1","0","32","0","0","0",""
"04609","Union Rural Volunteer Fire Department of Hertford County, Inc.","103 Union RD","","Ahoskie","NC","27910","103 Union RD","","","Ahoskie","NC","27910","252-332-7653","","Hertford","Volunteer","Local (includes career, combination, and volunteer fire departments and fire districts)","","1","0","18","0","0","0",""
"08076","Union Volunteer Fire Department","1470 Union Church RD","","Salisbury","NC","28146","1470 Union Church RD","","","Salisbury","NC","28146-7980","704-633-5876","704-633-5876","Rowan","Volunteer","Local (includes career, combination, and volunteer fire departments and fire districts)","","1","0","31","0","0","0","No"
"05510","Union Volunteer Fire Department of Vale","5760 Reepsville RD","","Vale","NC","28168","5760 Reepsville RD","","","Vale","NC","28168-9648","704-276-2944","704-276-2921","Lincoln","Volunteer","Local (includes career, combination, and volunteer fire departments and fire districts)","www.unionvfd.com","2","0","34","6","1","2","Yes"
"01119","Upper Hominy Volunteer Fire & Rescue Department, Inc.","1750 Pisgah HWY","","Candler","NC","28715","","","PO Box 190","Candler","NC","28715-0190","828-667-1324","828-667-8045","Buncombe","Volunteer","Local (includes career, combination, and volunteer fire departments and fire districts)","","2","0","18","11","1","7",""
"CG004","USCG Base Elizabeth City Fire & Emergency Services","1664 Weeksville RD","BLDG 97","Elizabeth City","NC","27909-6701","1664 Weeksville RD","BLDG 97","","Elizabeth City","NC","27909-6701","252-335-6257","252-335-6664","Pasquotank","Career","Federal government (Department of Defense fire department)","https://cg.portal.uscg.mil/units/dol/dol-3/BEC/F/SitePages/Fire%20Safety%20Division.aspx","1","23","0","0","23","0","Yes"
"06208","Uwharrie Volunteer Fire Department, Inc.","3147 HWY 109 N","","Troy","NC","27371","3147 HWY 109 N","","","Troy","NC","27371","910-572-3838","910-572-3838","Montgomery","Volunteer","Local (includes career, combination, and volunteer fire departments and fire districts)","","1","0","26","0","0","24",""
"01260","Valdese Fire Department","121 Faet ST SW","","Valdese","NC","28690","","","PO Box 339","Valdese","NC","28690-0339","828-879-2103","828-879-2106","Burke","Mostly volunteer","Local (includes career, combination, and volunteer fire departments and fire districts)","https://www.valdese.com/","1","8","0","18","1","0","Yes"
"04512","Valley Hill Fire and Rescue","1675 Willow RD","","Hendersonville","NC","28739","1675 Willow RD","","","Hendersonville","NC","28739-8588","828-692-2581","828-692-3196","Henderson","Mostly volunteer","Local (includes career, combination, and volunteer fire departments and fire districts)","www.valleyhillfire.com","3","10","40","0","0","0",""
"02005","Valleytown Fire Rescue Department","PO Box 1396","","Andrews","NC","28901-1396","","","PO Box 1396","Andrews","NC","28901-1396","828-321-3707","","Cherokee","Volunteer","Contract fire department","","3","0","40","0","0","0","Yes"
"01412","Valmead Fire & Rescue","1757 Main ST NW","","Lenoir","NC","28645-3955","1757 Main ST NW","","","Lenoir","NC","28645-3955","828-754-3567","","Caldwell","Volunteer","Local (includes career, combination, and volunteer fire departments and fire districts)","","1","0","35","0","0","5",""
"09107","Vance County Fire Department","188 Bickett ST","","Henderson","NC","27536","188 Bickett ST","","","Henderson","NC","27536-2756","252-438-6656","","Vance","Mostly career","Local (includes career, combination, and volunteer fire departments and fire districts)","","2","16","0","15","0","0","No"
"06906","Vandemere Fire Department, Inc","1044 Pennsylvania AVE","","Vandemere","NC","28587","","","PO Box 326","Vandemere","NC","28587","252-671-2152","","Pamlico","Volunteer","Local (includes career, combination, and volunteer fire departments and fire districts)","","1","0","22","0","0","5",""
"02620","Vander Fire Department","3509 Clinton RD","","Fayetteville","NC","28312","3509 Clinton RD","","","Fayetteville","NC","28312-6149","910-483-5042","910-483-7814","Cumberland","Mostly volunteer","Local (includes career, combination, and volunteer fire departments and fire districts)","","2","3","10","30","0","3","No"
"08213","Vann Crossroads Fire Department","4550 Church RD","","Newton Grove","NC","28366","4550 Church RD","","","Newton Grove","NC","28366","910-594-1093","910-594-1093","Sampson","Volunteer","Local (includes career, combination, and volunteer fire departments and fire districts)","","1","0","25","0","0","0",""
"03421","Vienna Volunteer Fire Department Inc","6328 Yadkinville RD","","Pfafftown","NC","27040","6328 Yadkinville RD","","","Pfafftown","NC","27040-8537","336-945-5631","336-945-6941","Forsyth","Mostly volunteer","Local (includes career, combination, and volunteer fire departments and fire districts)","","2","7","36","0","1","9","No"
"01015","Waccamaw Volunteer Fire & Rescue","4045 Whiteville RD NW","","Ash","NC","28420","","","PO Box 87","Ash","NC","28420","910-287-3380","910-287-3651","Brunswick","Mostly volunteer","Local (includes career, combination, and volunteer fire departments and fire districts)","","1","1","26","0","0","16",""
"02316","Waco Community Fire Department","421 S Main ST","","Waco","NC","28169","","","PO Box 370","Waco","NC","28169-0370","704-435-3212","704-435-0209","Cleveland","Volunteer","Local (includes career, combination, and volunteer fire departments and fire districts)","wacovfd.org","1","0","0","30","0","0","Yes"
"02621","Wade Community Fire Department","7130 Powell ST","","Wade","NC","28395","7130 Powell ST","","","Wade","NC","28395-8676","910-483-2353","","Cumberland","Volunteer","Local (includes career, combination, and volunteer fire departments and fire districts)","","1","0","5","27","0","5","No"
"00407","Wadesboro Fire Department","205 E Morgan ST","","Wadesboro","NC","28170","","","PO Box 697","Wadesboro","NC","28170-0697","704-694-1014","704-694-3112","Anson","Mostly volunteer","Local (includes career, combination, and volunteer fire departments and fire districts)","","1","7","36","0","0","0","No"
"09219","Wake Forest Fire Department","420 Elm AVE","","Wake Forest","NC","27587","420 Elm AVE","","","Wake Forest","NC","27587-2933","919-556-1966","919-556-9274","Wake","Mostly career","Local (includes career, combination, and volunteer fire departments and fire districts)","https://www.wakeforestnc.gov/fire","5","83","0","54","3","0","Yes"
"09221","Wake-New Hope Fire Department","4909 Watkins RD","","Wendell","NC","27591","4909 Watkins RD","","","Wendell","NC","27591-8239","919-266-5882","919-266-6650","Wake","Mostly volunteer","Local (includes career, combination, and volunteer fire departments and fire districts)","https://www.wakenewhopefire.com/","1","16","40","0","1","0","No"
"03422","Walkertown Fire Department","5225 Main ST","","Walkertown","NC","27051","","","PO Box 5225 Main ST","Walkertown","NC","27051-9587","336-595-2121","336-595-9006","Forsyth","Mostly volunteer","Local (includes career, combination, and volunteer fire departments and fire districts)","https://www.walkertownfire.com/","3","1","15","46","1","13","No"
"02921","Wallburg Fire Department, Inc.","121 Georgetown RD","","Winston Salem","NC","27107","","","PO Box 85","Wallburg","NC","27373-0085","336-769-9539","336-769-0488","Davidson","Mostly volunteer","Local (includes career, combination, and volunteer fire departments and fire districts)","","1","4","0","41","0","0","No"
"08510","Walnut Cove Volunteer Fire Department","527 N Main ST","","Walnut Cover","NC","27052","","","PO Box 532","Walnut Cove","NC","27052-0532","336-591-4477","336-591-7133","Stokes","Volunteer","Local (includes career, combination, and volunteer fire departments and fire districts)","www.walnutcovefirerescue.com","1","0","2","31","0","4","Yes"
"02204","Warne Volunteer Fire Department, Inc.","4787 Old HWY 64 W","","Warne","NC","28909-7730","","","PO Box 325","Hayesville","NC","28904-0325","828-389-4083","828-389-4083","Clay","Volunteer","Local (includes career, combination, and volunteer fire departments and fire districts)","","1","0","26","0","0","2",""
"00504","Warrensville Volunteer Fire & Rescue","Highway 88 W","PO Box 207","Warrensville","NC","28693","","","PO Box 207","Warrensville","NC","28693-0207","336-384-3700","336-384-3702","Ashe","Volunteer","Local (includes career, combination, and volunteer fire departments and fire districts)","","1","0","28","0","0","4",""
"09311","Warrenton Rural Volunteer Fire Department","236 S Main ST","","Warrenton","NC","27589","","","PO Box 175","Warrenton","NC","27589-0175","252-257-3741","252-257-3108","Warren","Volunteer","Local (includes career, combination, and volunteer fire departments and fire districts)","","1","0","24","0","0","0","No"
"03117","Warsaw Fire Department","117 W Bay ST","PO Box 483","Warsaw","NC","28398-0483","","","PO Box 483","Warsaw","NC","28398-0483","910-293-4034","","Duplin","Volunteer","Local (includes career, combination, and volunteer fire departments and fire districts)","","1","0","35","0","0","0",""
"09110","Watkins Community Volunteer Fire Department","1590 Horseshoe Bend RD","","Henderson","NC","27537","1590 Horseshoe Bend RD","","","Henderson","NC","27537","252-492-0600","252-738-0466","Vance","Volunteer","Local (includes career, combination, and volunteer fire departments and fire districts)","","1","0","18","0","0","0",""
"09016","Waxhaw Community Volunteer Fire Department & Rescue Squad","3500 Waxhaw PKWY","","Waxhaw","NC","28173","3500 Waxhaw PKWY","","","Waxhaw","NC","28173-5026","704-843-4001","704-843-4362","Union","Mostly volunteer","Private or industrial fire brigade","https://waxhawvfd.org/","2","12","10","42","1","29","No"
"04411","Waynesville Fire Department","1022 N Main ST","","Waynesville","NC","28786","1022 N Main ST","","","Waynesville","NC","28786-3218","828-456-6151","828-456-2001","Haywood","Mostly volunteer","Local (includes career, combination, and volunteer fire departments and fire districts)","https://www.waynesvillefire.org","2","10","0","24","0","0",""
"04914","Wayside Volunteer Fire Department, Inc.","234 Bethesda RD","","Statesville","NC","28677-2734","234 Bethesda RD","","","Statesville","NC","28677-2734","704-872-9421","704-872-4744","Iredell","Mostly volunteer","Local (includes career, combination, and volunteer fire departments and fire districts)","https://waysidevfd.org","2","1","17","13","1","0",""
"01120","Weaverville Fire Department","3 Monticello RD","","Weaverville","NC","28787","","","PO Box 338","Weaverville","NC","28787-0338","828-645-3500","828-658-9868","Buncombe","Career","Local (includes career, combination, and volunteer fire departments and fire districts)","https://weavervillenc.org/town-council-government/fire-department/","1","32","0","0","0","0","No"
"07002","Weekville Volunteer Fire Department","2742 Peartree RD","","Elizabeth City","NC","27909","2742 Peartree RD","","","Elizabeth City","NC","27909-7118","252-333-3222","252-335-1777","Pasquotank","Volunteer","Local (includes career, combination, and volunteer fire departments and fire districts)","","2","0","34","0","0","0","No"
"02922","Welcome Fire Department","287 N Leonard RD","","Lexington","NC","27295","","","PO Box 251","Welcome","NC","27374-0251","336-793-7310","","Davidson","Volunteer","Local (includes career, combination, and volunteer fire departments and fire districts)","https://welcomefire.com/","1","0","0","57","0","9","Yes"
"04210","Weldon Fire Department","201 Sycamore ST","","Weldon","NC","27890","201 Sycamore ST","","","Weldon","NC","27890-1539","252-536-4655","252-536-4668","Halifax","Mostly volunteer","Local (includes career, combination, and volunteer fire departments and fire districts)","","2","7","17","0","0","0","Yes"
"09222","Wendell Holmes Rural Fire Department","2960 Wendell BLVD","","Wendell","NC","27591-7269","2960 Wendell BLVD","","","Wendell","NC","27591-7269","919-365-3635","","Wake","Mostly career","Local (includes career, combination, and volunteer fire departments and fire districts)","","3","35","22","7","1","2","No"
"07912","Wentworth Volunteer Fire Department","8365 NC Highway 87","","Reidsville","NC","27320","8365 NC Highway 87","","","Reidsville","NC","27320-8898","336-342-2795","336-342-7193","Rockingham","Volunteer","Local (includes career, combination, and volunteer fire departments and fire districts)","","1","0","25","0","0","0","No"
"09020","Wesley Chapel Volunteer Fire Department","315 Waxhaw Indian Trail RD","","Waxhaw","NC","28173","315 Waxhaw Indian Trail RD","","","Waxhaw","NC","28173-7759","704-843-3367","","Union","Mostly volunteer","Local (includes career, combination, and volunteer fire departments and fire districts)","https://www.wesleychapelvfd.org/","2","26","71","0","0","0","No"
"01121","West Buncombe Fire Department","549 Old County Home RD","","Asheville","NC","28806","549 Old County Home RD","","","Asheville","NC","28806-9563","828-254-7387","828-254-9191","Buncombe","Mostly volunteer","Local (includes career, combination, and volunteer fire departments and fire districts)","https://www.wbfd.org/","2","53","30","25","1","0","No"
"03310","West Edgecombe Volunteer Fire Department","4100 Cokey RD","PO Box 2793","Rocky Mount","NC","27802","4100 Cokey RD","","PO Box 2793","Rocky Mount","NC","27802","252-442-5838","252-442-4872","Edgecombe","Volunteer","Local (includes career, combination, and volunteer fire departments and fire districts)","","2","0","37","0","0","0",""
"06361","West End Fire and Rescue","4203 NC Highway 73","","West End","NC","27376","4203 NC Highway 73","","","West End","NC","27376-9142","910-673-0905","","Moore","Mostly volunteer","Local (includes career, combination, and volunteer fire departments and fire districts)","www.wefd61.org","2","6","38","0","0","0","Yes"
"01277","West End Volunteer Fire Department","3776 Jamestown RD","","Morganton","NC","28655","3776 Jamestown RD","","","Morganton","NC","28655-9125","828-584-3160","","Burke","Volunteer","Local (includes career, combination, and volunteer fire departments and fire districts)","","3","0","39","0","0","0","No"
"04705","West Hoke Fire Department","6650 Turnpike RD","","Raeford","NC","28376-7479","6650 Turnpike RD","","","Raeford","NC","28376-7479","910-848-6933","910-848-6933","Hoke","Volunteer","Local (includes career, combination, and volunteer fire departments and fire districts)","","1","0","31","0","0","0","Yes"
"04913","West Iredell Fire Department","2136 Old Mountain RD","","Statesville","NC","28625","2136 Old Mountain RD","","","Statesville","NC","28625-1631","704-872-3947","704-872-7658","Iredell","Mostly volunteer","Local (includes career, combination, and volunteer fire departments and fire districts)","","2","15","0","23","0","0","Yes"
"02923","West Lexington Volunteer Fire & Rescue Department, Inc.","1600 W Center Street EXT","","Lexington","NC","27295","","","PO Box 1654","Lexington","NC","27293-1654","336-248-2120","336-248-6249","Davidson","Mostly volunteer","Local (includes career, combination, and volunteer fire departments and fire districts)","","1","12","23","0","0","1","No"
"05708","West Macon Fire & Rescue, Inc.","45 No Name RD","","Franklin","NC","28734","45 No Name RD","","","Franklin","NC","28734","828-524-5925","828-524-1829","Macon","Mostly volunteer","Local (includes career, combination, and volunteer fire departments and fire districts)","","1","1","30","0","0","7",""
"06413","West Mount Volunteer Fire Department","7955 W Mount DR","","Rocky Mount","NC","27803","7955 W Mount DR","","","Rocky Mount","NC","27803-4403","252-937-4741","252-937-4656","Nash","Mostly volunteer","Contract fire department","https://www.wmvfd4.com","1","3","36","0","0","5","Yes"
"02557","West of New Bern Fire Department","900 Chelsea RD","","New Bern","NC","28562","900 Chelsea RD","","","New Bern","NC","28562","252-638-1119","252-638-2529","Craven","Volunteer","Local (includes career, combination, and volunteer fire departments and fire districts)","","3","0","49","0","0","10",""
"08001","West Rowan Volunteer Fire Department, Inc.","2840 Graham RD","","Mount Ulla","NC","28125-7742","2840 Graham RD","","","Mount Ulla","NC","28125-7742","704-278-0120","704-278-0120","Rowan","Volunteer","Local (includes career, combination, and volunteer fire departments and fire districts)","","4","0","44","0","0","15",""
"05306","West Sanford Rural Volunteer Fire Department","804 Cumnock RD","","Sanford","NC","27330-0506","804 Cumnock RD","","","Sanford","NC","27330-0506","919-774-8854","919-775-7719","Lee","Volunteer","Local (includes career, combination, and volunteer fire departments and fire districts)","","1","0","24","0","0","0",""
"08703","West Swain Fire Department Inc.","114 Needmore RD","","Almond","NC","28702","","","PO Box 117","Almond","NC","28702-0117","828-488-2269","828-488-6322","Swain","Volunteer","Local (includes career, combination, and volunteer fire departments and fire districts)","","2","0","28","0","0","18","No"
"09918","West Yadkin Fire Department","3205 US 21 HWY","","Hamptonville","NC","27020","3205 US 21 HWY","","","Hamptonville","NC","27020-7307","336-468-2844","336-468-4654","Yadkin","Mostly volunteer","Local (includes career, combination, and volunteer fire departments and fire districts)","https://msfes.net/westyadkin/","1","2","33","0","0","5","No"
"02622","Westarea Volunteer Fire Department","8716 E Reeves Bridge RD","","Linden","NC","28356","8716 E Reeves Bridge RD","","","Linden","NC","28356-9194","910-822-0901","910-822-0440","Cumberland","Volunteer","Contract fire department","","3","0","60","12","1","6","Yes"
"01612","Western Carteret Fire & EMS Department, Inc.","140 Sherwood AVE","","Cedar Point","NC","28584","140 Sherwood AVE","","","Cedar Point","NC","28584","252-393-8301","252-393-6599","Carteret","Mostly volunteer","Private or industrial fire brigade","","1","26","13","18","1","3",""
"09229","Western Wake Fire Rescue","4021 District DR","","Raleigh","NC","27607","4021 District DR","","","Raleigh","NC","27607-6471","919-836-1900","919-834-2944","Wake","Volunteer","Local (includes career, combination, and volunteer fire departments and fire districts)","https://www.wake.gov/events/western-wake-fire-rescue-march-8th-2021-0700pm","1","0","7","42","0","3","No"
"08673","Westfield Volunteer Fire Department","3386 Old Westfield RD","","Pilot MTN","NC","27041","170","","","Westfield","NC","27053-0170","336-351-2576","","Stokes","Volunteer","Local (includes career, combination, and volunteer fire departments and fire districts)","https://westfieldvfd.com/","1","0","28","0","0","2","Yes"
"06314","Westmoore Volunteer Fire Protective Association, Inc.","1211 Dover Church RD","","Seagrove","NC","27341","1211 Dover Church RD","","","Seagrove","NC","27341-7225","910-464-2367","910-464-4691","Moore","Mostly volunteer","Local (includes career, combination, and volunteer fire departments and fire districts)","","1","2","0","22","1","1","No"
"07615","Westside Volunteer Fire & Rescue Department","225 Westside CIR","","Asheboro","NC","27205","","","PO Box 3217","Asheboro","NC","27204-3217","336-629-0802","336-629-4843","Randolph","Mostly volunteer","Local (includes career, combination, and volunteer fire departments and fire districts)","","2","1","37","0","0","0",""
"06351","Whispering Pines Fire Rescue Department","16 Hardee LN","","Whispering Pines","NC","28327","16 Hardee LN","","","Whispering Pines","NC","28327-9382","910-949-2400","","Moore","Mostly volunteer","Local (includes career, combination, and volunteer fire departments and fire districts)","https://www.vwpnc.org/pview.aspx?id=20693&catid=557","1","3","0","36","0","0","Yes"
"06414","Whitakers Volunteer Fire Department, Inc.","104 SW Railroad ST","","Whitakers","NC","27891","","","PO Box 8","Whitakers","NC","27891-0008","252-437-0748","252-437-0247","Nash","Volunteer","Local (includes career, combination, and volunteer fire departments and fire districts)","","1","0","23","0","0","0","No"
"06810","White Cross Volunteer Fire Department Inc","5722 Old Greensboro RD","","Chapel Hill","NC","27516-5025","5722 Old Greensboro RD","","","Chapel Hill","NC","27516-5025","919-942-1194","919-942-9733","Orange","Mostly volunteer","Local (includes career, combination, and volunteer fire departments and fire districts)","https://wwwwhitecrossfire.com/","2","4","27","0","0","8","No"
"00906","White Lake Volunteer Fire Department","1859 White Lake DR","","Elizabethtown","NC","28337","1879 White Lake DR PMB 7250","","","Elizabethtown","NC","28337-6280","910-862-7363","910-862-3816","Bladen","Mostly volunteer","Local (includes career, combination, and volunteer fire departments and fire districts)","","1","1","38","0","0","3","Yes"
"03504","White Level Volunteer Fire Department","2465 White Level RD","","Louisburg","NC","27549","2465 White Level RD","","","Louisburg","NC","27549-8105","919-853-3550","919-853-9962","Franklin","Volunteer","Local (includes career, combination, and volunteer fire departments and fire districts)","","1","0","38","0","0","0","Yes"
"02415","White Marsh-Welches Creek Community Volunteer Fire Department","45 Millie Christine RD","","Whiteville","NC","28472","45 Millie Christine RD","","","Whiteville","NC","28472-6049","910-642-6884","910-642-6884","Columbus","Volunteer","Local (includes career, combination, and volunteer fire departments and fire districts)","","1","0","22","0","0","0","No"
"00912","White Oak Fire Department","10838 NC 53","PO Box 130","White Oak","NC","28399","10838 NC 53","PO Box 130","PO Box ","White Oak","NC","28399","910-866-4160","","Bladen","Volunteer","Local (includes career, combination, and volunteer fire departments and fire districts)","","1","0","25","0","0","1",""
"06720","White Oak Volunteer Fire Department","1400 Old 30 RD","","Maysville","NC","28555-9279","1400 Old 30 RD","","","Maysville","NC","28555-9279","910-743-1591","","Onslow","Volunteer","Local (includes career, combination, and volunteer fire departments and fire districts)","","1","0","28","0","0","3",""
"08678","White Plains Fire Department","801 Old HWY 601","","White Plains","NC","27030","","","PO Box 7010","Mount Airy","NC","27030-7010","336-789-5311","","Surry","Volunteer","Local (includes career, combination, and volunteer fire departments and fire districts)","","1","0","28","0","0","0",""
"02412","Whiteville Fire Department","120 E Columbus ST","","Whiteville","NC","28472","120 E Columbus ST","","","Whiteville","NC","28472-4104","910-642-3112","910-642-3111","Columbus","Mostly volunteer","Local (includes career, combination, and volunteer fire departments and fire districts)","https://www.whitevillenc.gov/fire-department","1","10","0","14","0","0","Yes"
"04126","Whitsett Fire Department","809 N. C. 61 HWY","PO Box 148","Whitsett","NC","27377","809 N. C. 61 HWY","PO Box 148","","Whitsett","NC","27377","336-449-7811","335-449-5032","Guilford","Mostly volunteer","Local (includes career, combination, and volunteer fire departments and fire districts)","","1","1","19","4","0","0",""
"09728","Wilbar Fire Department","10034 N NC HWY 16","","Millers Creek","NC","28651","","","PO Box 178","Millers Creek","NC","28651-0178","336-667-1547","336-667-1547","Wilkes","Volunteer","Local (includes career, combination, and volunteer fire departments and fire districts)","","2","0","30","0","0","0",""
"01658","Wildwood Fire & Rescue Inc.","5291 HWY 70 W","","Morehead City","NC","28557-4507","5291 HWY 70 W","","","Morehead City","NC","28557-4507","252-777-4620","252-777-4621","Carteret","Mostly volunteer","Local (includes career, combination, and volunteer fire departments and fire districts)","","1","18","19","10","1","0","Yes"
"09706","Wilkes Goshen Volunteer Fire Department","5450 W NC Highway 268","","Wilkesboro","NC","28697","5450 W NC Highway 268","","","Wilkesboro","NC","28697-9436","336-921-3417","","Wilkes","Volunteer","Local (includes career, combination, and volunteer fire departments and fire districts)","","1","0","22","0","0","0",""
"09721","Wilkes-Iredell Volunteer Fire Department","119 Nicholson Hill Drive DR","","Union Grove","NC","28689","119 Nicholson Hill Drive DR","","","Union Grove","NC","28689","336-984-2801","336-984-2801","Wilkes","Volunteer","Local (includes career, combination, and volunteer fire departments and fire districts)","","1","0","25","0","0","20",""
"09716","Wilkesboro Fire Department","400 S Cherry ST","PO Box 1056","Wilkesboro","NC","28697","400 S Cherry ST","PO Box 1056","PO Box ","Wilkesboro","NC","28697","336-667-6228","336-903-1820","Wilkes","Volunteer","Local (includes career, combination, and volunteer fire departments and fire districts)","","2","0","0","35","0","0",""
"03017","William R. Davie Fire Department","3401 US HWY 601 N","","Mocksville","NC","27028-6259","","","PO Box 934","Mocksville","NC","27028-0934","336-492-7772","336-492-5948","Davie","Volunteer","Local (includes career, combination, and volunteer fire departments and fire districts)","","1","0","32","0","0","2",""
"02413","Williams Township Community Fire Department","1655 F M Cartret Road","","Whiteville","NC","28472","1655 F M Cartret RD","","","Whiteville","NC","28472-7655","910-653-6447","910-653-6447","Columbus","Volunteer","Local (includes career, combination, and volunteer fire departments and fire districts)","","2","0","32","0","0","0","No"
"07913","Williamsburg Fire and Rescue","175 Williamsburg RD","","Reidsville","NC","27320-8137","175 Williamsburg RD","","","Reidsville","NC","27320-8137","336-342-2429","336-342-7793","Rockingham","Mostly volunteer","Local (includes career, combination, and volunteer fire departments and fire districts)","","1","7","26","0","0","10",""
"05907","Williamston Fire Rescue EMS Department","901 Washington ST","","Williamston","NC","27892","","","PO Box 602","Williamston","NC","27892-0602","252-792-3521","252-792-3478","Martin","Mostly volunteer","Local (includes career, combination, and volunteer fire departments and fire districts)","http://williamstonfirerescue.net/","1","18","29","0","0","12","No"
"06508","Wilmington Fire Department","801 Market ST","","Wilmington","NC","28401","801 Market ST","","PO Box 1210","Wilmington","NC","28401-4730","910-341-7846","910-343-4772","New Hanover","Career","Local (includes career, combination, and volunteer fire departments and fire districts)","https://www.wilmingtonnc.gov/fire_department.aspx","11","209","0","0","11","0","No"
"09810","Wilson Fire/Rescue Services","307 Hines ST W","","Wilson","NC","27893","","","PO Box 10","Wilson","NC","27894-0010","252-399-2891","252-399-2893","Wilson","Career","Local (includes career, combination, and volunteer fire departments and fire districts)","https://www.wilsonnc.org/","5","96","0","0","5","0","Yes"
"05126","Wilson’s Mills Fire/Rescue","145 Fire Department RD","","Clayton","NC","27527","2550 Cleveland RD","","","Smithfield","NC","27577-8289","919-938-3473","919-938-3477","Johnston","Volunteer","Local (includes career, combination, and volunteer fire departments and fire districts)","","2","0","50","10","0","0","No"
"00811","Windsor Fire Department","501 N King ST","","Windsor","NC","27983","501 N King ST","","","Windsor","NC","27983","252-794-3437","","Bertie","Mostly volunteer","Local (includes career, combination, and volunteer fire departments and fire districts)","https://www.windsorfiredepartment.com/","1","1","35","0","0","0",""
"09017","Wingate Volunteer Fire Department","101 W Wilson ST","","Wingate","NC","28174","","","PO Box 404","Wingate","NC","28174-0404","704-233-4137","704-233-0183","Union","Volunteer","Local (includes career, combination, and volunteer fire departments and fire districts)","https://www.townofwingatenc.gov/154/Fire","1","0","0","48","0","0","Yes"
"01013","Winnabow Volunteer Fire Department","15 Green Hill RD NE","","Winnabow","NC","28479","","","PO Box 159","Winnabow","NC","28479-0159","910-253-5505","910-253-5501","Brunswick","Mostly volunteer","Local (includes career, combination, and volunteer fire departments and fire districts)","","2","1","0","39","0","0","Yes"
"07441","Winterville Community Fire Department","2564 Mill ST","","Winterville","NC","28590","2564 Mill ST","","","Winterville","NC","28590-8887","252-321-4041","","Pitt","Volunteer","Local (includes career, combination, and volunteer fire departments and fire districts)","https://www.wcfd41.org/","1","0","33","4","0","0","No"
"04608","Winton Fire Department","503 N Main ST","PO Box 436","Winton","NC","27986","503 N Main ST","","PO Box 436","Winton","NC","27986","252-358-3651","","Hertford","Volunteer","Local (includes career, combination, and volunteer fire departments and fire districts)","","1","0","28","0","0","0",""
"00207","Wittenburg Volunteer Fire Department","77 Wittenburg RD","","Taylorsville","NC","28681","558 Ben Thompson LN","","","Taylorsville","NC","28681-8983","828-632-6641","828-632-6641","Alexander","Volunteer","Local (includes career, combination, and volunteer fire departments and fire districts)","","1","0","27","0","0","5","Yes"
"20213","Wolf Creek Volunteer Fire Department Inc.","18381 West Highway 64","","Murphy","NC","28906","60 Helton RD","","","Murphy","NC","28906","828-494-2299","828-494-2299","Cherokee","Volunteer","Local (includes career, combination, and volunteer fire departments and fire districts)","","1","0","23","0","0","3","Yes"
"02013","Wolfcreek Fire Department, Inc.","40 Helton RD","","Murphy","NC","28906-4573","40 Helton RD","","","Murphy","NC","28906-4573","828-494-7713","828-494-2299","Cherokee","Volunteer","Local (includes career, combination, and volunteer fire departments and fire districts)","","1","0","18","0","0","0",""
"01122","Woodfin Fire Department","20 New ST","","Asheville","NC","28804","","","PO Box 8341","Asheville","NC","28814-8341","828-255-7561","828-255-8250","Buncombe","Mostly career","Local (includes career, combination, and volunteer fire departments and fire districts)","","1","17","8","7","4","0","Yes"
"06607","Woodland Volunteer Fire Department","205 Spruce ST","","Woodland","NC","27897","","","PO Box 502","Woodland","NC","27897-0502","252-377-5766","","Northampton","Volunteer","Local (includes career, combination, and volunteer fire departments and fire districts)","","1","0","35","0","0","0","Yes"
"05610","Woodlawn-Sevier Volunteer Fire Depsrtment","44 N Valley ST","","Marion","NC","28752-5516","44 N Valley ST","","","Marion","NC","28752-5516","828-756-4965","","McDowell","Mostly volunteer","Local (includes career, combination, and volunteer fire departments and fire districts)","","1","1","30","0","0","0","No"
"08077","Woodleaf Volunteer Fire Department","9025 Cool Springs RD","","Woodleaf","NC","27054-9368","","","PO Box 118","Woodleaf","NC","27054-0118","704-278-0077","","Rowan","Volunteer","Local (includes career, combination, and volunteer fire departments and fire districts)","","1","0","27","0","0","0",""
"06511","Wrightsville Beach Fire Department","3 Bob Sawyer DR","","Wrightsville Beach","NC","28480","","","PO Box 626","Wrightsville Beach","NC","28480-0626","910-256-7920","910-256-7924","New Hanover","Mostly volunteer","Local (includes career, combination, and volunteer fire departments and fire districts)","https://townofwrightsvillebeach.com/","1","13","0","24","0","0","Yes"
"05206","Wyse Fork Volunteer Fire Department","6936 Wyse Fork RD","","Dover","NC","28526","6936 Wyse Fork RD","","","Dover","NC","28526-8826","252-527-1122","252-527-1122","Jones","Volunteer","Local (includes career, combination, and volunteer fire departments and fire districts)","","1","0","40","0","0","10","Yes"
"01413","Yadkin Valley Volunteer Fire-Rescue Department, Inc.","2815 NC Highway 268","","Lenoir","NC","28645","","","PO Box 473","Patterson","NC","28661-0473","828-758-7772","828-572-0011","Wilkes","Volunteer","Local (includes career, combination, and volunteer fire departments and fire districts)","","1","0","0","30","0","0","No"
"09912","Yadkinville Volunteer Fire Department","729 N State ST","","Yadkinville","NC","27055","","","PO Box 1340","Yadkinville","NC","27055-1340","336-679-8691","336-679-4055","Yadkin","Mostly volunteer","Local (includes career, combination, and volunteer fire departments and fire districts)","https://yvfd.org/","1","3","51","0","0","0","No"
"07918","Yanceyville Road Volunteer Fire Department","3361 US 158 E","","Reidsville","NC","27320","3361 US 158 E","","","Reidsville","NC","27320","336-342-2556","","Rockingham","Volunteer","Local (includes career, combination, and volunteer fire departments and fire districts)","","1","0","29","0","0","10",""
"01014","Yaupon Beach Volunteer Fire Department","1100 Caswell Beach RD","","Caswell Beach","NC","28465-8437","1100 Caswell Beach RD","","","Caswell Beach","NC","28465-8437","910-278-6797","910-278-6798","Brunswick","Volunteer","Local (includes career, combination, and volunteer fire departments and fire districts)","","1","0","20","10","0","10","No"
"03510","Youngsville Volunteer Fire Department","803 Wheaton AVE","","Youngsville","NC","27596","","","PO Box 238","Youngsville","NC","27596-0238","919-556-6899","919-556-9150","Franklin","Mostly volunteer","Local (includes career, combination, and volunteer fire departments and fire districts)","http://www.yvfd.com/","3","7","58","0","1","0","No"
"09226","Zebulon Fire Department","113 E Vance ST","","Zebulon","NC","27597","113 E Vance ST","","","Zebulon","NC","27597-2837","919-269-6487","919-269-2618","Wake","Mostly career","Local (includes career, combination, and volunteer fire departments and fire districts)","https://www.townofzebulon.org/departments/fire-department","1","21","0","20","0","0","Yes"
"09508","Zionville Volunteer Fire Department","PO Box 6","","Zionville","NC","28698","","","PO Box 6","Zionville","NC","28698","828-297-4812","","Watauga","Volunteer","Local (includes career, combination, and volunteer fire departments and fire districts)","","1","0","35","0","0","7",""
